entity_id,entity_type,event_timestamp,engagement_score,events_1d,events_7d,events_14d,days_since_last_event,hiring_relevance,engagement_velocity,activity_intensity_7d,outcome_label,prediction_v1,prediction_v2,experiment_bucket,experiment_group,experiment_variant,prediction_score,source_type
entity_0192,company,2026-08-22 00:54:00+00:00,0.384579,0,13,15,1.5527777777777778,0.418068,-0.14915999999999996,1.8571428571428572,1,0.2688426247699839,0.2745104500302142,28,control,model-v1,0.2688426247699839,synthetic_demo
entity_0125,candidate,2026-08-22 00:56:00+00:00,0.993231,0,14,42,1.2041666666666666,0.946845,0.08677199999999996,2.0,1,0.7474215909485674,0.7447510048033713,23,control,model-v1,0.7474215909485674,synthetic_demo
entity_0023,candidate,2026-08-22 00:58:00+00:00,0.823608,4,16,21,0.2326388888888889,0.551892,0.11309199999999997,2.2857142857142856,0,0.5555244410940088,0.5497985441233574,23,control,model-v1,0.5555244410940088,synthetic_demo
entity_0088,candidate,2026-08-22 01:00:00+00:00,0.87871,4,20,39,0.13055555555555556,0.64556,0.09093099999999998,2.857142857142857,1,0.6062161413317437,0.601745533924397,22,control,model-v1,0.6062161413317437,synthetic_demo
entity_0045,candidate,2026-08-22 01:01:00+00:00,0.780083,0,8,24,2.045138888888889,0.734378,-0.08927099999999999,1.1428571428571428,1,0.5828676891432614,0.5881119321763708,98,control,model-v1,0.5828676891432614,synthetic_demo
entity_0146,company,2026-08-22 01:02:00+00:00,0.841233,0,12,34,1.1611111111111112,0.812222,0.09945199999999998,1.7142857142857142,1,0.6340569472147416,0.6298330390104727,96,control,model-v1,0.6340569472147416,synthetic_demo
entity_0035,candidate,2026-08-22 01:05:00+00:00,0.277584,4,5,11,0.20069444444444445,0.908468,0.09462199999999998,0.7142857142857143,0,0.3694828366951415,0.36358564551880346,42,control,model-v1,0.3694828366951415,synthetic_demo
entity_0038,candidate,2026-08-22 01:06:00+00:00,0.65552,0,10,29,1.6368055555555556,0.693873,-0.022603999999999957,1.4285714285714286,0,0.4903027707191501,0.4917080198519509,66,control,model-v1,0.4903027707191501,synthetic_demo
entity_0086,candidate,2026-08-22 01:07:00+00:00,0.66472,1,19,29,0.03958333333333333,0.390953,-0.020036000000000054,2.7142857142857144,1,0.3896255903365622,0.39053939808036364,47,control,model-v1,0.3896255903365622,synthetic_demo
entity_0143,company,2026-08-22 01:15:00+00:00,0.570821,1,9,14,0.041666666666666664,0.636349,-0.10919999999999996,1.2857142857142858,1,0.42752039095511823,0.43307729400556094,12,challenger,model-v2,0.43307729400556094,synthetic_demo
entity_0067,candidate,2026-08-22 01:19:00+00:00,0.399809,0,4,14,1.4326388888888888,0.733388,-0.015242999999999951,0.5714285714285714,1,0.3661418275738036,0.36652477767962555,67,control,model-v1,0.3661418275738036,synthetic_demo
entity_0145,company,2026-08-22 01:21:00+00:00,0.758736,0,15,26,3.0965277777777778,0.712164,0.08175100000000002,2.142857142857143,1,0.5802307487686426,0.5763293746681596,18,challenger,model-v2,0.5763293746681596,synthetic_demo
entity_0154,company,2026-08-22 01:24:00+00:00,0.583118,0,3,13,1.4520833333333334,0.555039,0.10620600000000002,0.42857142857142855,1,0.4020501250235262,0.3970441412193316,76,control,model-v1,0.4020501250235262,synthetic_demo
entity_0159,company,2026-08-22 01:24:00+00:00,0.542176,2,11,22,0.058333333333333334,0.729018,0.04606100000000002,1.5714285714285714,0,0.44269688409085795,0.43988002506394785,15,challenger,model-v2,0.43988002506394785,synthetic_demo
entity_0037,candidate,2026-08-22 01:48:00+00:00,0.862011,6,28,57,0.19305555555555556,0.890078,-0.10148600000000008,4.0,1,0.6813975254485499,0.6854417204453331,94,control,model-v1,0.6813975254485499,synthetic_demo
entity_0120,candidate,2026-08-22 01:49:00+00:00,0.945883,0,20,37,2.1840277777777777,0.89865,0.07058200000000003,2.857142857142857,1,0.7309008487598777,0.7284565262959986,77,control,model-v1,0.7309008487598777,synthetic_demo
entity_0192,company,2026-08-22 01:50:00+00:00,0.377323,1,14,16,0.03888888888888889,0.418068,-0.007255999999999985,2.0,0,0.2596010877888522,0.2592412340612697,28,control,model-v1,0.2596010877888522,synthetic_demo
entity_0010,candidate,2026-08-22 01:52:00+00:00,0.639748,4,18,32,0.06041666666666667,0.826775,-0.007083999999999979,2.5714285714285716,1,0.5425409490900189,0.5422162488248947,50,control,model-v1,0.5425409490900189,synthetic_demo
entity_0154,company,2026-08-22 01:56:00+00:00,0.468733,1,4,14,0.022222222222222223,0.555039,-0.11438500000000001,0.5714285714285714,1,0.33380600806183613,0.33904789173000954,76,control,model-v1,0.33380600806183613,synthetic_demo
entity_0146,company,2026-08-22 01:57:00+00:00,0.842158,1,13,35,0.03819444444444445,0.812222,0.0009249999999999536,1.8571428571428572,0,0.6300868405012716,0.6305603721906926,96,control,model-v1,0.6300868405012716,synthetic_demo
entity_0038,candidate,2026-08-22 02:01:00+00:00,0.612086,1,11,30,0.03819444444444445,0.693873,-0.04343399999999997,1.5714285714285714,1,0.4568802649460536,0.4590850949410182,66,control,model-v1,0.4568802649460536,synthetic_demo
entity_0061,candidate,2026-08-22 02:04:00+00:00,0.452034,0,11,29,1.2979166666666666,0.825203,-0.08091600000000004,1.5714285714285714,1,0.42219702606967097,0.42578512592030937,63,control,model-v1,0.42219702606967097,synthetic_demo
entity_0168,company,2026-08-22 02:06:00+00:00,0.462617,0,3,12,4.185416666666667,0.926902,-0.04641199999999995,0.42857142857142855,1,0.4939602192049568,0.4961292129122702,22,control,model-v1,0.4939602192049568,synthetic_demo
entity_0192,company,2026-08-22 02:06:00+00:00,0.36426,2,15,17,0.011111111111111112,0.418068,-0.013063000000000047,2.142857142857143,1,0.2562505283394311,0.25597370259059254,28,control,model-v1,0.2562505283394311,synthetic_demo
entity_0178,company,2026-08-22 02:09:00+00:00,0.77846,0,17,36,1.4131944444444444,0.805549,0.044181000000000026,2.4285714285714284,1,0.6054061274193631,0.6034212959294804,6,permanent_holdout,non_ml_baseline,0.7920045,synthetic_demo
entity_0172,company,2026-08-22 02:25:00+00:00,0.187134,0,2,6,1.2243055555555555,0.729894,-0.13198800000000002,0.2857142857142857,0,0.26314283728780236,0.2677717532782384,42,control,model-v1,0.26314283728780236,synthetic_demo
entity_0103,candidate,2026-08-22 02:32:00+00:00,0.947646,0,8,21,2.276388888888889,0.637277,0.03562799999999999,1.1428571428571428,1,0.645068029684403,0.6445596895176318,69,control,model-v1,0.645068029684403,synthetic_demo
entity_0096,candidate,2026-08-22 02:36:00+00:00,0.483802,0,2,9,2.673611111111111,0.832947,-0.09119499999999997,0.2857142857142857,1,0.4612803031607297,0.46597197059428974,81,control,model-v1,0.4612803031607297,synthetic_demo
entity_0097,candidate,2026-08-22 03:01:00+00:00,0.643439,0,7,13,3.3131944444444446,0.839958,0.07209599999999994,1.0,1,0.5652473032882066,0.5617227253877141,70,control,model-v1,0.5652473032882066,synthetic_demo
entity_0043,candidate,2026-08-22 03:06:00+00:00,0.789169,0,23,35,1.2770833333333333,0.771115,-0.184554,3.2857142857142856,1,0.6096294561266324,0.6188636050054785,69,control,model-v1,0.6096294561266324,synthetic_demo
entity_0101,candidate,2026-08-22 03:19:00+00:00,0.325216,0,11,17,1.09375,0.679492,-0.09025,1.5714285714285714,0,0.31486499385266303,0.3181679519012365,38,control,model-v1,0.31486499385266303,synthetic_demo
entity_0127,candidate,2026-08-22 03:44:00+00:00,0.510143,0,0,3,7.800694444444445,0.773714,0.10994700000000002,0.0,1,0.49518544964428973,0.48945885123075855,2,permanent_holdout,non_ml_baseline,0.6419285,synthetic_demo
entity_0038,candidate,2026-08-22 03:47:00+00:00,0.758624,2,12,31,0.07361111111111111,0.693873,0.14653799999999995,1.7142857142857142,1,0.5454777688222407,0.5380900800696042,66,control,model-v1,0.5454777688222407,synthetic_demo
entity_0198,company,2026-08-22 03:48:00+00:00,0.864955,0,14,30,1.2638888888888888,0.843666,-0.004394999999999927,2.0,1,0.6660745713540087,0.6668707704865501,18,challenger,model-v2,0.6668707704865501,synthetic_demo
entity_0059,candidate,2026-08-22 03:50:00+00:00,0.412542,1,4,6,0.6694444444444444,0.70393,0.12832500000000002,0.5714285714285714,0,0.3692074150568599,0.3625398697549099,50,control,model-v1,0.3692074150568599,synthetic_demo
entity_0069,candidate,2026-08-22 04:00:00+00:00,0.506916,2,8,16,0.73125,0.962872,-0.08435199999999998,1.1428571428571428,1,0.5180382213796362,0.5219243152730636,43,control,model-v1,0.5180382213796362,synthetic_demo
entity_0153,company,2026-08-22 04:00:00+00:00,0.486621,2,10,15,0.47291666666666665,0.68925,-0.08048300000000003,1.4285714285714286,1,0.4059806365333941,0.40953426355008893,37,control,model-v1,0.4059806365333941,synthetic_demo
entity_0083,candidate,2026-08-22 04:02:00+00:00,0.607365,1,11,19,0.44166666666666665,0.418995,-0.07216,1.5714285714285714,0,0.3688353276681535,0.3724371170523201,80,control,model-v1,0.3688353276681535,synthetic_demo
entity_0098,candidate,2026-08-22 04:04:00+00:00,0.852276,4,13,24,0.21805555555555556,0.882429,0.10440000000000005,1.8571428571428572,1,0.6806708035921287,0.6760669894652607,57,control,model-v1,0.6806708035921287,synthetic_demo
entity_0097,candidate,2026-08-22 04:10:00+00:00,0.636479,1,8,14,0.04791666666666667,0.839958,-0.006959999999999966,1.1428571428571428,1,0.5409903860600431,0.5414314909266812,70,control,model-v1,0.5409903860600431,synthetic_demo
entity_0163,company,2026-08-22 04:17:00+00:00,0.657054,0,13,22,3.1979166666666665,0.91545,-0.029478999999999922,1.8571428571428572,1,0.6000798243962018,0.6015116064132592,59,control,model-v1,0.6000798243962018,synthetic_demo
entity_0163,company,2026-08-22 04:25:00+00:00,0.625716,1,14,23,0.005555555555555556,0.91545,-0.03133799999999998,2.0,0,0.5629427030247643,0.564292401974341,59,control,model-v1,0.5629427030247643,synthetic_demo
entity_0110,candidate,2026-08-22 04:26:00+00:00,0.556941,0,1,13,1.8506944444444444,0.976177,-0.019055999999999962,0.14285714285714285,1,0.5454166115743717,0.5465543672628337,43,control,model-v1,0.5454166115743717,synthetic_demo
entity_0127,candidate,2026-08-22 04:29:00+00:00,0.357073,1,1,4,0.03125,0.773714,-0.15307000000000004,0.14285714285714285,0,0.35687025758740165,0.3638306012330754,2,permanent_holdout,non_ml_baseline,0.5653935,synthetic_demo
entity_0002,candidate,2026-08-22 04:33:00+00:00,0.400341,0,1,6,4.038194444444445,0.86445,0.08974700000000002,0.14285714285714285,1,0.43693096419250377,0.43193853800408705,91,control,model-v1,0.43693096419250377,synthetic_demo
entity_0071,candidate,2026-08-22 04:37:00+00:00,0.993027,0,25,43,1.3645833333333333,0.794835,0.04599500000000001,3.5714285714285716,1,0.7177845587638844,0.7163166849550101,19,challenger,model-v2,0.7163166849550101,synthetic_demo
entity_0083,candidate,2026-08-22 05:00:00+00:00,0.593953,2,12,20,0.04027777777777778,0.418995,-0.01341200000000009,1.7142857142857142,1,0.3620499936395395,0.3625779755295266,80,control,model-v1,0.3620499936395395,synthetic_demo
entity_0018,candidate,2026-08-22 05:10:00+00:00,0.346997,0,5,9,2.4625,0.622119,0.11272099999999999,0.7142857142857143,1,0.314516997587857,0.3089366974432605,27,control,model-v1,0.314516997587857,synthetic_demo
entity_0200,company,2026-08-22 05:14:00+00:00,0.919619,0,18,35,1.3909722222222223,0.761143,-0.08038100000000004,2.5714285714285716,1,0.6682014392696585,0.6725654756881813,62,control,model-v1,0.6682014392696585,synthetic_demo
entity_0068,candidate,2026-08-22 05:21:00+00:00,0.44383,2,8,10,0.2076388888888889,0.497299,-0.033028,1.1428571428571428,0,0.3162742371399135,0.3173447947879402,3,permanent_holdout,non_ml_baseline,0.4705645,synthetic_demo
entity_0086,candidate,2026-08-22 05:21:00+00:00,0.806342,2,20,30,0.1763888888888889,0.390953,0.14162200000000003,2.857142857142857,1,0.47451723417531744,0.467314012043135,47,control,model-v1,0.47451723417531744,synthetic_demo
entity_0120,candidate,2026-08-22 05:22:00+00:00,0.944416,1,21,38,0.14791666666666667,0.89865,-0.001466999999999996,3.0,1,0.7210781990077121,0.7215293281438194,77,control,model-v1,0.7210781990077121,synthetic_demo
entity_0032,candidate,2026-08-22 05:26:00+00:00,0.935383,0,18,34,2.2805555555555554,0.476883,-0.010187000000000057,2.5714285714285716,0,0.5826496177438342,0.5840471210054711,65,control,model-v1,0.5826496177438342,synthetic_demo
entity_0111,candidate,2026-08-22 05:28:00+00:00,0.896076,4,23,29,0.23958333333333334,0.554652,-0.008990999999999971,3.2857142857142856,1,0.6006113340148953,0.6011435215551609,29,control,model-v1,0.6006113340148953,synthetic_demo
entity_0178,company,2026-08-22 05:31:00+00:00,0.745761,1,18,37,0.14027777777777778,0.805549,-0.032699000000000034,2.5714285714285716,0,0.5813751007948067,0.5830501277222215,6,permanent_holdout,non_ml_baseline,0.775655,synthetic_demo
entity_0117,candidate,2026-08-22 05:38:00+00:00,0.896906,5,28,51,0.23055555555555557,0.543925,0.06577299999999997,4.0,1,0.5823381928090945,0.57871936276756,37,control,model-v1,0.5823381928090945,synthetic_demo
entity_0028,candidate,2026-08-22 05:44:00+00:00,0.597257,1,8,23,0.2125,0.506009,-0.0033079999999999776,1.1428571428571428,0,0.38305144417698334,0.38333208264222773,76,control,model-v1,0.38305144417698334,synthetic_demo
entity_0045,candidate,2026-08-22 05:53:00+00:00,0.926526,1,9,25,0.20277777777777778,0.734378,0.146443,1.2857142857142858,1,0.6535439990291968,0.6475060157968552,98,control,model-v1,0.6535439990291968,synthetic_demo
entity_0006,candidate,2026-08-22 05:58:00+00:00,0.568112,1,11,16,0.35555555555555557,0.463566,0.041862999999999984,1.5714285714285714,1,0.3663210148073655,0.36419056933865446,39,control,model-v1,0.3663210148073655,synthetic_demo
entity_0086,candidate,2026-08-22 06:00:00+00:00,0.716988,3,21,31,0.027083333333333334,0.390953,-0.08935400000000004,3.0,0,0.42545562599966225,0.4298344962104306,47,control,model-v1,0.42545562599966225,synthetic_demo
entity_0032,candidate,2026-08-22 06:06:00+00:00,0.971273,1,19,35,0.027777777777777776,0.476883,0.03589000000000009,2.7142857142857144,1,0.5901932506755915,0.589233552140295,65,control,model-v1,0.5901932506755915,synthetic_demo
entity_0009,candidate,2026-08-22 06:08:00+00:00,0.94476,0,12,36,4.410416666666666,0.504183,0.13051400000000002,1.7142857142857142,1,0.5999321503114913,0.5944444593447464,49,control,model-v1,0.5999321503114913,synthetic_demo
entity_0036,candidate,2026-08-22 06:09:00+00:00,0.401093,3,13,22,0.3736111111111111,0.963067,0.03528399999999998,1.8571428571428572,0,0.4587209970866497,0.4556427071990546,86,control,model-v1,0.4587209970866497,synthetic_demo
entity_0182,company,2026-08-22 06:11:00+00:00,0.844742,4,23,44,0.37916666666666665,0.88819,-0.155258,3.2857142857142856,1,0.6742912579772269,0.6811898450525552,31,control,model-v1,0.6742912579772269,synthetic_demo
entity_0071,candidate,2026-08-22 06:15:00+00:00,0.987194,1,25,43,0.06805555555555555,0.794835,-0.005832999999999977,3.5714285714285716,1,0.7095482539687206,0.710213314741043,19,challenger,model-v2,0.710213314741043,synthetic_demo
entity_0071,candidate,2026-08-22 06:15:00+00:00,0.902747,2,26,44,0.0,0.794835,-0.08444700000000005,3.7142857142857144,1,0.6700872625339188,0.6740572209959412,19,challenger,model-v2,0.6740572209959412,synthetic_demo
entity_0155,company,2026-08-22 06:18:00+00:00,0.473522,4,14,31,0.35694444444444445,0.593472,0.08368700000000001,2.0,1,0.357088520512153,0.35218115271609546,78,control,model-v1,0.357088520512153,synthetic_demo
entity_0119,candidate,2026-08-22 06:24:00+00:00,0.676332,0,12,22,2.5416666666666665,0.757125,0.07797500000000002,1.7142857142857142,1,0.5454288563169701,0.5415016778986735,91,control,model-v1,0.5454288563169701,synthetic_demo
entity_0012,candidate,2026-08-22 06:25:00+00:00,0.644402,2,14,22,0.5125,0.458486,0.18603400000000003,2.0,1,0.40849417577179203,0.3989838709094042,50,control,model-v1,0.40849417577179203,synthetic_demo
entity_0069,candidate,2026-08-22 06:28:00+00:00,0.617114,3,9,16,0.10277777777777777,0.962872,0.11019800000000002,1.2857142857142858,1,0.581407458605719,0.5754354269168293,43,control,model-v1,0.581407458605719,synthetic_demo
entity_0110,candidate,2026-08-22 06:34:00+00:00,0.667445,1,2,14,0.08888888888888889,0.976177,0.11050399999999994,0.2857142857142857,1,0.5989491693629264,0.5937208553251948,43,control,model-v1,0.5989491693629264,synthetic_demo
entity_0178,company,2026-08-22 06:47:00+00:00,0.845761,2,19,38,0.05277777777777778,0.805549,0.09999999999999998,2.7142857142857144,0,0.6392177426215944,0.6345184248512474,6,permanent_holdout,non_ml_baseline,0.825655,synthetic_demo
entity_0079,candidate,2026-08-22 06:58:00+00:00,0.365665,0,6,10,2.6145833333333335,0.674902,-0.019272999999999985,0.8571428571428571,0,0.34339597103798186,0.34378524696316515,56,control,model-v1,0.34339597103798186,synthetic_demo
entity_0125,candidate,2026-08-22 07:00:00+00:00,0.873414,1,15,41,0.25277777777777777,0.946845,-0.11981699999999995,2.142857142857143,1,0.6904301569251168,0.6962139055320433,23,control,model-v1,0.6904301569251168,synthetic_demo
entity_0163,company,2026-08-22 07:00:00+00:00,0.709756,2,15,24,0.1076388888888889,0.91545,0.08404,2.142857142857143,0,0.6142278586049346,0.6098829763015092,59,control,model-v1,0.6142278586049346,synthetic_demo
entity_0164,company,2026-08-22 07:05:00+00:00,0.791173,0,18,32,1.9159722222222222,0.975363,-0.154034,2.5714285714285716,1,0.6811104106226745,0.6882399709084832,47,control,model-v1,0.6811104106226745,synthetic_demo
entity_0198,company,2026-08-22 07:17:00+00:00,0.856723,1,14,31,0.1451388888888889,0.843666,-0.008232000000000017,2.0,1,0.6558479435704673,0.6567274509293933,18,challenger,model-v2,0.6567274509293933,synthetic_demo
entity_0073,candidate,2026-08-22 07:21:00+00:00,0.830019,0,11,25,1.6270833333333334,0.682864,0.024829999999999908,1.5714285714285714,1,0.5931424189269637,0.5926211240422558,11,challenger,model-v2,0.5926211240422558,synthetic_demo
entity_0004,candidate,2026-08-22 07:22:00+00:00,0.812004,3,24,39,0.27708333333333335,0.421875,-0.09164700000000003,3.4285714285714284,0,0.48937546664135073,0.49412954369563256,43,control,model-v1,0.48937546664135073,synthetic_demo
entity_0151,company,2026-08-22 07:22:00+00:00,0.654896,1,13,14,0.2847222222222222,0.857793,-0.072017,1.8571428571428572,0,0.56913707194901,0.5727489702487674,74,control,model-v1,0.56913707194901,synthetic_demo
entity_0111,candidate,2026-08-22 07:23:00+00:00,0.975757,5,24,30,0.0798611111111111,0.554652,0.079681,3.4285714285714284,0,0.6461634386431915,0.6424993129613492,29,control,model-v1,0.6461634386431915,synthetic_demo
entity_0108,candidate,2026-08-22 07:27:00+00:00,0.508199,0,8,19,4.623611111111111,0.557515,0.07609599999999994,1.1428571428571428,1,0.38529326417729404,0.3813566935010525,39,control,model-v1,0.38529326417729404,synthetic_demo
entity_0164,company,2026-08-22 07:31:00+00:00,0.950629,1,19,33,0.018055555555555554,0.975363,0.15945599999999993,2.7142857142857144,1,0.74792894091727,0.7419745766936684,47,control,model-v1,0.74792894091727,synthetic_demo
entity_0098,candidate,2026-08-22 07:44:00+00:00,0.936241,5,13,25,0.1527777777777778,0.882429,0.08396499999999996,1.8571428571428572,1,0.72239656529521,0.7191566485667092,57,control,model-v1,0.72239656529521,synthetic_demo
entity_0012,candidate,2026-08-22 07:47:00+00:00,0.600219,2,14,23,0.05694444444444444,0.458486,-0.04418300000000008,2.0,0,0.37961089464535364,0.38158899278938613,50,control,model-v1,0.37961089464535364,synthetic_demo
entity_0073,candidate,2026-08-22 07:54:00+00:00,0.804612,1,12,26,0.022916666666666665,0.682864,-0.025406999999999957,1.7142857142857142,1,0.5706726521497767,0.5725179401344802,11,challenger,model-v2,0.5725179401344802,synthetic_demo
entity_0071,candidate,2026-08-22 07:55:00+00:00,0.964273,3,26,45,0.06944444444444445,0.794835,0.06152600000000008,3.7142857142857144,1,0.7026383214575743,0.7000551843539817,19,challenger,model-v2,0.7000551843539817,synthetic_demo
entity_0166,company,2026-08-22 07:56:00+00:00,0.865233,4,28,36,0.2986111111111111,0.627337,-0.13476699999999997,4.0,1,0.6109544347069621,0.6173981693416248,73,control,model-v1,0.6109544347069621,synthetic_demo
entity_0146,company,2026-08-22 07:57:00+00:00,0.734355,2,14,35,0.25,0.812222,-0.10780299999999998,2.0,0,0.5761160387727561,0.5816800993001371,96,control,model-v1,0.5761160387727561,synthetic_demo
entity_0042,candidate,2026-08-22 07:59:00+00:00,0.347342,1,8,10,0.3020833333333333,0.585954,-0.07764700000000002,1.1428571428571428,0,0.29560564627651376,0.2983777805974822,27,control,model-v1,0.29560564627651376,synthetic_demo
entity_0120,candidate,2026-08-22 08:02:00+00:00,0.994859,2,22,39,0.1111111111111111,0.89865,0.050443000000000016,3.142857142857143,1,0.7464296317823581,0.7447933469158905,77,control,model-v1,0.7464296317823581,synthetic_demo
entity_0025,candidate,2026-08-22 08:04:00+00:00,0.640399,0,8,20,2.41875,0.572241,-0.0905999999999999,1.1428571428571428,1,0.44845479028578517,0.45348753547095855,70,control,model-v1,0.44845479028578517,synthetic_demo
entity_0010,candidate,2026-08-22 08:20:00+00:00,0.691458,4,17,33,0.26944444444444443,0.826775,0.051710000000000034,2.4285714285714284,0,0.5706559542273424,0.5675139293548905,50,control,model-v1,0.5706559542273424,synthetic_demo
entity_0125,candidate,2026-08-22 08:23:00+00:00,0.900653,2,16,42,0.05763888888888889,0.946845,0.027239000000000013,2.2857142857142856,1,0.7054529381447955,0.7046196105445969,23,control,model-v1,0.7054529381447955,synthetic_demo
entity_0008,candidate,2026-08-22 08:28:00+00:00,0.787536,3,7,18,0.7006944444444444,0.621484,-0.09156299999999995,1.0,0,0.5488851506647787,0.554171908257208,55,control,model-v1,0.5488851506647787,synthetic_demo
entity_0017,candidate,2026-08-22 08:31:00+00:00,0.419874,0,11,18,1.3743055555555554,0.434881,-0.13257400000000003,1.5714285714285714,0,0.2833890465818008,0.28869363581869156,92,control,model-v1,0.2833890465818008,synthetic_demo
entity_0097,candidate,2026-08-22 08:39:00+00:00,0.576045,2,9,15,0.18680555555555556,0.839958,-0.06043399999999999,1.2857142857142858,1,0.5103977848067909,0.5132914965767351,70,control,model-v1,0.5103977848067909,synthetic_demo
entity_0166,company,2026-08-22 08:39:00+00:00,1.0,5,29,37,0.029861111111111113,0.627337,0.13476699999999997,4.142857142857143,1,0.6836028777891577,0.6774411774231901,73,control,model-v1,0.6836028777891577,synthetic_demo
entity_0025,candidate,2026-08-22 08:43:00+00:00,0.580755,1,9,21,0.027083333333333334,0.572241,-0.05964400000000003,1.2857142857142858,1,0.4008462750824974,0.40385378205056016,70,control,model-v1,0.4008462750824974,synthetic_demo
entity_0111,candidate,2026-08-22 08:43:00+00:00,0.841092,6,25,30,0.05555555555555555,0.554652,-0.13466500000000003,3.5714285714285716,1,0.5761827748808425,0.5826868559858241,29,control,model-v1,0.5761827748808425,synthetic_demo
entity_0082,candidate,2026-08-22 08:46:00+00:00,0.800698,0,19,41,2.5145833333333334,0.353741,-0.03125100000000003,2.7142857142857144,0,0.45315849658890023,0.45524729223348587,41,control,model-v1,0.45315849658890023,synthetic_demo
entity_0159,company,2026-08-22 08:51:00+00:00,0.578604,2,12,23,0.3104166666666667,0.729018,0.036428000000000016,1.7142857142857142,1,0.46612097869551744,0.4638564139955846,15,challenger,model-v2,0.4638564139955846,synthetic_demo
entity_0177,company,2026-08-22 08:52:00+00:00,0.622601,2,14,43,0.6416666666666667,0.854062,0.002206999999999959,2.0,1,0.520676155086162,0.5201854801769735,4,permanent_holdout,non_ml_baseline,0.7383314999999999,synthetic_demo
entity_0024,candidate,2026-08-22 08:55:00+00:00,0.488131,0,2,14,2.6756944444444444,0.356472,0.115732,0.2857142857142857,1,0.28957401974082114,0.2847406212723586,83,control,model-v1,0.28957401974082114,synthetic_demo
entity_0155,company,2026-08-22 09:01:00+00:00,0.488727,5,15,31,0.11319444444444444,0.593472,0.015205000000000024,2.142857142857143,0,0.36791154059379294,0.3661852156927895,78,control,model-v1,0.36791154059379294,synthetic_demo
entity_0045,candidate,2026-08-22 09:03:00+00:00,0.744964,2,10,26,0.13194444444444445,0.734378,-0.181562,1.4285714285714286,1,0.5558228708550276,0.5655316983170633,98,control,model-v1,0.5558228708550276,synthetic_demo
entity_0164,company,2026-08-22 09:05:00+00:00,0.93591,2,20,33,0.06527777777777778,0.975363,-0.014718999999999927,2.857142857142857,1,0.745243196847138,0.7460971350968362,47,control,model-v1,0.745243196847138,synthetic_demo
entity_0041,candidate,2026-08-22 09:06:00+00:00,0.372246,1,8,13,0.375,0.399266,-0.020235999999999976,1.1428571428571428,0,0.24819765912216107,0.24855727955578125,36,control,model-v1,0.24819765912216107,synthetic_demo
entity_0159,company,2026-08-22 09:10:00+00:00,0.619015,3,13,24,0.013194444444444444,0.729018,0.040410999999999975,1.8571428571428572,1,0.49079427744933374,0.4882942728914084,15,challenger,model-v2,0.4882942728914084,synthetic_demo
entity_0023,candidate,2026-08-22 09:18:00+00:00,0.754567,5,17,21,0.3472222222222222,0.551892,-0.06904100000000002,2.4285714285714284,1,0.5211195250760361,0.5245168550337944,23,control,model-v1,0.5211195250760361,synthetic_demo
entity_0183,company,2026-08-22 09:20:00+00:00,0.821996,0,4,17,4.66875,0.936954,0.07808599999999999,0.5714285714285714,1,0.69493314315627,0.6921912742584666,9,permanent_holdout,non_ml_baseline,0.879475,synthetic_demo
entity_0072,candidate,2026-08-22 09:28:00+00:00,0.494729,0,11,23,1.5868055555555556,0.720287,0.11232799999999998,1.5714285714285714,1,0.4166621653985212,0.4105493652254446,16,challenger,model-v2,0.4105493652254446,synthetic_demo
entity_0103,candidate,2026-08-22 09:30:00+00:00,0.951302,1,9,20,0.2902777777777778,0.637277,0.0036559999999999926,1.2857142857142858,1,0.6390734633189437,0.6400061424723579,69,control,model-v1,0.6390734633189437,synthetic_demo
entity_0163,company,2026-08-22 09:33:00+00:00,0.617234,3,16,25,0.10625,0.91545,-0.0925220000000001,2.2857142857142856,0,0.5655434116878124,0.569714373898317,59,control,model-v1,0.5655434116878124,synthetic_demo
entity_0101,candidate,2026-08-22 09:37:00+00:00,0.387535,1,12,18,0.2625,0.679492,0.06231900000000001,1.7142857142857142,1,0.3445020815014826,0.34076521271386256,38,control,model-v1,0.3445020815014826,synthetic_demo
entity_0178,company,2026-08-22 09:42:00+00:00,0.730928,3,20,39,0.12152777777777778,0.805549,-0.11483299999999996,2.857142857142857,1,0.5795038894321707,0.5850312911390351,6,permanent_holdout,non_ml_baseline,0.7682385,synthetic_demo
entity_0192,company,2026-08-22 09:47:00+00:00,0.368348,3,16,18,0.32013888888888886,0.418068,0.004088000000000036,2.2857142857142856,1,0.26244049615691845,0.261347724836233,28,control,model-v1,0.26244049615691845,synthetic_demo
entity_0127,candidate,2026-08-22 09:49:00+00:00,0.329719,2,2,5,0.2222222222222222,0.773714,-0.02735399999999999,0.2857142857142857,1,0.3467648621231348,0.3473812882050628,2,permanent_holdout,non_ml_baseline,0.5517164999999999,synthetic_demo
entity_0012,candidate,2026-08-22 09:55:00+00:00,0.600351,3,15,24,0.08888888888888889,0.458486,0.000132000000000021,2.142857142857143,1,0.3831295651880971,0.3827593846308331,50,control,model-v1,0.3831295651880971,synthetic_demo
entity_0030,candidate,2026-08-22 09:56:00+00:00,0.346332,0,7,11,1.5569444444444445,0.913777,-0.10510200000000003,1.0,1,0.41170720769300995,0.4162903384367046,6,permanent_holdout,non_ml_baseline,0.6300545,synthetic_demo
entity_0011,candidate,2026-08-22 09:57:00+00:00,0.638636,3,8,29,0.7972222222222223,0.389238,0.08400299999999994,1.1428571428571428,0,0.36611278959912374,0.3621074742900451,23,control,model-v1,0.36611278959912374,synthetic_demo
entity_0118,candidate,2026-08-22 10:01:00+00:00,0.34091,0,5,11,4.128472222222222,0.833613,-0.14297500000000002,0.7142857142857143,0,0.3937904849658296,0.40030034602919173,75,control,model-v1,0.3937904849658296,synthetic_demo
entity_0082,candidate,2026-08-22 10:07:00+00:00,0.805924,1,20,42,0.05625,0.353741,0.005225999999999953,2.857142857142857,0,0.44173843571538884,0.4418190234612811,41,control,model-v1,0.44173843571538884,synthetic_demo
entity_0080,candidate,2026-08-22 10:24:00+00:00,0.844213,0,7,32,1.4402777777777778,0.693391,-0.015407999999999977,1.0,1,0.588123555202953,0.5898743947647264,51,control,model-v1,0.588123555202953,synthetic_demo
entity_0111,candidate,2026-08-22 10:29:00+00:00,0.959669,6,26,31,0.07361111111111111,0.554652,0.11857700000000004,3.7142857142857144,1,0.64238141476801,0.6365697640894005,29,control,model-v1,0.64238141476801,synthetic_demo
entity_0180,company,2026-08-22 10:30:00+00:00,0.226911,0,5,10,1.8277777777777777,0.609243,-0.07603499999999999,0.7142857142857143,0,0.24947177352199829,0.25175702410800815,61,control,model-v1,0.24947177352199829,synthetic_demo
entity_0183,company,2026-08-22 10:43:00+00:00,0.709828,1,5,18,0.05763888888888889,0.936954,-0.11216799999999993,0.7142857142857143,1,0.6085351873457704,0.614537445311571,9,permanent_holdout,non_ml_baseline,0.823391,synthetic_demo
entity_0119,candidate,2026-08-22 10:48:00+00:00,0.519674,1,12,23,0.18333333333333332,0.757125,-0.15665800000000007,1.7142857142857142,1,0.4391199250840533,0.44680340025586796,91,control,model-v1,0.4391199250840533,synthetic_demo
entity_0182,company,2026-08-22 10:48:00+00:00,0.942319,5,22,44,0.19236111111111112,0.88819,0.09757700000000002,3.142857142857143,1,0.7216821319029241,0.7175317077387849,31,control,model-v1,0.7216821319029241,synthetic_demo
entity_0023,candidate,2026-08-22 10:54:00+00:00,0.846328,5,18,21,0.06666666666666667,0.551892,0.09176099999999998,2.5714285714285716,1,0.5737101150930786,0.5690165512700268,23,control,model-v1,0.5737101150930786,synthetic_demo
entity_0125,candidate,2026-08-22 11:01:00+00:00,0.979432,3,17,43,0.10972222222222222,0.946845,0.07877899999999993,2.4285714285714284,1,0.7449226253640893,0.742172751114272,23,control,model-v1,0.7449226253640893,synthetic_demo
entity_0151,company,2026-08-22 11:04:00+00:00,0.662056,2,14,15,0.15416666666666667,0.857793,0.007159999999999944,2.0,0,0.5756207409258136,0.5750224486123166,74,control,model-v1,0.5756207409258136,synthetic_demo
entity_0030,candidate,2026-08-22 11:09:00+00:00,0.333621,1,8,12,0.050694444444444445,0.913777,-0.012710999999999972,1.1428571428571428,1,0.397256728512103,0.39695117567556076,6,permanent_holdout,non_ml_baseline,0.623699,synthetic_demo
entity_0008,candidate,2026-08-22 11:15:00+00:00,0.851871,3,7,19,0.11597222222222223,0.621484,0.06433500000000003,1.0,1,0.5802056696837591,0.577635050455909,55,control,model-v1,0.5802056696837591,synthetic_demo
entity_0097,candidate,2026-08-22 11:16:00+00:00,0.563908,3,9,16,0.10902777777777778,0.839958,-0.012137000000000064,1.2857142857142858,1,0.5043436079602623,0.5045462962027527,70,control,model-v1,0.5043436079602623,synthetic_demo
entity_0108,candidate,2026-08-22 11:17:00+00:00,0.387827,1,9,19,0.1597222222222222,0.557515,-0.12037199999999998,1.2857142857142858,0,0.2975356171931826,0.3023025634647971,39,control,model-v1,0.2975356171931826,synthetic_demo
entity_0167,company,2026-08-22 11:30:00+00:00,0.913237,0,17,24,1.6180555555555556,0.387923,-0.025720000000000076,2.4285714285714284,0,0.5421878102186193,0.5444549699057836,70,control,model-v1,0.5421878102186193,synthetic_demo
entity_0032,candidate,2026-08-22 11:53:00+00:00,0.904007,2,20,36,0.24097222222222223,0.476883,-0.06726600000000005,2.857142857142857,1,0.5568351364595853,0.5608295405997368,65,control,model-v1,0.5568351364595853,synthetic_demo
entity_0088,candidate,2026-08-22 12:01:00+00:00,0.765202,4,17,38,0.45902777777777776,0.64556,-0.11350799999999994,2.4285714285714284,1,0.5399065536539673,0.5457019442524113,22,control,model-v1,0.5399065536539673,synthetic_demo
entity_0117,candidate,2026-08-22 12:03:00+00:00,0.986282,4,28,51,0.2673611111111111,0.543925,0.08937600000000001,4.0,1,0.629477116888531,0.6252270469225414,37,control,model-v1,0.629477116888531,synthetic_demo
entity_0004,candidate,2026-08-22 12:22:00+00:00,0.942478,4,23,39,0.20833333333333334,0.421875,0.1304740000000001,3.2857142857142856,0,0.5652709238062803,0.5588146940062488,43,control,model-v1,0.5652709238062803,synthetic_demo
entity_0077,candidate,2026-08-22 12:24:00+00:00,0.842986,0,9,27,4.715972222222222,0.894463,0.157397,1.2857142857142858,1,0.6891123366794987,0.6826154053200545,33,control,model-v1,0.6891123366794987,synthetic_demo
entity_0009,candidate,2026-08-22 12:27:00+00:00,0.940573,1,11,37,0.26319444444444445,0.504183,-0.004187000000000052,1.5714285714285714,0,0.5677872963489214,0.569128304672954,49,control,model-v1,0.5677872963489214,synthetic_demo
entity_0073,candidate,2026-08-22 12:42:00+00:00,0.86226,2,13,27,0.2,0.682864,0.05764800000000003,1.8571428571428572,1,0.6076519005262874,0.6053113374594156,11,challenger,model-v2,0.6053113374594156,synthetic_demo
entity_0145,company,2026-08-22 12:49:00+00:00,0.686016,1,16,26,0.4777777777777778,0.712164,-0.07272,2.2857142857142856,1,0.5241344240824052,0.5278890863578243,18,challenger,model-v2,0.5278890863578243,synthetic_demo
entity_0145,company,2026-08-22 12:57:00+00:00,0.659929,2,17,27,0.005555555555555556,0.712164,-0.02608699999999997,2.4285714285714284,1,0.508952759160487,0.5100240725689428,18,challenger,model-v2,0.5100240725689428,synthetic_demo
entity_0015,candidate,2026-08-22 13:07:00+00:00,0.599171,1,10,17,0.5736111111111111,0.43755,0.090646,1.4285714285714286,0,0.3724912532053221,0.36810522453921973,31,control,model-v1,0.3724912532053221,synthetic_demo
entity_0043,candidate,2026-08-22 13:17:00+00:00,0.954687,1,23,34,0.42430555555555555,0.771115,0.16551799999999994,3.2857142857142856,1,0.6945967248432526,0.6875766262583166,69,control,model-v1,0.6945967248432526,synthetic_demo
entity_0190,company,2026-08-22 13:23:00+00:00,0.369391,1,5,12,0.7597222222222222,0.908902,0.080434,0.7142857142857143,1,0.415165418245496,0.4103478549508153,93,control,model-v1,0.415165418245496,synthetic_demo
entity_0117,candidate,2026-08-22 13:43:00+00:00,0.86443,4,29,52,0.06944444444444445,0.543925,-0.12185199999999996,4.142857142857143,0,0.5605475925183863,0.5665655652420853,37,control,model-v1,0.5605475925183863,synthetic_demo
entity_0143,company,2026-08-22 13:45:00+00:00,0.642417,2,10,13,0.5208333333333334,0.636349,0.07159599999999999,1.4285714285714286,1,0.47803310081225625,0.4742715053538655,12,challenger,model-v2,0.4742715053538655,synthetic_demo
entity_0092,candidate,2026-08-22 13:53:00+00:00,0.291665,0,1,6,6.11875,0.808622,0.04866800000000002,0.14285714285714285,0,0.37039132308125816,0.36733268101746175,22,control,model-v1,0.37039132308125816,synthetic_demo
entity_0183,company,2026-08-22 13:54:00+00:00,0.825171,2,6,19,0.1326388888888889,0.936954,0.11534299999999997,0.8571428571428571,1,0.6737361821576715,0.6689476231831545,9,permanent_holdout,non_ml_baseline,0.8810625,synthetic_demo
entity_0009,candidate,2026-08-22 13:57:00+00:00,0.781995,2,12,38,0.0625,0.504183,-0.158578,1.7142857142857142,1,0.4780195481713772,0.4868104498378835,49,control,model-v1,0.4780195481713772,synthetic_demo
entity_0069,candidate,2026-08-22 14:01:00+00:00,0.63174,2,10,15,0.3145833333333333,0.962872,0.014625999999999917,1.4285714285714286,0,0.5914328626108095,0.5904838469955446,43,control,model-v1,0.5914328626108095,synthetic_demo
entity_0110,candidate,2026-08-22 14:06:00+00:00,0.656593,2,3,15,0.3138888888888889,0.976177,-0.010851999999999973,0.42857142857142855,1,0.5977567050432961,0.5984885257248812,43,control,model-v1,0.5977567050432961,synthetic_demo
entity_0198,company,2026-08-22 14:06:00+00:00,0.864937,2,14,32,0.28402777777777777,0.843666,0.008213999999999944,2.0,1,0.6624595159847753,0.662481475395962,18,challenger,model-v2,0.662481475395962,synthetic_demo
entity_0030,candidate,2026-08-22 14:16:00+00:00,0.404028,2,9,12,0.12986111111111112,0.913777,0.070407,1.2857142857142858,0,0.4421845569163387,0.43763780664460883,6,permanent_holdout,non_ml_baseline,0.6589025,synthetic_demo
entity_0078,candidate,2026-08-22 14:20:00+00:00,0.308845,0,11,13,1.2291666666666667,0.64438,-0.058112,1.5714285714285714,0,0.30041444892225694,0.30217201655763326,0,permanent_holdout,non_ml_baseline,0.4766125,synthetic_demo
entity_0037,candidate,2026-08-22 14:25:00+00:00,0.866294,3,29,55,0.5256944444444445,0.890078,0.004283000000000037,4.142857142857143,1,0.6821219972060552,0.6816017971440123,94,control,model-v1,0.6821219972060552,synthetic_demo
entity_0108,candidate,2026-08-22 14:30:00+00:00,0.358471,2,9,20,0.13402777777777777,0.557515,-0.029355999999999993,1.2857142857142858,0,0.28459506506856164,0.28514560881423406,39,control,model-v1,0.28459506506856164,synthetic_demo
entity_0155,company,2026-08-22 14:47:00+00:00,0.490892,6,16,31,0.24027777777777778,0.593472,0.0021649999999999725,2.2857142857142856,0,0.3743036484687191,0.37306559255448934,78,control,model-v1,0.3743036484687191,synthetic_demo
entity_0042,candidate,2026-08-22 14:50:00+00:00,0.357859,2,9,11,0.28541666666666665,0.585954,0.010516999999999999,1.2857142857142858,0,0.30350073363349295,0.30228263782160214,27,control,model-v1,0.30350073363349295,synthetic_demo
entity_0111,candidate,2026-08-22 14:55:00+00:00,0.886166,5,27,32,0.18472222222222223,0.554652,-0.07350299999999999,3.857142857142857,1,0.6009275021634058,0.6043964703231814,29,control,model-v1,0.6009275021634058,synthetic_demo
entity_0009,candidate,2026-08-22 14:57:00+00:00,0.920416,3,13,39,0.041666666666666664,0.504183,0.13842100000000002,1.8571428571428572,0,0.5613961507781934,0.554965977429587,49,control,model-v1,0.5613961507781934,synthetic_demo
entity_0088,candidate,2026-08-22 15:02:00+00:00,0.873407,4,17,38,0.12569444444444444,0.64556,0.108205,2.4285714285714284,1,0.599099637191907,0.5938422527682126,22,control,model-v1,0.599099637191907,synthetic_demo
entity_0146,company,2026-08-22 15:07:00+00:00,0.888256,3,15,34,0.2986111111111111,0.812222,0.15390100000000007,2.142857142857143,1,0.6658776438108889,0.6589860304350094,96,control,model-v1,0.6658776438108889,synthetic_demo
entity_0112,candidate,2026-08-22 15:16:00+00:00,0.396164,2,7,13,0.8340277777777778,0.483073,0.013216000000000006,1.0,0,0.287530538647332,0.28645507925349983,34,control,model-v1,0.287530538647332,synthetic_demo
entity_0039,candidate,2026-08-22 15:19:00+00:00,0.96937,0,10,26,4.846527777777778,0.359386,-0.016230999999999995,1.4285714285714286,1,0.5717195375757744,0.5739411781162926,92,control,model-v1,0.5717195375757744,synthetic_demo
entity_0146,company,2026-08-22 15:23:00+00:00,0.780348,4,16,35,0.011111111111111112,0.812222,-0.107908,2.2857142857142856,1,0.6092179796324949,0.614497210838596,96,control,model-v1,0.6092179796324949,synthetic_demo
entity_0028,candidate,2026-08-22 15:25:00+00:00,0.48995,2,9,24,0.40347222222222223,0.506009,-0.10730700000000004,1.2857142857142858,0,0.3303116214397614,0.33497160030348677,76,control,model-v1,0.3303116214397614,synthetic_demo
entity_0108,candidate,2026-08-22 15:27:00+00:00,0.448759,3,10,21,0.03958333333333333,0.557515,0.09028800000000003,1.4285714285714286,1,0.3315883785873911,0.32675552594947577,39,control,model-v1,0.3315883785873911,synthetic_demo
entity_0004,candidate,2026-08-22 15:31:00+00:00,0.878846,5,23,39,0.13125,0.421875,-0.06363200000000002,3.2857142857142856,1,0.5308724055051744,0.5341931930163671,43,control,model-v1,0.5308724055051744,synthetic_demo
entity_0101,candidate,2026-08-22 15:38:00+00:00,0.38639,2,12,19,0.25069444444444444,0.679492,-0.0011450000000000071,1.7142857142857142,1,0.34523866743197734,0.34440604782688927,38,control,model-v1,0.34523866743197734,synthetic_demo
entity_0017,candidate,2026-08-22 15:42:00+00:00,0.399847,1,12,19,0.29930555555555555,0.434881,-0.020027000000000017,1.7142857142857142,0,0.2705011364115712,0.2707854627424944,92,control,model-v1,0.2705011364115712,synthetic_demo
entity_0159,company,2026-08-22 15:47:00+00:00,0.524233,4,14,25,0.27569444444444446,0.729018,-0.09478200000000003,2.0,1,0.44132700987625767,0.4454073917190835,15,challenger,model-v2,0.4454073917190835,synthetic_demo
entity_0078,candidate,2026-08-22 15:50:00+00:00,0.356145,1,12,14,0.0625,0.64438,0.04730000000000001,1.7142857142857142,1,0.31954061144316837,0.31655483065698403,0,permanent_holdout,non_ml_baseline,0.5002624999999999,synthetic_demo
entity_0086,candidate,2026-08-22 15:50:00+00:00,0.821532,4,22,32,0.4097222222222222,0.390953,0.10454400000000008,3.142857142857143,1,0.4918674294836207,0.48632861273319294,47,control,model-v1,0.4918674294836207,synthetic_demo
entity_0186,company,2026-08-22 15:56:00+00:00,0.70996,3,15,19,0.6618055555555555,0.52191,0.08818199999999998,2.142857142857143,1,0.47924506302004904,0.47455814238989386,94,control,model-v1,0.47924506302004904,synthetic_demo
entity_0080,candidate,2026-08-22 16:02:00+00:00,0.680266,1,8,33,0.23472222222222222,0.693391,-0.16394699999999995,1.1428571428571428,1,0.4883748532509411,0.4973041145897856,51,control,model-v1,0.4883748532509411,synthetic_demo
entity_0119,candidate,2026-08-22 16:14:00+00:00,0.591893,2,13,24,0.2263888888888889,0.757125,0.07221900000000003,1.8571428571428572,1,0.4845212013217,0.4803513081812825,91,control,model-v1,0.4845212013217,synthetic_demo
entity_0039,candidate,2026-08-22 16:17:00+00:00,0.989893,1,11,27,0.04027777777777778,0.359386,0.02052300000000007,1.5714285714285714,1,0.5521736092226414,0.552485214358625,92,control,model-v1,0.5521736092226414,synthetic_demo
entity_0186,company,2026-08-22 16:20:00+00:00,0.721559,3,16,20,0.016666666666666666,0.52191,0.011598999999999915,2.2857142857142856,1,0.48186730981712683,0.48120418751746447,94,control,model-v1,0.48186730981712683,synthetic_demo
entity_0110,candidate,2026-08-22 16:22:00+00:00,0.496529,3,4,16,0.09444444444444444,0.976177,-0.16006399999999998,0.5714285714285714,0,0.5078283216566264,0.5157429015874881,43,control,model-v1,0.5078283216566264,synthetic_demo
entity_0073,candidate,2026-08-22 16:23:00+00:00,0.802819,3,14,28,0.15347222222222223,0.682864,-0.05944100000000008,2.0,0,0.5772748424485161,0.5805451806468894,11,challenger,model-v2,0.5805451806468894,synthetic_demo
entity_0159,company,2026-08-22 16:30:00+00:00,0.664387,5,15,26,0.029861111111111113,0.729018,0.140154,2.142857142857143,0,0.5240982681177913,0.5161999648430415,15,challenger,model-v2,0.5161999648430415,synthetic_demo
entity_0163,company,2026-08-22 16:32:00+00:00,0.663305,4,17,25,0.29097222222222224,0.91545,0.046071000000000084,2.4285714285714284,1,0.5974434381260142,0.5945062425514415,59,control,model-v1,0.5974434381260142,synthetic_demo
entity_0178,company,2026-08-22 16:40:00+00:00,0.705732,4,21,40,0.2902777777777778,0.805549,-0.025195999999999996,3.0,1,0.5697389667647674,0.5704434296651373,6,permanent_holdout,non_ml_baseline,0.7556404999999999,synthetic_demo
entity_0119,candidate,2026-08-22 16:43:00+00:00,0.665624,3,14,25,0.02013888888888889,0.757125,0.07373099999999999,2.0,1,0.5292356665681958,0.525089197008005,91,control,model-v1,0.5292356665681958,synthetic_demo
entity_0120,candidate,2026-08-22 16:45:00+00:00,0.922249,3,21,40,0.36319444444444443,0.89865,-0.07261000000000006,3.0,1,0.7144573536410682,0.7177157756294628,77,control,model-v1,0.7144573536410682,synthetic_demo
entity_0024,candidate,2026-08-22 16:48:00+00:00,0.366621,1,3,15,0.3284722222222222,0.356472,-0.12151,0.42857142857142855,1,0.22531132012068258,0.22956250682232987,83,control,model-v1,0.22531132012068258,synthetic_demo
entity_0122,candidate,2026-08-22 16:59:00+00:00,0.162615,0,5,18,2.7381944444444444,0.819313,-0.16139900000000001,0.7142857142857143,0,0.2802676113853519,0.2861060737069824,68,control,model-v1,0.2802676113853519,synthetic_demo
entity_0121,candidate,2026-08-22 17:10:00+00:00,0.321181,0,6,11,2.075,0.874267,-0.09735700000000003,0.8571428571428571,1,0.3851052990349112,0.38917719031085923,36,control,model-v1,0.3851052990349112,synthetic_demo
entity_0039,candidate,2026-08-22 17:23:00+00:00,0.873655,2,11,28,0.04583333333333333,0.359386,-0.11623800000000006,1.5714285714285714,0,0.48642888902123116,0.49343532103609367,92,control,model-v1,0.48642888902123116,synthetic_demo
entity_0096,candidate,2026-08-22 17:26:00+00:00,0.517077,1,3,10,0.6180555555555556,0.832947,0.033275,0.42857142857142855,1,0.46894348319297646,0.46710069562234763,81,control,model-v1,0.46894348319297646,synthetic_demo
entity_0061,candidate,2026-08-22 17:33:00+00:00,0.448566,1,10,30,0.6451388888888889,0.825203,-0.003467999999999971,1.4285714285714286,1,0.41530418095312344,0.4148474588881899,63,control,model-v1,0.41530418095312344,synthetic_demo
entity_0153,company,2026-08-22 17:56:00+00:00,0.431247,1,10,16,0.5805555555555556,0.68925,-0.055374000000000034,1.4285714285714286,1,0.3723011948523481,0.3744334522303188,37,control,model-v1,0.3723011948523481,synthetic_demo
entity_0035,candidate,2026-08-22 18:00:00+00:00,0.270961,2,6,11,0.7048611111111112,0.908468,-0.00662299999999999,0.8571428571428571,1,0.36583721101724903,0.3650249938051476,42,control,model-v1,0.36583721101724903,synthetic_demo
entity_0037,candidate,2026-08-22 18:04:00+00:00,0.911217,3,30,56,0.15208333333333332,0.890078,0.044923000000000046,4.285714285714286,1,0.7025474537134521,0.7003463221972408,94,control,model-v1,0.7025474537134521,synthetic_demo
entity_0067,candidate,2026-08-22 18:05:00+00:00,0.391374,1,5,15,0.6986111111111111,0.733388,-0.008435000000000026,0.7142857142857143,0,0.3597980149565152,0.3596865040958247,67,control,model-v1,0.3597980149565152,synthetic_demo
entity_0192,company,2026-08-22 18:09:00+00:00,0.420637,4,17,19,0.3486111111111111,0.418068,0.052288999999999974,2.4285714285714284,1,0.28961070266865396,0.286386896889766,28,control,model-v1,0.28961070266865396,synthetic_demo
entity_0178,company,2026-08-22 18:26:00+00:00,0.860671,5,22,41,0.07361111111111111,0.805549,0.15493899999999994,3.142857142857143,1,0.6566166758443706,0.6490088232159368,6,permanent_holdout,non_ml_baseline,0.83311,synthetic_demo
entity_0200,company,2026-08-22 18:27:00+00:00,1.0,1,16,34,0.5506944444444445,0.761143,0.08038100000000004,2.2857142857142856,1,0.703426692536455,0.7007007514593189,62,control,model-v1,0.703426692536455,synthetic_demo
entity_0103,candidate,2026-08-22 18:30:00+00:00,0.892474,2,10,19,0.375,0.637277,-0.05882799999999999,1.4285714285714286,0,0.6131760884642748,0.616910555574819,69,control,model-v1,0.6131760884642748,synthetic_demo
entity_0077,candidate,2026-08-22 18:38:00+00:00,0.733959,1,9,28,0.25972222222222224,0.894463,-0.10902699999999999,1.2857142857142858,0,0.6030716144534837,0.6088662540340706,33,control,model-v1,0.6030716144534837,synthetic_demo
entity_0088,candidate,2026-08-22 18:49:00+00:00,0.80935,4,17,38,0.15763888888888888,0.64556,-0.06405700000000003,2.4285714285714284,1,0.56310075881269,0.5664329706330168,22,control,model-v1,0.56310075881269,synthetic_demo
entity_0028,candidate,2026-08-22 18:56:00+00:00,0.550673,3,10,25,0.14652777777777778,0.506009,0.06072299999999997,1.4285714285714286,1,0.3636664663425832,0.36039233714701513,76,control,model-v1,0.3636664663425832,synthetic_demo
entity_0080,candidate,2026-08-22 19:15:00+00:00,0.717177,2,9,33,0.13402777777777777,0.693391,0.036910999999999916,1.2857142857142858,1,0.5137394694477327,0.512069167801779,51,control,model-v1,0.5137394694477327,synthetic_demo
entity_0004,candidate,2026-08-22 19:16:00+00:00,0.760014,6,23,39,0.15625,0.421875,-0.11883200000000005,3.2857142857142856,1,0.46490644250792695,0.47060972098378606,43,control,model-v1,0.46490644250792695,synthetic_demo
entity_0097,candidate,2026-08-22 19:19:00+00:00,0.647609,4,9,17,0.33541666666666664,0.839958,0.08370100000000003,1.2857142857142858,0,0.5559717710047644,0.5513537291914731,70,control,model-v1,0.5559717710047644,synthetic_demo
entity_0017,candidate,2026-08-22 19:25:00+00:00,0.515479,2,13,20,0.15486111111111112,0.434881,0.11563200000000001,1.8571428571428572,0,0.3287454404800081,0.3229956357717553,92,control,model-v1,0.3287454404800081,synthetic_demo
entity_0035,candidate,2026-08-22 19:25:00+00:00,0.206868,3,7,12,0.059027777777777776,0.908468,-0.06409300000000001,1.0,0,0.3308501966813979,0.3324323476526235,42,control,model-v1,0.3308501966813979,synthetic_demo
entity_0093,candidate,2026-08-22 19:28:00+00:00,0.275752,0,2,9,4.877083333333333,0.541548,-0.05906299999999998,0.2857142857142857,0,0.2651827275984779,0.26709467140120113,28,control,model-v1,0.2651827275984779,synthetic_demo
entity_0167,company,2026-08-22 19:29:00+00:00,0.867861,1,17,24,0.3326388888888889,0.387923,-0.04537599999999997,2.4285714285714284,1,0.5093131904987731,0.5123845272103935,70,control,model-v1,0.5093131904987731,synthetic_demo
entity_0182,company,2026-08-22 19:31:00+00:00,0.95675,3,20,41,0.36319444444444443,0.88819,0.014430999999999972,2.857142857142857,1,0.7249176272007564,0.7245937656514545,31,control,model-v1,0.7249176272007564,synthetic_demo
entity_0080,candidate,2026-08-22 19:37:00+00:00,0.737911,3,10,34,0.015277777777777777,0.693391,0.02073400000000003,1.4285714285714286,1,0.5283095059623277,0.5274075198925744,51,control,model-v1,0.5283095059623277,synthetic_demo
entity_0023,candidate,2026-08-22 19:38:00+00:00,0.83972,3,19,19,0.3638888888888889,0.551892,-0.006607999999999947,2.7142857142857144,1,0.5708257230629272,0.5713494595375802,23,control,model-v1,0.5708257230629272,synthetic_demo
entity_0111,candidate,2026-08-22 19:42:00+00:00,0.807424,6,28,31,0.19930555555555557,0.554652,-0.07874199999999998,4.0,1,0.5622567172561956,0.5656736372367747,29,control,model-v1,0.5622567172561956,synthetic_demo
entity_0118,candidate,2026-08-22 19:48:00+00:00,0.331013,1,6,12,0.4076388888888889,0.833613,-0.00989699999999999,0.8571428571428571,0,0.3659262112713126,0.36560615263475665,75,control,model-v1,0.3659262112713126,synthetic_demo
entity_0177,company,2026-08-22 19:49:00+00:00,0.698957,1,14,44,0.45625,0.854062,0.07635600000000009,2.0,1,0.5593713626362009,0.5554015144052533,4,permanent_holdout,non_ml_baseline,0.7765095,synthetic_demo
entity_0145,company,2026-08-22 19:55:00+00:00,0.683758,3,18,27,0.2902777777777778,0.712164,0.02382899999999999,2.5714285714285716,1,0.529510060067012,0.5278797685961539,18,challenger,model-v2,0.5278797685961539,synthetic_demo
entity_0039,candidate,2026-08-22 20:04:00+00:00,1.0,3,12,29,0.11180555555555556,0.359386,0.12634500000000004,1.7142857142857142,1,0.5634028830877991,0.5579948229199084,92,control,model-v1,0.5634028830877991,synthetic_demo
entity_0154,company,2026-08-22 20:15:00+00:00,0.456535,2,5,11,0.7631944444444444,0.555039,-0.012197999999999987,0.7142857142857143,1,0.3398084236700027,0.34006261542401806,76,control,model-v1,0.3398084236700027,synthetic_demo
entity_0200,company,2026-08-22 20:16:00+00:00,0.963144,2,17,35,0.07569444444444444,0.761143,-0.036856,2.4285714285714284,1,0.6851967925426814,0.6874683193496434,62,control,model-v1,0.6851967925426814,synthetic_demo
entity_0167,company,2026-08-22 20:20:00+00:00,0.832062,2,18,25,0.035416666666666666,0.387923,-0.035799000000000025,2.5714285714285716,1,0.489754120623922,0.4920481339609348,70,control,model-v1,0.489754120623922,synthetic_demo
entity_0015,candidate,2026-08-22 20:23:00+00:00,0.665521,2,11,18,0.30277777777777776,0.43755,0.06635000000000002,1.5714285714285714,1,0.410576864660629,0.4073361541660416,31,control,model-v1,0.410576864660629,synthetic_demo
entity_0196,company,2026-08-22 20:24:00+00:00,0.418752,1,6,14,0.8180555555555555,0.970514,0.00973400000000002,0.8571428571428571,1,0.4663890617155719,0.4652336229167317,83,control,model-v1,0.4663890617155719,synthetic_demo
entity_0023,candidate,2026-08-22 20:26:00+00:00,0.786878,4,20,20,0.03333333333333333,0.551892,-0.052842000000000056,2.857142857142857,0,0.541500102617032,0.5441177178004089,23,control,model-v1,0.541500102617032,synthetic_demo
entity_0182,company,2026-08-22 20:28:00+00:00,0.867281,4,21,42,0.03958333333333333,0.88819,-0.08946900000000002,3.0,1,0.6824853266167753,0.686465758162528,31,control,model-v1,0.6824853266167753,synthetic_demo
entity_0042,candidate,2026-08-22 20:30:00+00:00,0.359656,3,10,12,0.2361111111111111,0.585954,0.001796999999999993,1.4285714285714286,1,0.306979565766249,0.30601605046127606,27,control,model-v1,0.306979565766249,synthetic_demo
entity_0145,company,2026-08-22 20:43:00+00:00,0.653617,4,19,28,0.03333333333333333,0.712164,-0.030140999999999973,2.7142857142857144,0,0.5135623294541786,0.5145113869563156,18,challenger,model-v2,0.5145113869563156,synthetic_demo
entity_0154,company,2026-08-22 20:49:00+00:00,0.529008,3,6,12,0.02361111111111111,0.555039,0.07247300000000001,0.8571428571428571,1,0.37667534016499243,0.3728564756544697,76,control,model-v1,0.37667534016499243,synthetic_demo
entity_0008,candidate,2026-08-22 20:51:00+00:00,0.900777,2,7,20,0.4,0.621484,0.048906000000000005,1.0,1,0.6057359765674228,0.604252273259076,55,control,model-v1,0.6057359765674228,synthetic_demo
entity_0200,company,2026-08-22 20:53:00+00:00,0.920002,3,18,36,0.025694444444444443,0.761143,-0.043142000000000014,2.5714285714285716,1,0.6658970199794179,0.6682657675304404,62,control,model-v1,0.6658970199794179,synthetic_demo
entity_0118,candidate,2026-08-22 20:54:00+00:00,0.476744,2,7,13,0.04583333333333333,0.833613,0.145731,1.0,0,0.4482060717591466,0.4401138124559013,75,control,model-v1,0.4482060717591466,synthetic_demo
entity_0177,company,2026-08-22 20:55:00+00:00,0.667605,2,15,45,0.04583333333333333,0.854062,-0.031352000000000046,2.142857142857143,1,0.541748991265802,0.5431282299009752,4,permanent_holdout,non_ml_baseline,0.7608334999999999,synthetic_demo
entity_0040,candidate,2026-08-22 20:57:00+00:00,0.682162,1,18,26,0.8604166666666667,0.655067,0.08035900000000007,2.5714285714285716,1,0.5066207894366122,0.5022482331414161,88,control,model-v1,0.5066207894366122,synthetic_demo
entity_0103,candidate,2026-08-22 20:59:00+00:00,0.943337,3,11,19,0.10347222222222222,0.637277,0.05086299999999999,1.5714285714285714,1,0.6432708897006997,0.6416067432386354,69,control,model-v1,0.6432708897006997,synthetic_demo
entity_0182,company,2026-08-22 20:59:00+00:00,0.881487,5,22,43,0.021527777777777778,0.88819,0.014206000000000052,3.142857142857143,1,0.6924035852366655,0.6915870070022846,31,control,model-v1,0.6924035852366655,synthetic_demo
entity_0079,candidate,2026-08-22 21:05:00+00:00,0.4272,1,6,11,0.5881944444444445,0.674902,0.061535000000000006,0.8571428571428571,0,0.36395115109364723,0.3605360871291679,56,control,model-v1,0.36395115109364723,synthetic_demo
entity_0153,company,2026-08-22 21:07:00+00:00,0.437227,2,11,17,0.1326388888888889,0.68925,0.005979999999999985,1.5714285714285714,1,0.3756844634451725,0.3746705283623321,37,control,model-v1,0.3756844634451725,synthetic_demo
entity_0183,company,2026-08-22 21:10:00+00:00,0.745462,3,7,17,0.30277777777777776,0.936954,-0.07970900000000003,1.0,1,0.6395469304685786,0.6436052095725783,9,permanent_holdout,non_ml_baseline,0.841208,synthetic_demo
entity_0198,company,2026-08-22 21:10:00+00:00,0.888984,3,14,33,0.29444444444444445,0.843666,0.02404700000000004,2.0,1,0.6762829379141782,0.675548723368953,18,challenger,model-v2,0.675548723368953,synthetic_demo
entity_0024,candidate,2026-08-22 21:16:00+00:00,0.478269,2,4,14,0.18611111111111112,0.356472,0.11164800000000003,0.5714285714285714,1,0.2776724981425369,0.2728843256165587,83,control,model-v1,0.2776724981425369,synthetic_demo
entity_0077,candidate,2026-08-22 21:16:00+00:00,0.678368,2,8,29,0.10972222222222222,0.894463,-0.05559100000000006,1.1428571428571428,1,0.5704121647588649,0.5733543229583851,33,control,model-v1,0.5704121647588649,synthetic_demo
entity_0040,candidate,2026-08-22 21:22:00+00:00,0.606259,2,19,27,0.017361111111111112,0.655067,-0.07590300000000005,2.7142857142857144,1,0.4598444619020181,0.46327406221816375,88,control,model-v1,0.4598444619020181,synthetic_demo
entity_0023,candidate,2026-08-22 21:26:00+00:00,0.865516,5,21,21,0.041666666666666664,0.551892,0.07863799999999999,3.0,1,0.589787270949846,0.5857417170585728,23,control,model-v1,0.589787270949846,synthetic_demo
entity_0117,candidate,2026-08-22 21:26:00+00:00,0.868263,4,28,50,0.3215277777777778,0.543925,0.0038329999999999753,4.0,0,0.5651766905213242,0.5647413646117906,37,control,model-v1,0.5651766905213242,synthetic_demo
entity_0112,candidate,2026-08-22 21:30:00+00:00,0.281543,1,7,14,0.25972222222222224,0.483073,-0.11462100000000003,1.0,0,0.23025901300420717,0.23392682856155841,34,control,model-v1,0.23025901300420717,synthetic_demo
entity_0028,candidate,2026-08-22 21:42:00+00:00,0.646326,4,11,26,0.11527777777777778,0.506009,0.09565299999999999,1.5714285714285714,0,0.4196056316292261,0.4145342607429946,76,control,model-v1,0.4196056316292261,synthetic_demo
entity_0066,candidate,2026-08-22 21:52:00+00:00,0.465458,0,8,19,1.14375,0.510268,0.044711,1.1428571428571428,1,0.32287962313218455,0.32062581095246817,99,control,model-v1,0.32287962313218455,synthetic_demo
entity_0077,candidate,2026-08-22 21:59:00+00:00,0.744868,3,9,30,0.029861111111111113,0.894463,0.0665,1.2857142857142858,1,0.6105057602362016,0.6073122721145215,33,control,model-v1,0.6105057602362016,synthetic_demo
entity_0004,candidate,2026-08-22 22:00:00+00:00,0.758402,7,22,39,0.11388888888888889,0.421875,-0.0016119999999999468,3.142857142857143,0,0.4646172749895936,0.4641081023720195,43,control,model-v1,0.4646172749895936,synthetic_demo
entity_0035,candidate,2026-08-22 22:00:00+00:00,0.234278,3,8,13,0.1076388888888889,0.908468,0.02740999999999999,1.1428571428571428,0,0.3459783725859602,0.343280561348786,42,control,model-v1,0.3459783725859602,synthetic_demo
entity_0096,candidate,2026-08-22 22:07:00+00:00,0.517651,2,4,11,0.1951388888888889,0.832947,0.0005739999999999634,0.5714285714285714,0,0.4695953864708755,0.4693184011826432,81,control,model-v1,0.4695953864708755,synthetic_demo
entity_0040,candidate,2026-08-22 22:11:00+00:00,0.606589,3,20,28,0.034027777777777775,0.655067,0.0003300000000000525,2.857142857142857,1,0.46355430217083915,0.46283966036623986,88,control,model-v1,0.46355430217083915,synthetic_demo
entity_0166,company,2026-08-22 22:29:00+00:00,0.970885,3,28,37,0.5763888888888888,0.627337,-0.029115000000000002,4.0,1,0.6657109434600371,0.6672238867454724,73,control,model-v1,0.6657109434600371,synthetic_demo
entity_0011,candidate,2026-08-22 22:35:00+00:00,0.583857,1,7,27,0.5263888888888889,0.389238,-0.05477900000000002,1.0,1,0.330896935740377,0.33361750212690366,23,control,model-v1,0.330896935740377,synthetic_demo
entity_0096,candidate,2026-08-22 22:43:00+00:00,0.396713,3,5,12,0.025,0.832947,-0.12093799999999999,0.7142857142857143,1,0.4027089638820534,0.4080638593609783,81,control,model-v1,0.4027089638820534,synthetic_demo
entity_0183,company,2026-08-22 22:44:00+00:00,0.781251,4,8,18,0.06527777777777778,0.936954,0.03578900000000007,1.1428571428571428,1,0.6600015777403117,0.6584743756874378,9,permanent_holdout,non_ml_baseline,0.8591025,synthetic_demo
entity_0045,candidate,2026-08-22 22:49:00+00:00,0.812282,3,11,27,0.5736111111111111,0.734378,0.06731799999999999,1.5714285714285714,1,0.6004427785837921,0.5973864797315643,98,control,model-v1,0.6004427785837921,synthetic_demo
entity_0008,candidate,2026-08-22 22:50:00+00:00,0.772336,3,8,21,0.08263888888888889,0.621484,-0.12844100000000003,1.1428571428571428,1,0.533760832608896,0.5409158788108132,55,control,model-v1,0.533760832608896,synthetic_demo
entity_0059,candidate,2026-08-22 22:51:00+00:00,0.288945,1,5,7,0.7923611111111111,0.70393,-0.12359700000000001,0.7142857142857143,1,0.306429317704545,0.3112180332307485,50,control,model-v1,0.306429317704545,synthetic_demo
entity_0186,company,2026-08-22 22:53:00+00:00,0.790554,3,17,21,0.27291666666666664,0.52191,0.06899500000000003,2.4285714285714284,1,0.5244201755983373,0.5209259826650381,94,control,model-v1,0.5244201755983373,synthetic_demo
entity_0155,company,2026-08-22 22:54:00+00:00,0.443336,3,15,29,0.33819444444444446,0.593472,-0.04755599999999999,2.142857142857143,0,0.3423952906340131,0.3437563442409413,78,control,model-v1,0.3423952906340131,synthetic_demo
entity_0190,company,2026-08-22 22:55:00+00:00,0.206598,1,6,13,0.3972222222222222,0.908902,-0.16279300000000002,0.8571428571428571,1,0.3253645144755248,0.3317539379926732,93,control,model-v1,0.3253645144755248,synthetic_demo
entity_0039,candidate,2026-08-22 23:00:00+00:00,0.919079,4,13,30,0.12222222222222222,0.359386,-0.08092100000000002,1.8571428571428572,1,0.5202058379248923,0.5251851976807141,92,control,model-v1,0.5202058379248923,synthetic_demo
entity_0071,candidate,2026-08-22 23:01:00+00:00,0.977718,4,25,44,0.6291666666666667,0.794835,0.01344499999999993,3.5714285714285716,1,0.7142933895339031,0.7138209147228719,19,challenger,model-v2,0.7138209147228719,synthetic_demo
entity_0164,company,2026-08-22 23:04:00+00:00,0.883633,3,17,33,0.5826388888888889,0.975363,-0.05227700000000002,2.4285714285714284,1,0.7223322183035893,0.7246903261245755,47,control,model-v1,0.7223322183035893,synthetic_demo
entity_0040,candidate,2026-08-22 23:05:00+00:00,0.682782,4,21,29,0.0375,0.655067,0.07619299999999996,3.0,1,0.5112069885479178,0.5065980812001257,88,control,model-v1,0.5112069885479178,synthetic_demo
entity_0125,candidate,2026-08-22 23:11:00+00:00,1.0,4,18,43,0.5069444444444444,0.946845,0.02056800000000003,2.5714285714285716,1,0.759472867551867,0.7590094059917608,23,control,model-v1,0.759472867551867,synthetic_demo
entity_0117,candidate,2026-08-22 23:18:00+00:00,0.866959,5,29,51,0.07777777777777778,0.543925,-0.0013039999999999718,4.142857142857143,1,0.5660367656948525,0.5657122944538724,37,control,model-v1,0.5660367656948525,synthetic_demo
entity_0012,candidate,2026-08-22 23:26:00+00:00,0.523332,3,14,25,0.5631944444444444,0.458486,-0.07701899999999995,2.0,1,0.3421377040841545,0.34524878963194994,50,control,model-v1,0.3421377040841545,synthetic_demo
entity_0041,candidate,2026-08-22 23:30:00+00:00,0.372323,2,9,14,0.6,0.399266,7.699999999999374e-05,1.2857142857142858,0,0.2520315780715654,0.2514685074137684,36,control,model-v1,0.2520315780715654,synthetic_demo
entity_0004,candidate,2026-08-22 23:33:00+00:00,0.789746,7,22,40,0.06458333333333334,0.421875,0.03134399999999993,3.142857142857143,1,0.48117937209370226,0.47904311987241965,43,control,model-v1,0.48117937209370226,synthetic_demo
entity_0121,candidate,2026-08-22 23:35:00+00:00,0.333203,1,7,11,0.2673611111111111,0.874267,0.012022000000000033,1.0,1,0.38359730240091,0.3821252150219872,36,control,model-v1,0.38359730240091,synthetic_demo
entity_0153,company,2026-08-22 23:38:00+00:00,0.396352,3,11,18,0.10486111111111111,0.68925,-0.040874999999999995,1.5714285714285714,1,0.3549243700365496,0.355965828768783,37,control,model-v1,0.3549243700365496,synthetic_demo
entity_0146,company,2026-08-22 23:39:00+00:00,0.752424,5,17,35,0.34444444444444444,0.812222,-0.02792400000000006,2.4285714285714284,0,0.6004925180259775,0.6015393383189296,96,control,model-v1,0.6004925180259775,synthetic_demo
entity_0167,company,2026-08-22 23:42:00+00:00,0.936686,3,19,26,0.14027777777777778,0.387923,0.10462400000000005,2.7142857142857144,1,0.5545182171618553,0.5496710516942374,70,control,model-v1,0.5545182171618553,synthetic_demo
entity_0110,candidate,2026-08-22 23:43:00+00:00,0.559115,4,5,15,0.30625,0.976177,0.06258600000000003,0.7142857142857143,1,0.5514650993587175,0.5477540323164606,43,control,model-v1,0.5514650993587175,synthetic_demo
entity_0032,candidate,2026-08-22 23:46:00+00:00,0.966016,3,18,37,0.4951388888888889,0.476883,0.06200899999999998,2.5714285714285716,1,0.5917889708056331,0.5893078578885255,65,control,model-v1,0.5917889708056331,synthetic_demo
entity_0127,candidate,2026-08-22 23:47:00+00:00,0.375875,3,3,6,0.5819444444444445,0.773714,0.04615600000000003,0.42857142857142855,1,0.3771187693868781,0.37412176675887404,2,permanent_holdout,non_ml_baseline,0.5747945,synthetic_demo
entity_0025,candidate,2026-08-22 23:54:00+00:00,0.743336,2,10,17,0.6326388888888889,0.572241,0.16258099999999998,1.4285714285714286,1,0.5080458766519451,0.4998620344710906,70,control,model-v1,0.5080458766519451,synthetic_demo
entity_0086,candidate,2026-08-23 00:04:00+00:00,0.769723,5,23,33,0.34305555555555556,0.390953,-0.051808999999999994,3.2857142857142856,0,0.46474867006733794,0.4670947196216654,47,control,model-v1,0.46474867006733794,synthetic_demo
entity_0185,company,2026-08-23 00:13:00+00:00,0.511782,0,7,17,2.033333333333333,0.452308,0.13773399999999997,1.0,1,0.33340612533812825,0.3269871098270675,56,control,model-v1,0.33340612533812825,synthetic_demo
entity_0076,candidate,2026-08-23 00:14:00+00:00,0.99197,0,35,60,1.2666666666666666,0.965334,0.06531900000000002,5.0,1,0.7646257989425744,0.762180321753773,44,control,model-v1,0.7646257989425744,synthetic_demo
entity_0155,company,2026-08-23 00:14:00+00:00,0.454948,4,16,30,0.05555555555555555,0.593472,0.011612000000000011,2.2857142857142856,1,0.34972354277874984,0.3481622350225145,78,control,model-v1,0.34972354277874984,synthetic_demo
entity_0016,candidate,2026-08-23 00:21:00+00:00,0.929205,0,13,17,1.4604166666666667,0.704796,0.058791999999999955,1.8571428571428572,1,0.6661081566975134,0.6642432566706356,86,control,model-v1,0.6661081566975134,synthetic_demo
entity_0034,candidate,2026-08-23 00:24:00+00:00,0.209659,0,5,6,5.319444444444445,0.70669,-0.053938000000000014,0.7142857142857143,0,0.29512931640664725,0.2965619315570485,41,control,model-v1,0.29512931640664725,synthetic_demo
entity_0049,candidate,2026-08-23 00:27:00+00:00,0.862126,0,14,18,2.379166666666667,0.578951,0.012936999999999976,2.0,1,0.5919193667653688,0.5920177778096772,37,control,model-v1,0.5919193667653688,synthetic_demo
entity_0004,candidate,2026-08-23 00:32:00+00:00,0.799366,7,23,41,0.04097222222222222,0.421875,0.009620000000000073,3.2857142857142856,1,0.48720108368702186,0.4861921365177689,43,control,model-v1,0.48720108368702186,synthetic_demo
entity_0106,candidate,2026-08-23 00:52:00+00:00,0.937474,0,9,26,1.3534722222222222,0.633777,0.16424700000000003,1.2857142857142858,0,0.6280824770572848,0.6211504777548892,17,challenger,model-v2,0.6211504777548892,synthetic_demo
entity_0076,candidate,2026-08-23 01:04:00+00:00,0.86626,1,36,61,0.034722222222222224,0.965334,-0.12571,5.142857142857143,0,0.7034107541358374,0.7084797213757669,44,control,model-v1,0.7034107541358374,synthetic_demo
entity_0111,candidate,2026-08-23 01:07:00+00:00,0.957423,6,28,32,0.22569444444444445,0.554652,0.149999,4.0,1,0.6444647935404497,0.6370450180397075,29,control,model-v1,0.6444647935404497,synthetic_demo
entity_0077,candidate,2026-08-23 01:10:00+00:00,0.708359,4,9,31,0.1326388888888889,0.894463,-0.036509000000000014,1.2857142857142858,0,0.592390116551304,0.5941602262885927,33,control,model-v1,0.592390116551304,synthetic_demo
entity_0111,candidate,2026-08-23 01:20:00+00:00,0.852146,7,29,33,0.009027777777777777,0.554652,-0.10527700000000006,4.142857142857143,1,0.5884142692228136,0.5931216370252561,29,control,model-v1,0.5884142692228136,synthetic_demo
entity_0076,candidate,2026-08-23 01:22:00+00:00,1.0,2,36,62,0.0125,0.965334,0.13373999999999997,5.142857142857143,1,0.7649614659405038,0.7597374676893921,44,control,model-v1,0.7649614659405038,synthetic_demo
entity_0141,company,2026-08-23 01:23:00+00:00,0.64829,0,10,28,3.2465277777777777,0.629525,-0.13339999999999996,1.4285714285714286,0,0.47458620718359823,0.481797850625249,83,control,model-v1,0.47458620718359823,synthetic_demo
entity_0006,candidate,2026-08-23 01:25:00+00:00,0.558622,1,11,17,0.8104166666666667,0.463566,-0.009489999999999998,1.5714285714285714,0,0.3631474599796937,0.3634872190306953,39,control,model-v1,0.3631474599796937,synthetic_demo
entity_0194,company,2026-08-23 01:31:00+00:00,0.738237,0,14,33,1.5583333333333333,0.937393,-0.057744999999999935,2.0,0,0.6301356065757299,0.6331318083051696,58,control,model-v1,0.6301356065757299,synthetic_demo
entity_0175,company,2026-08-23 01:36:00+00:00,0.241267,0,7,12,3.1375,0.679942,-0.044736,1.0,1,0.2855990770856667,0.28665618615622734,93,control,model-v1,0.2855990770856667,synthetic_demo
entity_0089,candidate,2026-08-23 01:37:00+00:00,0.742709,0,16,31,1.1875,0.874239,-0.07293000000000005,2.2857142857142856,1,0.6131630664019295,0.6169328034105079,26,control,model-v1,0.6131630664019295,synthetic_demo
entity_0181,company,2026-08-23 01:43:00+00:00,0.707411,0,6,17,4.486805555555556,0.92619,0.028611000000000053,0.8571428571428571,0,0.6341319802779342,0.6331164843825079,72,control,model-v1,0.6341319802779342,synthetic_demo
entity_0033,candidate,2026-08-23 01:44:00+00:00,0.79558,0,24,37,1.0756944444444445,0.760571,-0.05180700000000005,3.4285714285714284,1,0.6073380721138167,0.6099483014856274,20,control,model-v1,0.6073380721138167,synthetic_demo
entity_0171,company,2026-08-23 01:47:00+00:00,0.555028,0,7,15,1.06875,0.404979,-0.10328000000000004,1.0,0,0.3356142673729463,0.3406414193357408,68,control,model-v1,0.3356142673729463,synthetic_demo
entity_0032,candidate,2026-08-23 01:50:00+00:00,0.917301,4,18,38,0.08611111111111111,0.476883,-0.04871499999999995,2.5714285714285716,1,0.5627715641436346,0.5657152757388292,65,control,model-v1,0.5627715641436346,synthetic_demo
entity_0032,candidate,2026-08-23 01:55:00+00:00,0.896911,5,19,39,0.003472222222222222,0.476883,-0.02039000000000002,2.7142857142857144,0,0.5538588003451246,0.5551211227735925,65,control,model-v1,0.5538588003451246,synthetic_demo
entity_0143,company,2026-08-23 01:57:00+00:00,0.660707,1,11,14,0.5083333333333333,0.636349,0.01829000000000003,1.5714285714285714,1,0.4863622512589475,0.4855246521109609,12,challenger,model-v2,0.4855246521109609,synthetic_demo
entity_0154,company,2026-08-23 02:01:00+00:00,0.418461,2,7,13,0.21666666666666667,0.555039,-0.110547,1.0,1,0.3178276798335652,0.3223943811545675,76,control,model-v1,0.3178276798335652,synthetic_demo
entity_0030,candidate,2026-08-23 02:11:00+00:00,0.376369,3,10,12,0.4965277777777778,0.913777,-0.02765899999999999,1.4285714285714286,1,0.4335904567439717,0.4338782039015546,6,permanent_holdout,non_ml_baseline,0.645073,synthetic_demo
entity_0171,company,2026-08-23 02:13:00+00:00,0.666186,1,8,16,0.018055555555555554,0.404979,0.11115799999999998,1.1428571428571428,1,0.39135270316593335,0.38618485027357763,68,control,model-v1,0.39135270316593335,synthetic_demo
entity_0186,company,2026-08-23 02:17:00+00:00,0.796283,3,17,22,0.14166666666666666,0.52191,0.005728999999999984,2.4285714285714284,0,0.5255447604895661,0.5253950341379136,94,control,model-v1,0.5255447604895661,synthetic_demo
entity_0143,company,2026-08-23 02:33:00+00:00,0.634345,2,12,15,0.025,0.636349,-0.026361999999999997,1.7142857142857142,1,0.4709509679706731,0.4722195779812971,12,challenger,model-v2,0.4722195779812971,synthetic_demo
entity_0101,candidate,2026-08-23 02:42:00+00:00,0.326985,3,12,20,0.46111111111111114,0.679492,-0.059404999999999986,1.7142857142857142,1,0.3174132064288754,0.3190018320323488,38,control,model-v1,0.3174132064288754,synthetic_demo
entity_0049,candidate,2026-08-23 02:46:00+00:00,0.706435,1,15,19,0.09652777777777778,0.578951,-0.1556909999999999,2.142857142857143,1,0.4892072906385934,0.49753111870083644,37,control,model-v1,0.4892072906385934,synthetic_demo
entity_0094,candidate,2026-08-23 02:48:00+00:00,0.677668,0,14,22,1.1618055555555555,0.607268,-0.17415899999999995,2.0,0,0.48272699271364283,0.49204727390192143,86,control,model-v1,0.48272699271364283,synthetic_demo
entity_0092,candidate,2026-08-23 02:53:00+00:00,0.311386,1,2,7,0.5416666666666666,0.808622,0.01972099999999999,0.2857142857142857,1,0.34651443993866904,0.3449102431172177,22,control,model-v1,0.34651443993866904,synthetic_demo
entity_0052,candidate,2026-08-23 02:58:00+00:00,0.43986,0,11,16,1.2208333333333334,0.571215,0.09183199999999997,1.5714285714285714,1,0.3390241144011148,0.3342702875751072,70,control,model-v1,0.3390241144011148,synthetic_demo
entity_0195,company,2026-08-23 03:02:00+00:00,0.884975,0,5,32,1.2979166666666666,0.802905,0.06320999999999999,0.7142857142857143,1,0.6454755802533068,0.6434991887334952,25,control,model-v1,0.6454755802533068,synthetic_demo
entity_0016,candidate,2026-08-23 03:03:00+00:00,0.886115,1,14,18,0.1125,0.704796,-0.04308999999999996,2.0,1,0.6375308814881111,0.6402858683461189,86,control,model-v1,0.6375308814881111,synthetic_demo
entity_0045,candidate,2026-08-23 03:08:00+00:00,0.936906,3,10,28,0.1798611111111111,0.734378,0.12462400000000007,1.4285714285714286,1,0.6621940563613465,0.657054262311515,98,control,model-v1,0.6621940563613465,synthetic_demo
entity_0023,candidate,2026-08-23 03:13:00+00:00,0.779407,5,21,22,0.24097222222222223,0.551892,-0.08610899999999999,3.0,0,0.5408610101885097,0.5450329398971564,23,control,model-v1,0.5408610101885097,synthetic_demo
entity_0150,company,2026-08-23 03:18:00+00:00,0.791056,0,11,18,3.432638888888889,0.673891,-0.025032000000000054,1.5714285714285714,0,0.5891201522944005,0.5909901227844708,99,control,model-v1,0.5891201522944005,synthetic_demo
entity_0039,candidate,2026-08-23 03:23:00+00:00,0.900162,5,13,31,0.18263888888888888,0.359386,-0.01891699999999996,1.8571428571428572,1,0.5112315451088378,0.5127813021987991,92,control,model-v1,0.5112315451088378,synthetic_demo
entity_0121,candidate,2026-08-23 03:28:00+00:00,0.302967,2,8,12,0.16180555555555556,0.874267,-0.03023600000000004,1.1428571428571428,0,0.369582495862849,0.36996374473424637,36,control,model-v1,0.369582495862849,synthetic_demo
entity_0122,candidate,2026-08-23 03:35:00+00:00,0.347811,1,5,16,0.44166666666666665,0.819313,0.18519599999999997,0.7142857142857143,1,0.3638296045297315,0.3541617516594744,68,control,model-v1,0.3638296045297315,synthetic_demo
entity_0004,candidate,2026-08-23 03:43:00+00:00,0.84706,7,24,42,0.1326388888888889,0.421875,0.047694000000000014,3.4285714285714284,1,0.5161895438834764,0.5132922077464083,43,control,model-v1,0.5161895438834764,synthetic_demo
entity_0037,candidate,2026-08-23 03:47:00+00:00,0.83053,2,30,55,0.4048611111111111,0.890078,-0.08068700000000006,4.285714285714286,1,0.6621848043346584,0.6655921744643026,94,control,model-v1,0.6621848043346584,synthetic_demo
entity_0182,company,2026-08-23 03:51:00+00:00,0.916235,5,23,41,0.2861111111111111,0.88819,0.034748,3.2857142857142856,1,0.7144770095167,0.7128657227449021,31,control,model-v1,0.7144770095167,synthetic_demo
entity_0004,candidate,2026-08-23 03:52:00+00:00,0.841541,8,25,43,0.00625,0.421875,-0.005519000000000052,3.5714285714285716,1,0.5154755178695981,0.5152031437495476,43,control,model-v1,0.5154755178695981,synthetic_demo
entity_0088,candidate,2026-08-23 03:53:00+00:00,0.800135,3,18,38,0.37777777777777777,0.64556,-0.009214999999999973,2.5714285714285716,0,0.5584711654115055,0.5589959260694787,22,control,model-v1,0.5584711654115055,synthetic_demo
entity_0062,candidate,2026-08-23 04:02:00+00:00,0.194124,0,3,10,4.195138888888889,0.600626,-0.036621000000000015,0.42857142857142855,0,0.24300736022723593,0.24368545131223712,8,permanent_holdout,non_ml_baseline,0.397375,synthetic_demo
entity_0194,company,2026-08-23 04:03:00+00:00,0.819406,1,13,33,0.10555555555555556,0.937393,0.08116899999999994,1.8571428571428572,1,0.6643495134440143,0.6608966735021861,58,control,model-v1,0.6643495134440143,synthetic_demo
entity_0059,candidate,2026-08-23 04:08:00+00:00,0.306125,1,6,8,0.22013888888888888,0.70393,0.017179999999999973,0.8571428571428571,0,0.3118997614122896,0.31037245124253704,50,control,model-v1,0.3118997614122896,synthetic_demo
entity_0111,candidate,2026-08-23 04:10:00+00:00,0.875245,8,29,33,0.11805555555555555,0.554652,0.02309900000000009,4.142857142857143,1,0.6048055064431411,0.6029654534048317,29,control,model-v1,0.6048055064431411,synthetic_demo
entity_0094,candidate,2026-08-23 04:12:00+00:00,0.780196,1,15,23,0.058333333333333334,0.607268,0.10252799999999995,2.142857142857143,1,0.5375654443966961,0.5325588385092072,86,control,model-v1,0.5375654443966961,synthetic_demo
entity_0121,candidate,2026-08-23 04:13:00+00:00,0.27881,3,9,13,0.03125,0.874267,-0.024156999999999984,1.2857142857142858,1,0.3588608714565929,0.358724873374636,36,control,model-v1,0.3588608714565929,synthetic_demo
entity_0117,candidate,2026-08-23 04:14:00+00:00,0.938586,5,30,52,0.20555555555555555,0.543925,0.071627,4.285714285714286,1,0.6078717111803968,0.6040756983999949,37,control,model-v1,0.6078717111803968,synthetic_demo
entity_0159,company,2026-08-23 04:16:00+00:00,0.499112,4,14,27,0.49027777777777776,0.729018,-0.16527499999999995,2.0,0,0.42609331405448336,0.43369641252700186,15,challenger,model-v2,0.43369641252700186,synthetic_demo
entity_0094,candidate,2026-08-23 04:17:00+00:00,0.810489,2,16,24,0.003472222222222222,0.607268,0.030293000000000014,2.2857142857142856,1,0.5579937004960105,0.5567280059033398,86,control,model-v1,0.5579937004960105,synthetic_demo
entity_0167,company,2026-08-23 04:17:00+00:00,0.883987,4,19,27,0.1909722222222222,0.387923,-0.05269900000000005,2.7142857142857144,1,0.526026860268184,0.5291083310947584,70,control,model-v1,0.526026860268184,synthetic_demo
entity_0055,candidate,2026-08-23 04:19:00+00:00,0.75143,0,8,15,1.4097222222222223,0.611813,0.094715,1.1428571428571428,1,0.5266861093920805,0.522392931967057,71,control,model-v1,0.5266861093920805,synthetic_demo
entity_0004,candidate,2026-08-23 04:26:00+00:00,0.905995,9,26,44,0.02361111111111111,0.421875,0.06445400000000001,3.7142857142857144,0,0.5562409207926929,0.5523924676152071,43,control,model-v1,0.5562409207926929,synthetic_demo
entity_0004,candidate,2026-08-23 04:29:00+00:00,0.817941,10,27,45,0.0020833333333333333,0.421875,-0.08805399999999997,3.857142857142857,1,0.5085709615728774,0.5122476178937124,43,control,model-v1,0.5085709615728774,synthetic_demo
entity_0155,company,2026-08-23 04:33:00+00:00,0.50497,5,16,31,0.1798611111111111,0.593472,0.05002200000000001,2.2857142857142856,0,0.3789342486108637,0.3754737980229401,78,control,model-v1,0.3789342486108637,synthetic_demo
entity_0159,company,2026-08-23 04:36:00+00:00,0.591343,5,15,28,0.013888888888888888,0.729018,0.09223099999999995,2.142857142857143,0,0.479085009544479,0.47346159433649404,15,challenger,model-v2,0.47346159433649404,synthetic_demo
entity_0182,company,2026-08-23 04:47:00+00:00,0.883813,6,24,42,0.03888888888888889,0.88819,-0.03242200000000006,3.4285714285714284,1,0.7002095926712065,0.7013009699201977,31,control,model-v1,0.7002095926712065,synthetic_demo
entity_0195,company,2026-08-23 04:48:00+00:00,0.842375,1,6,32,0.07361111111111111,0.802905,-0.04259999999999997,0.8571428571428571,1,0.6184467791134782,0.6213958163644776,25,control,model-v1,0.6184467791134782,synthetic_demo
entity_0039,candidate,2026-08-23 04:53:00+00:00,1.0,6,14,32,0.0625,0.359386,0.09983799999999998,2.0,0,0.5712984507529572,0.5668676432202815,92,control,model-v1,0.5712984507529572,synthetic_demo
entity_0045,candidate,2026-08-23 04:55:00+00:00,0.748568,4,10,28,0.07430555555555556,0.734378,-0.188338,1.4285714285714286,1,0.5605636442297909,0.5703948649269864,98,control,model-v1,0.5605636442297909,synthetic_demo
entity_0149,company,2026-08-23 04:57:00+00:00,0.620727,0,4,21,5.2972222222222225,0.958251,-0.11559699999999995,0.5714285714285714,1,0.5954480896680705,0.6014721582792179,3,permanent_holdout,non_ml_baseline,0.789489,synthetic_demo
entity_0111,candidate,2026-08-23 05:00:00+00:00,0.861078,9,30,34,0.034722222222222224,0.554652,-0.01416700000000004,4.285714285714286,1,0.5996074250097574,0.5994488349798871,29,control,model-v1,0.5996074250097574,synthetic_demo
entity_0172,company,2026-08-23 05:01:00+00:00,0.318603,0,3,7,1.1083333333333334,0.729894,0.13146900000000003,0.42857142857142855,0,0.32627877549077167,0.3196910444689173,42,control,model-v1,0.32627877549077167,synthetic_demo
entity_0032,candidate,2026-08-23 05:02:00+00:00,1.0,6,20,38,0.12986111111111112,0.476883,0.10308899999999999,2.857142857142857,0,0.618501806576888,0.6137420233889552,65,control,model-v1,0.618501806576888,synthetic_demo
entity_0054,candidate,2026-08-23 05:02:00+00:00,0.735811,0,17,34,1.7222222222222223,0.695234,0.068635,2.4285714285714284,1,0.5447387017935921,0.5413127349529855,9,permanent_holdout,non_ml_baseline,0.7155225000000001,synthetic_demo
entity_0050,candidate,2026-08-23 05:27:00+00:00,0.575476,0,16,23,1.2291666666666667,0.946818,0.03451700000000002,2.2857142857142856,1,0.5556821061632536,0.5534281726584137,49,control,model-v1,0.5556821061632536,synthetic_demo
entity_0025,candidate,2026-08-23 05:28:00+00:00,0.688975,3,10,18,0.23194444444444445,0.572241,-0.05436099999999999,1.4285714285714286,1,0.47511032437122114,0.47804940633641385,70,control,model-v1,0.47511032437122114,synthetic_demo
entity_0085,candidate,2026-08-23 05:30:00+00:00,0.759317,0,14,27,1.273611111111111,0.606124,-0.052234,2.0,0,0.5243265814133689,0.5275021857832127,70,control,model-v1,0.5243265814133689,synthetic_demo
entity_0150,company,2026-08-23 05:34:00+00:00,0.770763,1,12,19,0.09444444444444444,0.673891,-0.020293000000000005,1.7142857142857142,1,0.5570125641035669,0.5584967944547146,99,control,model-v1,0.5570125641035669,synthetic_demo
entity_0009,candidate,2026-08-23 05:40:00+00:00,0.866803,4,11,40,0.6131944444444445,0.504183,-0.05361300000000002,1.5714285714285714,1,0.5325568983381342,0.5359231984528104,49,control,model-v1,0.5325568983381342,synthetic_demo
entity_0134,candidate,2026-08-23 05:40:00+00:00,0.928319,0,18,38,1.257638888888889,0.883304,0.028252000000000055,2.5714285714285716,0,0.7084837048391123,0.707809494255126,87,control,model-v1,0.7084837048391123,synthetic_demo
entity_0103,candidate,2026-08-23 05:41:00+00:00,0.897144,3,12,20,0.3625,0.637277,-0.04619299999999993,1.7142857142857142,1,0.620635734217563,0.6235424577294846,69,control,model-v1,0.620635734217563,synthetic_demo
entity_0028,candidate,2026-08-23 05:42:00+00:00,0.501785,4,12,27,0.3333333333333333,0.506009,-0.14454099999999992,1.7142857142857142,1,0.34264357606602436,0.34887685569247745,76,control,model-v1,0.34264357606602436,synthetic_demo
entity_0029,candidate,2026-08-23 05:42:00+00:00,0.778297,0,16,23,1.351388888888889,0.731797,-0.025415999999999994,2.2857142857142856,1,0.5915408742034216,0.5931590208088486,52,control,model-v1,0.5915408742034216,synthetic_demo
entity_0081,candidate,2026-08-23 05:44:00+00:00,0.367387,0,0,3,8.572916666666666,0.913974,0.14308,0.0,1,0.4714598201903314,0.4634517610190543,8,permanent_holdout,non_ml_baseline,0.6406805,synthetic_demo
entity_0077,candidate,2026-08-23 05:51:00+00:00,0.70687,5,10,32,0.1951388888888889,0.894463,-0.0014889999999999626,1.4285714285714286,0,0.5952944418599477,0.5951285842842409,33,control,model-v1,0.5952944418599477,synthetic_demo
entity_0129,candidate,2026-08-23 05:57:00+00:00,0.655932,0,14,30,1.3020833333333333,0.551726,0.08043999999999996,2.0,0,0.44027542396598485,0.4362175718037659,52,control,model-v1,0.44027542396598485,synthetic_demo
entity_0151,company,2026-08-23 06:13:00+00:00,0.714898,2,13,16,0.7979166666666667,0.857793,0.052842000000000056,1.8571428571428572,0,0.6068615225890812,0.6041858750047143,74,control,model-v1,0.6068615225890812,synthetic_demo
entity_0073,candidate,2026-08-23 06:18:00+00:00,0.928207,4,15,29,0.5798611111111112,0.682864,0.12538800000000005,2.142857142857143,0,0.6523106201000715,0.6467445869329802,11,challenger,model-v2,0.6467445869329802,synthetic_demo
entity_0055,candidate,2026-08-23 06:24:00+00:00,0.713371,1,9,16,0.08680555555555555,0.611813,-0.038059000000000065,1.2857142857142858,1,0.49832523142650387,0.5007431722784284,71,control,model-v1,0.49832523142650387,synthetic_demo
entity_0033,candidate,2026-08-23 06:26:00+00:00,0.759998,1,25,37,0.19583333333333333,0.760571,-0.035582,3.5714285714285716,1,0.5857175577854562,0.5872896149264167,20,control,model-v1,0.5857175577854562,synthetic_demo
entity_0129,candidate,2026-08-23 06:29:00+00:00,0.590193,1,15,31,0.022222222222222223,0.551726,-0.06573899999999999,2.142857142857143,1,0.3973143744326202,0.4003949223891301,52,control,model-v1,0.3973143744326202,synthetic_demo
entity_0033,candidate,2026-08-23 06:33:00+00:00,0.799381,2,26,38,0.004861111111111111,0.760571,0.03938300000000006,3.7142857142857144,1,0.6096662650341125,0.6074308133287867,20,control,model-v1,0.6096662650341125,synthetic_demo
entity_0167,company,2026-08-23 06:35:00+00:00,0.948574,5,20,28,0.09583333333333334,0.387923,0.06458700000000006,2.857142857142857,1,0.5659173720932817,0.5629482235107987,70,control,model-v1,0.5659173720932817,synthetic_demo
entity_0106,candidate,2026-08-23 06:36:00+00:00,0.77306,1,8,27,0.2388888888888889,0.633777,-0.16441400000000006,1.1428571428571428,0,0.5269856242654836,0.5362509601270047,17,challenger,model-v2,0.5362509601270047,synthetic_demo
entity_0188,company,2026-08-23 06:36:00+00:00,0.777404,0,5,22,1.4159722222222222,0.398168,0.13359100000000002,0.7142857142857143,1,0.44626311006565955,0.44033274165532654,90,control,model-v1,0.44626311006565955,synthetic_demo
entity_0032,candidate,2026-08-23 06:40:00+00:00,0.89824,5,21,38,0.06805555555555555,0.476883,-0.10175999999999996,3.0,1,0.5599665082770278,0.5653519868657303,65,control,model-v1,0.5599665082770278,synthetic_demo
entity_0030,candidate,2026-08-23 06:55:00+00:00,0.310488,4,10,13,0.19722222222222222,0.913777,-0.06588100000000002,1.4285714285714286,1,0.39583460599805587,0.3977257496904569,6,permanent_holdout,non_ml_baseline,0.6121325,synthetic_demo
entity_0109,candidate,2026-08-23 06:58:00+00:00,0.515351,0,7,14,2.339583333333333,0.733495,0.002929999999999988,1.0,1,0.44243289307108746,0.442132441373254,11,challenger,model-v2,0.442132441373254,synthetic_demo
entity_0152,company,2026-08-23 06:58:00+00:00,0.331549,0,2,10,1.9840277777777777,0.650452,0.11109399999999997,0.2857142857142857,1,0.30726868347488484,0.30189835369666196,8,permanent_holdout,non_ml_baseline,0.4910005,synthetic_demo
entity_0071,candidate,2026-08-23 07:05:00+00:00,0.833121,2,26,44,0.33611111111111114,0.794835,-0.14459699999999998,3.7142857142857144,1,0.6356622449355827,0.6425160836883739,19,challenger,model-v2,0.6425160836883739,synthetic_demo
entity_0111,candidate,2026-08-23 07:07:00+00:00,0.833926,9,31,35,0.08819444444444445,0.554652,-0.027152000000000065,4.428571428571429,1,0.5853379843829636,0.585706089606775,29,control,model-v1,0.5853379843829636,synthetic_demo
entity_0182,company,2026-08-23 07:07:00+00:00,1.0,6,25,43,0.09722222222222222,0.88819,0.11618700000000004,3.5714285714285716,1,0.754454593660104,0.7498503386783428,31,control,model-v1,0.754454593660104,synthetic_demo
entity_0029,candidate,2026-08-23 07:08:00+00:00,0.784969,1,17,24,0.059722222222222225,0.731797,0.006672000000000011,2.4285714285714284,1,0.5894476528874121,0.5893219568110349,52,control,model-v1,0.5894476528874121,synthetic_demo
entity_0111,candidate,2026-08-23 07:09:00+00:00,0.951392,10,32,36,0.001388888888888889,0.554652,0.11746600000000007,4.571428571428571,1,0.6522385990602152,0.6458693676779282,29,control,model-v1,0.6522385990602152,synthetic_demo
entity_0039,candidate,2026-08-23 07:11:00+00:00,0.947031,7,15,33,0.09583333333333334,0.359386,-0.052969000000000044,2.142857142857143,1,0.5445508484260282,0.5477131524621355,92,control,model-v1,0.5445508484260282,synthetic_demo
entity_0098,candidate,2026-08-23 07:12:00+00:00,0.758991,1,13,26,0.9777777777777777,0.882429,-0.17725000000000002,1.8571428571428572,0,0.6268354292754005,0.6357306429600944,57,control,model-v1,0.6268354292754005,synthetic_demo
entity_0099,candidate,2026-08-23 07:14:00+00:00,0.307612,0,3,8,2.4895833333333335,0.659546,0.03384199999999998,0.42857142857142855,1,0.30522591187136083,0.3031840224804524,31,control,model-v1,0.30522591187136083,synthetic_demo
entity_0089,candidate,2026-08-23 07:16:00+00:00,0.868597,1,17,32,0.23541666666666666,0.874239,0.125888,2.4285714285714284,1,0.6767827273089279,0.6713327697785173,26,control,model-v1,0.6767827273089279,synthetic_demo
entity_0152,company,2026-08-23 07:31:00+00:00,0.227765,1,3,11,0.022916666666666665,0.650452,-0.10378399999999999,0.42857142857142855,1,0.2501277300397967,0.2535120501209216,8,permanent_holdout,non_ml_baseline,0.4391085,synthetic_demo
entity_0070,candidate,2026-08-23 07:34:00+00:00,0.449351,0,13,29,1.4402777777777778,0.585533,-0.12034899999999998,1.8571428571428572,1,0.33917023913525146,0.3443663019015426,97,control,model-v1,0.33917023913525146,synthetic_demo
entity_0060,candidate,2026-08-23 07:35:00+00:00,0.794244,0,5,16,5.446527777777778,0.782671,0.06880999999999993,0.7142857142857143,1,0.6360678352920981,0.6334668865817902,1,permanent_holdout,non_ml_baseline,0.7884575,synthetic_demo
entity_0060,candidate,2026-08-23 07:37:00+00:00,0.800283,1,6,17,0.001388888888888889,0.782671,0.006039000000000017,0.8571428571428571,1,0.6050477803952102,0.6054673652470094,1,permanent_holdout,non_ml_baseline,0.791477,synthetic_demo
entity_0101,candidate,2026-08-23 07:42:00+00:00,0.380648,3,12,21,0.20833333333333334,0.679492,0.05366299999999996,1.7142857142857142,1,0.3422423850714116,0.3387074181434638,38,control,model-v1,0.3422423850714116,synthetic_demo
entity_0017,candidate,2026-08-23 07:44:00+00:00,0.495403,3,14,19,0.5131944444444444,0.434881,-0.020076000000000038,2.0,1,0.3259771539111798,0.32630238914985776,92,control,model-v1,0.3259771539111798,synthetic_demo
entity_0186,company,2026-08-23 07:45:00+00:00,0.61297,4,17,23,0.22777777777777777,0.52191,-0.18331299999999995,2.4285714285714284,1,0.42188581696379474,0.4307564007793698,94,control,model-v1,0.42188581696379474,synthetic_demo
entity_0167,company,2026-08-23 07:51:00+00:00,0.873726,6,21,29,0.05277777777777778,0.387923,-0.07484800000000003,3.0,0,0.5258883854245783,0.5297865695199624,70,control,model-v1,0.5258883854245783,synthetic_demo
entity_0033,candidate,2026-08-23 07:53:00+00:00,0.781356,3,27,39,0.05555555555555555,0.760571,-0.018024999999999958,3.857142857142857,1,0.6032843420355432,0.6037219269499547,20,control,model-v1,0.6032843420355432,synthetic_demo
entity_0080,candidate,2026-08-23 07:55:00+00:00,0.787677,4,11,31,0.5125,0.693391,0.04976599999999998,1.5714285714285714,1,0.5688404350558105,0.566457041170505,51,control,model-v1,0.5688404350558105,synthetic_demo
entity_0008,candidate,2026-08-23 08:03:00+00:00,0.868936,4,9,22,0.3840277777777778,0.621484,0.09660000000000002,1.2857142857142858,1,0.5944246973627509,0.5900935783470134,55,control,model-v1,0.5944246973627509,synthetic_demo
entity_0037,candidate,2026-08-23 08:08:00+00:00,0.913919,3,31,56,0.18125,0.890078,0.08338900000000005,4.428571428571429,0,0.7055768104661155,0.7016646638665357,94,control,model-v1,0.7055768104661155,synthetic_demo
entity_0055,candidate,2026-08-23 08:08:00+00:00,0.604915,2,10,17,0.07222222222222222,0.611813,-0.108456,1.4285714285714286,1,0.4389188988585472,0.4444420502573112,71,control,model-v1,0.4389188988585472,synthetic_demo
entity_0125,candidate,2026-08-23 08:10:00+00:00,1.0,3,19,43,0.37430555555555556,0.946845,0.0,2.7142857142857144,1,0.758061495809134,0.758438831721042,23,control,model-v1,0.758061495809134,synthetic_demo
entity_0122,candidate,2026-08-23 08:13:00+00:00,0.311831,2,6,17,0.19305555555555556,0.819313,-0.035979999999999956,0.8571428571428571,1,0.3461458966412311,0.3469276918698887,68,control,model-v1,0.3461458966412311,synthetic_demo
entity_0188,company,2026-08-23 08:17:00+00:00,0.625383,1,6,22,0.07013888888888889,0.398168,-0.15202099999999996,0.8571428571428571,0,0.3566510270198638,0.3643721202317593,90,control,model-v1,0.3566510270198638,synthetic_demo
entity_0077,candidate,2026-08-23 08:26:00+00:00,0.708351,6,11,32,0.1076388888888889,0.894463,0.0014809999999999546,1.5714285714285714,1,0.5999866978010356,0.5995268449737435,33,control,model-v1,0.5999866978010356,synthetic_demo
entity_0028,candidate,2026-08-23 08:33:00+00:00,0.689598,4,13,28,0.11875,0.506009,0.187813,1.8571428571428572,1,0.44551105495487375,0.4356406667885657,76,control,model-v1,0.44551105495487375,synthetic_demo
entity_0062,candidate,2026-08-23 08:34:00+00:00,0.354693,1,3,11,0.18888888888888888,0.600626,0.160569,0.42857142857142855,0,0.29439757291072016,0.2870003105827767,8,permanent_holdout,non_ml_baseline,0.4776595,synthetic_demo
entity_0143,company,2026-08-23 08:51:00+00:00,0.556246,3,13,16,0.2625,0.636349,-0.07809900000000003,1.8571428571428572,0,0.4311324077570834,0.4346393375501671,12,challenger,model-v2,0.4346393375501671,synthetic_demo
entity_0095,candidate,2026-08-23 08:52:00+00:00,0.952019,0,4,20,4.379166666666666,0.975143,0.06366799999999995,0.5714285714285714,1,0.761415662257093,0.7599282461983166,60,control,model-v1,0.761415662257093,synthetic_demo
entity_0050,candidate,2026-08-23 08:53:00+00:00,0.448476,1,17,24,0.14305555555555555,0.946818,-0.127,2.4285714285714284,1,0.47759310701332086,0.48323310726332586,49,control,model-v1,0.47759310701332086,synthetic_demo
entity_0155,company,2026-08-23 08:56:00+00:00,0.524985,5,16,32,0.18263888888888888,0.593472,0.020015000000000005,2.2857142857142856,1,0.388782677580641,0.386849738311104,78,control,model-v1,0.388782677580641,synthetic_demo
entity_0001,candidate,2026-08-23 09:01:00+00:00,0.757513,0,13,32,3.151388888888889,0.365757,0.011194000000000037,1.8571428571428572,1,0.4375626158408746,0.43755208083784236,2,permanent_holdout,non_ml_baseline,0.561635,synthetic_demo
entity_0167,company,2026-08-23 09:04:00+00:00,0.839566,7,22,30,0.050694444444444445,0.387923,-0.03415999999999997,3.142857142857143,0,0.5094626415717913,0.5109581811062733,70,control,model-v1,0.5094626415717913,synthetic_demo
entity_0129,candidate,2026-08-23 09:08:00+00:00,0.621236,2,15,32,0.11041666666666666,0.551726,0.031043000000000043,2.142857142857143,1,0.4168640305398518,0.4150286555855971,52,control,model-v1,0.4168640305398518,synthetic_demo
entity_0150,company,2026-08-23 09:08:00+00:00,0.737576,2,13,20,0.1486111111111111,0.673891,-0.033186999999999967,1.8571428571428572,1,0.541694109575659,0.5435932177658674,99,control,model-v1,0.541694109575659,synthetic_demo
entity_0011,candidate,2026-08-23 09:10:00+00:00,0.574148,2,8,28,0.4409722222222222,0.389238,-0.009708999999999968,1.1428571428571428,1,0.32837824079524874,0.32882372247582276,23,control,model-v1,0.32837824079524874,synthetic_demo
entity_0188,company,2026-08-23 09:18:00+00:00,0.788975,2,7,23,0.04236111111111111,0.398168,0.16359199999999996,1.0,0,0.45095409741895803,0.44320013500341643,90,control,model-v1,0.45095409741895803,synthetic_demo
entity_0054,candidate,2026-08-23 09:20:00+00:00,0.777657,1,18,35,0.17916666666666667,0.695234,0.04184600000000005,2.5714285714285716,1,0.5609880925511025,0.5589824585726256,9,permanent_holdout,non_ml_baseline,0.7364455000000001,synthetic_demo
entity_0149,company,2026-08-23 09:21:00+00:00,0.581785,1,5,22,0.18333333333333332,0.958251,-0.03894200000000003,0.7142857142857143,1,0.5398870701684244,0.541888611984896,3,permanent_holdout,non_ml_baseline,0.770018,synthetic_demo
entity_0125,candidate,2026-08-23 09:28:00+00:00,0.978891,3,20,44,0.05416666666666667,0.946845,-0.021109000000000044,2.857142857142857,0,0.7476426918112777,0.7487822760733716,23,control,model-v1,0.7476426918112777,synthetic_demo
entity_0074,candidate,2026-08-23 09:29:00+00:00,0.709954,0,0,12,7.798611111111111,0.915232,0.068608,0.0,1,0.6494358625634431,0.646742690260834,74,control,model-v1,0.6494358625634431,synthetic_demo
entity_0029,candidate,2026-08-23 09:33:00+00:00,0.798336,2,18,25,0.10069444444444445,0.731797,0.013367000000000018,2.5714285714285716,0,0.600518217557982,0.5999477844473223,52,control,model-v1,0.600518217557982,synthetic_demo
entity_0071,candidate,2026-08-23 09:34:00+00:00,0.972084,2,27,45,0.10347222222222222,0.794835,0.13896299999999995,3.857142857142857,1,0.7058308062742016,0.6999256614770206,19,challenger,model-v2,0.6999256614770206,synthetic_demo
entity_0001,candidate,2026-08-23 09:37:00+00:00,0.723093,1,14,33,0.025,0.365757,-0.034420000000000006,2.0,0,0.3991578077733548,0.40123224349678216,2,permanent_holdout,non_ml_baseline,0.5444249999999999,synthetic_demo
entity_0081,candidate,2026-08-23 09:37:00+00:00,0.187349,1,1,4,0.16180555555555556,0.913974,-0.18003800000000003,0.14285714285714285,0,0.31745739603893336,0.3247085452532796,8,permanent_holdout,non_ml_baseline,0.5506614999999999,synthetic_demo
entity_0125,candidate,2026-08-23 09:41:00+00:00,0.910481,4,21,45,0.009027777777777777,0.946845,-0.06840999999999997,3.0,1,0.7189816331255309,0.7218932461214553,23,control,model-v1,0.7189816331255309,synthetic_demo
entity_0071,candidate,2026-08-23 09:45:00+00:00,0.914595,3,28,46,0.007638888888888889,0.794835,-0.0574889999999999,4.0,1,0.6797138188618003,0.6822522794041022,19,challenger,model-v2,0.6822522794041022,synthetic_demo
entity_0016,candidate,2026-08-23 09:47:00+00:00,0.931561,2,15,19,0.28055555555555556,0.704796,0.045445999999999986,2.142857142857143,1,0.6657206642635206,0.6642235764983091,86,control,model-v1,0.6657206642635206,synthetic_demo
entity_0140,candidate,2026-08-23 09:47:00+00:00,0.685189,0,4,19,2.5375,0.390089,-0.043949999999999934,0.5714285714285714,1,0.4008012195949649,0.40374457156102317,78,control,model-v1,0.4008012195949649,synthetic_demo
entity_0102,candidate,2026-08-23 09:52:00+00:00,0.677753,0,0,5,11.57638888888889,0.662814,0.009747000000000061,0.0,1,0.5748502511343594,0.5749686970161227,32,control,model-v1,0.5748502511343594,synthetic_demo
entity_0174,company,2026-08-23 09:55:00+00:00,0.77859,0,4,14,3.55,0.480944,0.07232300000000003,0.5714285714285714,1,0.5020450431432271,0.49923854602591494,88,control,model-v1,0.5020450431432271,synthetic_demo
entity_0117,candidate,2026-08-23 09:58:00+00:00,0.865359,5,30,53,0.2388888888888889,0.543925,-0.07322700000000004,4.285714285714286,1,0.5656633952697938,0.569003128355945,37,control,model-v1,0.5656633952697938,synthetic_demo
entity_0104,candidate,2026-08-23 10:04:00+00:00,0.46468,0,3,7,3.7868055555555555,0.559171,0.012946999999999986,0.42857142857142855,1,0.36175505262896196,0.36106866153969025,5,permanent_holdout,non_ml_baseline,0.5119255,synthetic_demo
entity_0059,candidate,2026-08-23 10:07:00+00:00,0.315394,2,7,9,0.24930555555555556,0.70393,0.009269000000000027,1.0,0,0.31969331065306994,0.31839771092535946,50,control,model-v1,0.31969331065306994,synthetic_demo
entity_0077,candidate,2026-08-23 10:12:00+00:00,0.797628,7,12,33,0.07361111111111111,0.894463,0.08927700000000005,1.7142857142857142,1,0.6514913469538399,0.646978676828444,33,control,model-v1,0.6514913469538399,synthetic_demo
entity_0028,candidate,2026-08-23 10:15:00+00:00,0.568811,5,14,29,0.07083333333333333,0.506009,-0.12078700000000009,2.0,1,0.38052622967950894,0.3858831581852839,76,control,model-v1,0.38052622967950894,synthetic_demo
entity_0102,candidate,2026-08-23 10:22:00+00:00,0.56583,1,1,6,0.020833333333333332,0.662814,-0.111923,0.14285714285714285,0,0.42964223716717215,0.4356814403403234,32,control,model-v1,0.42964223716717215,synthetic_demo
entity_0062,candidate,2026-08-23 10:31:00+00:00,0.260555,2,4,12,0.08125,0.600626,-0.094138,0.5714285714285714,0,0.2530488063917063,0.25605714696082,8,permanent_holdout,non_ml_baseline,0.4305905,synthetic_demo
entity_0045,candidate,2026-08-23 10:37:00+00:00,0.833165,3,11,28,0.2375,0.734378,0.08459700000000003,1.5714285714285714,1,0.6085075521691765,0.604675124782253,98,control,model-v1,0.6085075521691765,synthetic_demo
entity_0083,candidate,2026-08-23 10:47:00+00:00,0.600574,0,9,19,1.2409722222222221,0.418995,0.006621000000000099,1.2857142857142858,0,0.36456014047790364,0.36445115260242134,80,control,model-v1,0.36456014047790364,synthetic_demo
entity_0089,candidate,2026-08-23 10:47:00+00:00,0.831525,2,18,33,0.14652777777777778,0.874239,-0.037071999999999994,2.5714285714285716,1,0.660141063762494,0.6620185637731212,26,control,model-v1,0.660141063762494,synthetic_demo
entity_0143,company,2026-08-23 10:51:00+00:00,0.667542,4,14,17,0.08333333333333333,0.636349,0.11129599999999995,2.0,0,0.4974721657035648,0.49129798630491833,12,challenger,model-v2,0.49129798630491833,synthetic_demo
entity_0095,candidate,2026-08-23 10:55:00+00:00,0.781409,1,5,21,0.08541666666666667,0.975143,-0.17060999999999993,0.7142857142857143,1,0.6574124142968748,0.6660204994074597,60,control,model-v1,0.6574124142968748,synthetic_demo
entity_0103,candidate,2026-08-23 10:56:00+00:00,0.886795,3,11,21,0.21875,0.637277,-0.010349000000000053,1.5714285714285714,1,0.6110230797955325,0.6121799992811284,69,control,model-v1,0.6110230797955325,synthetic_demo
entity_0174,company,2026-08-23 10:59:00+00:00,0.785526,1,5,15,0.044444444444444446,0.480944,0.006935999999999942,0.7142857142857143,0,0.4838271838146779,0.4843775295445097,88,control,model-v1,0.4838271838146779,synthetic_demo
entity_0141,company,2026-08-23 11:06:00+00:00,0.693222,1,9,29,0.4048611111111111,0.629525,0.04493199999999997,1.2857142857142858,1,0.4795913493822618,0.47756166282934703,83,control,model-v1,0.4795913493822618,synthetic_demo
entity_0009,candidate,2026-08-23 11:19:00+00:00,0.775348,4,12,41,0.23541666666666666,0.504183,-0.09145499999999995,1.7142857142857142,1,0.4773178264090434,0.4823326703876345,49,control,model-v1,0.4773178264090434,synthetic_demo
entity_0200,company,2026-08-23 11:21:00+00:00,0.91827,3,19,36,0.6027777777777777,0.761143,-0.0017319999999999558,2.7142857142857144,1,0.6703942311327673,0.6707711251237917,62,control,model-v1,0.6703942311327673,synthetic_demo
entity_0073,candidate,2026-08-23 11:22:00+00:00,0.785736,3,16,30,0.2111111111111111,0.682864,-0.14247100000000001,2.2857142857142856,0,0.569168846787141,0.5765806112800148,11,challenger,model-v2,0.5765806112800148,synthetic_demo
entity_0134,candidate,2026-08-23 11:30:00+00:00,0.899891,1,18,38,0.24305555555555555,0.883304,-0.02842800000000001,2.5714285714285716,1,0.6907146365516148,0.6924000807065822,87,control,model-v1,0.6907146365516148,synthetic_demo
entity_0086,candidate,2026-08-23 11:39:00+00:00,0.660388,2,22,34,0.4826388888888889,0.390953,-0.10933500000000007,3.142857142857143,0,0.3923735664361553,0.39752559219553146,47,control,model-v1,0.3923735664361553,synthetic_demo
entity_0148,company,2026-08-23 11:48:00+00:00,0.560547,0,18,33,1.8430555555555554,0.949066,0.04980499999999999,2.5714285714285716,1,0.5437767073866012,0.5405603081305714,9,permanent_holdout,non_ml_baseline,0.7548064999999999,synthetic_demo
entity_0175,company,2026-08-23 11:51:00+00:00,0.162162,1,8,13,0.4270833333333333,0.679942,-0.07910500000000001,1.1428571428571428,0,0.23749689076979363,0.23946986038561893,93,control,model-v1,0.23749689076979363,synthetic_demo
entity_0017,candidate,2026-08-23 11:52:00+00:00,0.45193,3,15,20,0.17222222222222222,0.434881,-0.043472999999999984,2.142857142857143,0,0.30258217082011096,0.3037758531636155,92,control,model-v1,0.30258217082011096,synthetic_demo
entity_0062,candidate,2026-08-23 11:52:00+00:00,0.243386,3,5,13,0.05625,0.600626,-0.01716899999999999,0.7142857142857143,0,0.24798540398113367,0.24775981346103643,8,permanent_holdout,non_ml_baseline,0.422006,synthetic_demo
entity_0103,candidate,2026-08-23 11:52:00+00:00,0.9452,4,12,22,0.03888888888888889,0.637277,0.05840500000000004,1.7142857142857142,1,0.6446891014836609,0.6425258092991532,69,control,model-v1,0.6446891014836609,synthetic_demo
entity_0141,company,2026-08-23 11:55:00+00:00,0.752789,2,10,30,0.034027777777777775,0.629525,0.05956700000000004,1.4285714285714286,0,0.514892378501474,0.5121408400631,83,control,model-v1,0.514892378501474,synthetic_demo
entity_0104,candidate,2026-08-23 12:02:00+00:00,0.434019,1,4,8,0.08194444444444444,0.559171,-0.030660999999999994,0.5714285714285714,0,0.3243443119571588,0.32552261219084266,5,permanent_holdout,non_ml_baseline,0.496595,synthetic_demo
entity_0185,company,2026-08-23 12:05:00+00:00,0.40416,1,8,18,0.49444444444444446,0.452308,-0.10762199999999994,1.1428571428571428,0,0.2740075161450752,0.2781314830151108,56,control,model-v1,0.2740075161450752,synthetic_demo
entity_0186,company,2026-08-23 12:10:00+00:00,0.730461,5,17,24,0.1840277777777778,0.52191,0.11749100000000001,2.4285714285714284,1,0.4907626747505226,0.48428948554859524,94,control,model-v1,0.4907626747505226,synthetic_demo
entity_0088,candidate,2026-08-23 12:19:00+00:00,0.695891,3,19,39,0.35138888888888886,0.64556,-0.104244,2.7142857142857144,1,0.4985807183647002,0.5037155329088592,22,control,model-v1,0.4985807183647002,synthetic_demo
entity_0070,candidate,2026-08-23 12:24:00+00:00,0.542489,1,14,29,0.2013888888888889,0.585533,0.093138,2.0,1,0.3850518848475558,0.3800569569659055,97,control,model-v1,0.3850518848475558,synthetic_demo
entity_0008,candidate,2026-08-23 12:32:00+00:00,0.779205,3,10,23,0.18680555555555556,0.621484,-0.089731,1.4285714285714286,1,0.5397039679889635,0.5447543527558577,55,control,model-v1,0.5397039679889635,synthetic_demo
entity_0195,company,2026-08-23 12:44:00+00:00,0.865391,2,7,31,0.33055555555555555,0.802905,0.023016000000000036,1.0,0,0.6382051242062188,0.6378290989697134,25,control,model-v1,0.6382051242062188,synthetic_demo
entity_0086,candidate,2026-08-23 12:45:00+00:00,0.73838,3,22,35,0.04583333333333333,0.390953,0.07799200000000006,3.142857142857143,0,0.43472754035442934,0.4304955310546026,47,control,model-v1,0.43472754035442934,synthetic_demo
entity_0182,company,2026-08-23 12:49:00+00:00,0.992123,6,26,44,0.2375,0.88819,-0.007877000000000023,3.7142857142857144,1,0.7522698451768953,0.7524788817212885,31,control,model-v1,0.7522698451768953,synthetic_demo
entity_0194,company,2026-08-23 12:49:00+00:00,0.764349,2,11,34,0.36527777777777776,0.937393,-0.05505700000000002,1.5714285714285714,1,0.635023667436043,0.6378939494571102,58,control,model-v1,0.635023667436043,synthetic_demo
entity_0135,candidate,2026-08-23 12:55:00+00:00,0.960864,0,12,30,1.554861111111111,0.460149,0.059164000000000105,1.7142857142857142,1,0.5796899833107337,0.5779063761361288,92,control,model-v1,0.5796899833107337,synthetic_demo
entity_0094,candidate,2026-08-23 13:03:00+00:00,0.81109,3,17,25,0.36527777777777776,0.607268,0.0006009999999999627,2.4285714285714284,1,0.564314383833578,0.5644328972050245,86,control,model-v1,0.564314383833578,synthetic_demo
entity_0186,company,2026-08-23 13:03:00+00:00,0.665813,6,18,25,0.03680555555555556,0.52191,-0.06464800000000004,2.5714285714285716,0,0.4556511500760451,0.45836702952153474,94,control,model-v1,0.4556511500760451,synthetic_demo
entity_0140,candidate,2026-08-23 13:05:00+00:00,0.694391,1,5,19,0.1375,0.390089,0.009201999999999932,0.7142857142857143,1,0.39355157611311153,0.3937143531524215,78,control,model-v1,0.39355157611311153,synthetic_demo
entity_0109,candidate,2026-08-23 13:09:00+00:00,0.450098,1,8,15,0.25763888888888886,0.733495,-0.065253,1.1428571428571428,0,0.39405868737544014,0.39686598314541177,11,challenger,model-v2,0.39686598314541177,synthetic_demo
entity_0121,candidate,2026-08-23 13:09:00+00:00,0.417915,4,10,14,0.37222222222222223,0.874267,0.13910499999999998,1.4285714285714286,1,0.4419344714769205,0.4336336166469552,36,control,model-v1,0.4419344714769205,synthetic_demo
entity_0194,company,2026-08-23 13:33:00+00:00,0.804145,3,12,35,0.030555555555555555,0.937393,0.039796000000000054,1.7142857142857142,1,0.6570552519032888,0.6553327889250011,58,control,model-v1,0.6570552519032888,synthetic_demo
entity_0009,candidate,2026-08-23 13:40:00+00:00,0.862888,4,13,42,0.09791666666666667,0.504183,0.08753999999999995,1.8571428571428572,1,0.5277470057467665,0.5236114240387746,49,control,model-v1,0.5277470057467665,synthetic_demo
entity_0134,candidate,2026-08-23 13:44:00+00:00,0.836328,2,19,39,0.09305555555555556,0.883304,-0.06356300000000004,2.7142857142857144,1,0.6603812639331075,0.6634736499652615,87,control,model-v1,0.6603812639331075,synthetic_demo
entity_0141,company,2026-08-23 13:46:00+00:00,0.693767,3,11,31,0.07708333333333334,0.629525,-0.05902200000000002,1.5714285714285714,1,0.4843373143649672,0.4874660317116126,83,control,model-v1,0.4843373143649672,synthetic_demo
entity_0135,candidate,2026-08-23 13:49:00+00:00,0.996493,1,13,30,0.0375,0.460149,0.03562899999999991,1.8571428571428572,1,0.5935120856199246,0.5929280500524772,92,control,model-v1,0.5935120856199246,synthetic_demo
entity_0025,candidate,2026-08-23 13:52:00+00:00,0.617512,2,8,19,0.35,0.572241,-0.07146300000000005,1.1428571428571428,0,0.42719793129690553,0.4309263440557604,70,control,model-v1,0.42719793129690553,synthetic_demo
entity_0083,candidate,2026-08-23 14:07:00+00:00,0.715738,1,10,19,0.1388888888888889,0.418995,0.11516399999999993,1.4285714285714286,1,0.4251696395100448,0.4197218651049064,80,control,model-v1,0.4251696395100448,synthetic_demo
entity_0045,candidate,2026-08-23 14:10:00+00:00,0.766149,4,12,28,0.14791666666666667,0.734378,-0.06701600000000008,1.7142857142857142,1,0.5747554547195781,0.5782545083039793,98,control,model-v1,0.5747554547195781,synthetic_demo
entity_0159,company,2026-08-23 14:10:00+00:00,0.537519,4,15,29,0.39861111111111114,0.729018,-0.05382399999999998,2.142857142857143,1,0.4467674574650382,0.44872014441698244,15,challenger,model-v2,0.44872014441698244,synthetic_demo
entity_0009,candidate,2026-08-23 14:26:00+00:00,0.768952,4,14,43,0.03194444444444444,0.504183,-0.09393600000000002,2.0,1,0.4733417723656891,0.4783719631473892,49,control,model-v1,0.4733417723656891,synthetic_demo
entity_0152,company,2026-08-23 14:45:00+00:00,0.360641,2,4,9,0.3013888888888889,0.650452,0.132876,0.5714285714285714,1,0.32030793161090004,0.3136600715798562,8,permanent_holdout,non_ml_baseline,0.5055465,synthetic_demo
entity_0085,candidate,2026-08-23 14:49:00+00:00,0.849311,1,15,25,0.38819444444444445,0.606124,0.08999400000000002,2.142857142857143,0,0.5766871205340205,0.5726379052954995,70,control,model-v1,0.5766871205340205,synthetic_demo
entity_0016,candidate,2026-08-23 14:50:00+00:00,1.0,3,16,20,0.21041666666666667,0.704796,0.06843900000000003,2.2857142857142856,1,0.7025751304092663,0.7002175288911198,86,control,model-v1,0.7025751304092663,synthetic_demo
entity_0182,company,2026-08-23 14:51:00+00:00,0.967235,7,27,45,0.08472222222222223,0.88819,-0.02488800000000002,3.857142857142857,1,0.7430919478909064,0.7438067618538445,31,control,model-v1,0.7430919478909064,synthetic_demo
entity_0083,candidate,2026-08-23 14:54:00+00:00,0.637923,2,11,20,0.03263888888888889,0.418995,-0.07781499999999997,1.5714285714285714,1,0.3841663166202061,0.388107419388652,80,control,model-v1,0.3841663166202061,synthetic_demo
entity_0195,company,2026-08-23 14:54:00+00:00,0.893237,3,8,32,0.09027777777777778,0.802905,0.027845999999999926,1.1428571428571428,1,0.6545140741076388,0.6538622147135444,25,control,model-v1,0.6545140741076388,synthetic_demo
entity_0106,candidate,2026-08-23 15:11:00+00:00,0.919437,2,9,28,0.3576388888888889,0.633777,0.14637699999999998,1.2857142857142858,1,0.614303427117948,0.6079166199558393,17,challenger,model-v2,0.6079166199558393,synthetic_demo
entity_0011,candidate,2026-08-23 15:12:00+00:00,0.596581,2,9,29,0.2513888888888889,0.389238,0.022433000000000036,1.2857142857142858,1,0.33928164221313356,0.33824691432162923,23,control,model-v1,0.33928164221313356,synthetic_demo
entity_0200,company,2026-08-23 15:21:00+00:00,1.0,4,20,37,0.16666666666666666,0.761143,0.08172999999999997,2.857142857142857,1,0.7111219895804325,0.7079560769831983,62,control,model-v1,0.7111219895804325,synthetic_demo
entity_0171,company,2026-08-23 15:23:00+00:00,0.734669,2,9,17,0.5486111111111112,0.404979,0.06848300000000007,1.2857142857142858,0,0.4370276935954063,0.43395678603453697,68,control,model-v1,0.4370276935954063,synthetic_demo
entity_0036,candidate,2026-08-23 15:30:00+00:00,0.326617,0,8,20,1.3895833333333334,0.963067,-0.07447599999999999,1.1428571428571428,1,0.40863023174303353,0.411506914262613,86,control,model-v1,0.40863023174303353,synthetic_demo
entity_0155,company,2026-08-23 15:36:00+00:00,0.539896,4,17,32,0.2777777777777778,0.593472,0.014911000000000008,2.4285714285714284,1,0.3968012384033006,0.3952192046574409,78,control,model-v1,0.3968012384033006,synthetic_demo
entity_0006,candidate,2026-08-23 15:37:00+00:00,0.430637,1,12,18,0.5916666666666667,0.463566,-0.12798499999999996,1.7142857142857142,1,0.29667441947541145,0.3018139221228931,39,control,model-v1,0.29667441947541145,synthetic_demo
entity_0068,candidate,2026-08-23 15:40:00+00:00,0.414966,0,9,10,1.429861111111111,0.497299,-0.028864,1.2857142857142858,1,0.3063388694541073,0.30725495800173175,3,permanent_holdout,non_ml_baseline,0.4561325,synthetic_demo
entity_0195,company,2026-08-23 15:42:00+00:00,0.938618,4,9,33,0.03333333333333333,0.802905,0.045381000000000005,1.2857142857142858,1,0.6805779153626416,0.6791452696936946,25,control,model-v1,0.6805779153626416,synthetic_demo
entity_0062,candidate,2026-08-23 15:45:00+00:00,0.186924,4,6,13,0.16180555555555556,0.600626,-0.056461999999999984,0.8571428571428571,1,0.22812996864354226,0.22912903614249053,8,permanent_holdout,non_ml_baseline,0.393775,synthetic_demo
entity_0134,candidate,2026-08-23 15:50:00+00:00,0.804752,3,19,40,0.0875,0.883304,-0.03157599999999994,2.7142857142857144,1,0.6451305748838627,0.6465521223290402,87,control,model-v1,0.6451305748838627,synthetic_demo
entity_0098,candidate,2026-08-23 15:55:00+00:00,0.908432,1,14,27,0.36319444444444443,0.882429,0.14944100000000005,2.0,1,0.7006648568285299,0.6946125582896943,57,control,model-v1,0.7006648568285299,synthetic_demo
entity_0099,candidate,2026-08-23 16:00:00+00:00,0.21625,1,4,9,0.36527777777777776,0.659546,-0.091362,0.5714285714285714,0,0.2528531862462848,0.2556913265904308,31,control,model-v1,0.2528531862462848,synthetic_demo
entity_0073,candidate,2026-08-23 16:07:00+00:00,0.926731,3,17,28,0.19791666666666666,0.682864,0.14099499999999998,2.4285714285714284,1,0.650930866421353,0.6446188401726005,11,challenger,model-v2,0.6446188401726005,synthetic_demo
entity_0149,company,2026-08-23 16:07:00+00:00,0.577612,2,6,22,0.28194444444444444,0.958251,-0.004172999999999982,0.8571428571428571,1,0.5428225526911283,0.5428351168701203,3,permanent_holdout,non_ml_baseline,0.7679315,synthetic_demo
entity_0150,company,2026-08-23 16:14:00+00:00,0.65772,3,14,21,0.29583333333333334,0.673891,-0.07985600000000004,2.0,0,0.49988270365238446,0.5038227700458022,99,control,model-v1,0.49988270365238446,synthetic_demo
entity_0200,company,2026-08-23 16:14:00+00:00,0.840064,5,21,38,0.03680555555555556,0.761143,-0.15993599999999997,3.0,1,0.6315682016555968,0.6391514936421792,62,control,model-v1,0.6315682016555968,synthetic_demo
entity_0098,candidate,2026-08-23 16:16:00+00:00,0.843438,2,15,28,0.014583333333333334,0.882429,-0.064994,2.142857142857143,1,0.6688200224118407,0.6721268278720731,57,control,model-v1,0.6688200224118407,synthetic_demo
entity_0016,candidate,2026-08-23 16:17:00+00:00,0.826368,4,17,21,0.06041666666666667,0.704796,-0.173632,2.4285714285714284,1,0.6142651492598601,0.6229327731209628,86,control,model-v1,0.6142651492598601,synthetic_demo
entity_0060,candidate,2026-08-23 16:29:00+00:00,0.871087,2,5,18,0.36944444444444446,0.782671,0.07080399999999998,0.7142857142857143,1,0.645831248929524,0.6432659281841769,1,permanent_holdout,non_ml_baseline,0.8268789999999999,synthetic_demo
entity_0135,candidate,2026-08-23 16:36:00+00:00,0.903139,2,14,30,0.11597222222222223,0.460149,-0.09335399999999994,2.0,1,0.5454846658569551,0.551141350305222,92,control,model-v1,0.5454846658569551,synthetic_demo
entity_0076,candidate,2026-08-23 16:44:00+00:00,0.939411,3,34,61,0.6402777777777777,0.965334,-0.060589000000000004,4.857142857142857,1,0.7425022743685276,0.7446289728104502,44,control,model-v1,0.7425022743685276,synthetic_demo
entity_0174,company,2026-08-23 16:45:00+00:00,0.813812,2,6,16,0.24027777777777778,0.480944,0.028286000000000033,0.8571428571428571,0,0.5051105001028688,0.5044739828422456,88,control,model-v1,0.5051105001028688,synthetic_demo
entity_0025,candidate,2026-08-23 16:46:00+00:00,0.710093,3,9,20,0.12083333333333333,0.572241,0.09258100000000002,1.2857142857142858,1,0.4822230605543769,0.47756102575713455,70,control,model-v1,0.4822230605543769,synthetic_demo
entity_0088,candidate,2026-08-23 16:46:00+00:00,0.822909,3,20,40,0.18541666666666667,0.64556,0.12701799999999996,2.857142857142857,1,0.5712970573630469,0.5647685763887197,22,control,model-v1,0.5712970573630469,synthetic_demo
entity_0074,candidate,2026-08-23 16:54:00+00:00,0.608928,1,1,12,0.3090277777777778,0.915232,-0.10102599999999995,0.14285714285714285,0,0.5451211223020327,0.5506522486158533,74,control,model-v1,0.5451211223020327,synthetic_demo
entity_0029,candidate,2026-08-23 17:01:00+00:00,0.663835,3,19,24,0.3111111111111111,0.731797,-0.1345010000000001,2.7142857142857144,1,0.5311469296068632,0.5376893502527921,52,control,model-v1,0.5311469296068632,synthetic_demo
entity_0149,company,2026-08-23 17:01:00+00:00,0.727348,3,7,23,0.0375,0.958251,0.14973599999999998,1.0,0,0.6286127444151642,0.6213615664797127,3,permanent_holdout,non_ml_baseline,0.8427994999999999,synthetic_demo
entity_0119,candidate,2026-08-23 17:15:00+00:00,0.657077,0,14,26,1.0222222222222221,0.757125,-0.008546999999999971,2.0,1,0.5219638746185817,0.5224231191295214,91,control,model-v1,0.5219638746185817,synthetic_demo
entity_0052,candidate,2026-08-23 17:18:00+00:00,0.445627,1,12,17,0.5972222222222222,0.571215,0.005767000000000022,1.7142857142857142,1,0.34100093917161206,0.34017418597146976,70,control,model-v1,0.34100093917161206,synthetic_demo
entity_0070,candidate,2026-08-23 17:18:00+00:00,0.598649,2,15,30,0.20416666666666666,0.585533,0.05615999999999999,2.142857142857143,1,0.4197334266798342,0.4165152790604941,97,control,model-v1,0.4197334266798342,synthetic_demo
entity_0028,candidate,2026-08-23 17:25:00+00:00,0.498847,5,15,30,0.2986111111111111,0.506009,-0.06996399999999997,2.142857142857143,1,0.3450598495328464,0.3475086283655563,76,control,model-v1,0.3450598495328464,synthetic_demo
entity_0194,company,2026-08-23 17:26:00+00:00,0.724493,4,12,35,0.16180555555555556,0.937393,-0.07965199999999995,1.7142857142857142,1,0.6177783841899507,0.6215460071073265,58,control,model-v1,0.6177783841899507,synthetic_demo
entity_0095,candidate,2026-08-23 17:28:00+00:00,0.821255,2,6,22,0.27291666666666664,0.975143,0.03984599999999994,0.8571428571428571,1,0.6821276287402213,0.6808357238063917,60,control,model-v1,0.6821276287402213,synthetic_demo
entity_0117,candidate,2026-08-23 17:39:00+00:00,0.986813,4,30,54,0.32013888888888886,0.543925,0.12145400000000006,4.285714285714286,1,0.6301071295188364,0.6241909994877144,37,control,model-v1,0.6301071295188364,synthetic_demo
entity_0009,candidate,2026-08-23 17:42:00+00:00,0.843315,4,14,44,0.1361111111111111,0.504183,0.07436300000000007,2.0,0,0.5160457648296372,0.5124824123123648,49,control,model-v1,0.5160457648296372,synthetic_demo
entity_0089,candidate,2026-08-23 17:46:00+00:00,0.853099,3,19,34,0.29097222222222224,0.874239,0.021574000000000093,2.7142857142857144,1,0.6752380155364893,0.6742919762622642,26,control,model-v1,0.6752380155364893,synthetic_demo
entity_0151,company,2026-08-23 17:48:00+00:00,0.619835,1,14,17,0.4826388888888889,0.857793,-0.09506300000000001,2.0,0,0.548633314057918,0.5533152142496179,74,control,model-v1,0.548633314057918,synthetic_demo
entity_0045,candidate,2026-08-23 17:55:00+00:00,0.770902,5,12,28,0.15625,0.734378,0.004753000000000007,1.7142857142857142,0,0.5802505421277986,0.5799688659123111,98,control,model-v1,0.5802505421277986,synthetic_demo
entity_0135,candidate,2026-08-23 18:01:00+00:00,0.990438,3,15,31,0.059027777777777776,0.460149,0.08729900000000002,2.142857142857143,1,0.5980545135871967,0.5945311217152833,92,control,model-v1,0.5980545135871967,synthetic_demo
entity_0171,company,2026-08-23 18:02:00+00:00,0.708466,3,10,18,0.11041666666666666,0.404979,-0.026202999999999976,1.4285714285714286,1,0.42230831884039394,0.4238915697395724,68,control,model-v1,0.42230831884039394,synthetic_demo
entity_0023,candidate,2026-08-23 18:04:00+00:00,0.773438,4,21,23,0.61875,0.551892,-0.005969000000000002,3.0,1,0.5361391732782458,0.5362082887972155,23,control,model-v1,0.5361391732782458,synthetic_demo
entity_0086,candidate,2026-08-23 18:08:00+00:00,0.642016,3,22,36,0.22430555555555556,0.390953,-0.096364,3.142857142857143,1,0.38076271931888633,0.3850519512879208,47,control,model-v1,0.38076271931888633,synthetic_demo
entity_0148,company,2026-08-23 18:13:00+00:00,0.547544,1,18,33,0.2673611111111111,0.949066,-0.013002999999999987,2.5714285714285716,0,0.5275732583121729,0.5275075893634557,9,permanent_holdout,non_ml_baseline,0.748305,synthetic_demo
entity_0029,candidate,2026-08-23 18:16:00+00:00,0.785953,4,20,25,0.052083333333333336,0.731797,0.12211800000000006,2.857142857142857,1,0.6022108839615756,0.5957993144712529,52,control,model-v1,0.6022108839615756,synthetic_demo
entity_0098,candidate,2026-08-23 18:16:00+00:00,0.925231,3,16,29,0.08333333333333333,0.882429,0.081793,2.2857142857142856,1,0.7127257106058302,0.7095497537938569,57,control,model-v1,0.7127257106058302,synthetic_demo
entity_0009,candidate,2026-08-23 18:19:00+00:00,0.776033,5,15,45,0.025694444444444443,0.504183,-0.06728200000000006,2.142857142857143,0,0.47957423433037466,0.4830755810920541,49,control,model-v1,0.47957423433037466,synthetic_demo
entity_0140,candidate,2026-08-23 18:21:00+00:00,0.562668,2,6,20,0.21944444444444444,0.390089,-0.13172300000000003,0.8571428571428571,0,0.3268396801716576,0.33301560689102566,78,control,model-v1,0.3268396801716576,synthetic_demo
entity_0085,candidate,2026-08-23 18:34:00+00:00,0.749958,2,16,26,0.15625,0.606124,-0.09935300000000002,2.2857142857142856,1,0.5212692963938873,0.526591872659051,70,control,model-v1,0.5212692963938873,synthetic_demo
entity_0109,candidate,2026-08-23 18:40:00+00:00,0.417489,2,9,16,0.2298611111111111,0.733495,-0.032609,1.2857142857142858,0,0.37913485703559907,0.3800302169667888,11,challenger,model-v2,0.3800302169667888,synthetic_demo
entity_0140,candidate,2026-08-23 18:42:00+00:00,0.603723,3,7,21,0.014583333333333334,0.390089,0.041055000000000064,1.0,0,0.349914671964809,0.34798346831214083,78,control,model-v1,0.349914671964809,synthetic_demo
entity_0076,candidate,2026-08-23 18:44:00+00:00,0.989192,4,33,62,0.08333333333333333,0.965334,0.049780999999999964,4.714285714285714,1,0.7608372401943899,0.7587136740815847,44,control,model-v1,0.7608372401943899,synthetic_demo
entity_0140,candidate,2026-08-23 18:47:00+00:00,0.594178,4,8,21,0.003472222222222222,0.390089,-0.009545000000000026,1.1428571428571428,1,0.3490330467328361,0.3493506062966225,78,control,model-v1,0.3490330467328361,synthetic_demo
entity_0106,candidate,2026-08-23 18:53:00+00:00,0.921611,3,10,29,0.15416666666666667,0.633777,0.0021740000000000093,1.4285714285714286,0,0.6173233861898756,0.6180083068090336,17,challenger,model-v2,0.6180083068090336,synthetic_demo
entity_0001,candidate,2026-08-23 18:55:00+00:00,0.765921,2,13,32,0.3875,0.365757,0.04282799999999998,1.8571428571428572,0,0.42799914079546747,0.42620857255049827,2,permanent_holdout,non_ml_baseline,0.565839,synthetic_demo
entity_0188,company,2026-08-23 18:56:00+00:00,0.767009,3,8,23,0.4013888888888889,0.398168,-0.02196599999999993,1.1428571428571428,1,0.44553607513755783,0.44720563791986084,90,control,model-v1,0.44553607513755783,synthetic_demo
entity_0185,company,2026-08-23 19:05:00+00:00,0.423421,2,9,19,0.2916666666666667,0.452308,0.019260999999999973,1.2857142857142858,1,0.2845746083329575,0.2832664224238857,56,control,model-v1,0.2845746083329575,synthetic_demo
entity_0095,candidate,2026-08-23 19:12:00+00:00,0.884971,3,7,23,0.07222222222222222,0.975143,0.063716,1.0,1,0.714932428963195,0.7127405915210091,60,control,model-v1,0.714932428963195,synthetic_demo
entity_0085,candidate,2026-08-23 19:13:00+00:00,0.746934,3,17,26,0.027083333333333334,0.606124,-0.0030240000000000267,2.4285714285714284,1,0.5232207530203692,0.5233197891026475,70,control,model-v1,0.5232207530203692,synthetic_demo
entity_0039,candidate,2026-08-23 19:15:00+00:00,0.900255,5,16,34,0.5027777777777778,0.359386,-0.04677599999999993,2.2857142857142856,0,0.5154585396105014,0.5183288929718933,92,control,model-v1,0.5154585396105014,synthetic_demo
entity_0195,company,2026-08-23 19:17:00+00:00,0.844727,5,10,33,0.14930555555555555,0.802905,-0.09389099999999995,1.4285714285714286,1,0.636503182087704,0.6413098896124064,25,control,model-v1,0.636503182087704,synthetic_demo
entity_0060,candidate,2026-08-23 19:32:00+00:00,0.756333,3,6,15,0.12708333333333333,0.782671,-0.11475399999999991,0.8571428571428571,1,0.5891495184978174,0.5953565734588715,1,permanent_holdout,non_ml_baseline,0.769502,synthetic_demo
entity_0068,candidate,2026-08-23 19:32:00+00:00,0.421979,1,10,11,0.16111111111111112,0.497299,0.0070129999999999915,1.4285714285714286,1,0.30481262095182016,0.3040275657020665,3,permanent_holdout,non_ml_baseline,0.459639,synthetic_demo
entity_0148,company,2026-08-23 19:34:00+00:00,0.697889,2,19,34,0.05625,0.949066,0.15034499999999995,2.7142857142857144,1,0.6147578211570924,0.6068576535782962,9,permanent_holdout,non_ml_baseline,0.8234775,synthetic_demo
entity_0060,candidate,2026-08-23 19:38:00+00:00,0.769026,4,7,16,0.004166666666666667,0.782671,0.012692999999999954,1.0,0,0.5986937990035653,0.5983145776400187,1,permanent_holdout,non_ml_baseline,0.7758484999999999,synthetic_demo
entity_0017,candidate,2026-08-23 19:40:00+00:00,0.487672,2,16,21,0.325,0.434881,0.035741999999999996,2.2857142857142856,0,0.31945770784139343,0.3172233637933893,92,control,model-v1,0.31945770784139343,synthetic_demo
entity_0017,candidate,2026-08-23 19:40:00+00:00,0.384321,3,17,22,0.0,0.434881,-0.10335099999999997,2.4285714285714284,0,0.2704494074471284,0.2738125846987207,92,control,model-v1,0.2704494074471284,synthetic_demo
entity_0088,candidate,2026-08-23 20:17:00+00:00,0.799589,3,21,38,0.14652777777777778,0.64556,-0.023320000000000007,3.0,0,0.5619622225854962,0.5630812773054508,22,control,model-v1,0.5619622225854962,synthetic_demo
entity_0073,candidate,2026-08-23 20:20:00+00:00,0.742769,3,18,28,0.17569444444444443,0.682864,-0.18396199999999996,2.5714285714285716,1,0.5503991607174696,0.5598023028930983,11,challenger,model-v2,0.5598023028930983,synthetic_demo
entity_0036,candidate,2026-08-23 20:37:00+00:00,0.260128,1,9,21,0.21319444444444444,0.963067,-0.06648899999999996,1.2857142857142858,1,0.3670329705557505,0.3690675127300422,86,control,model-v1,0.3670329705557505,synthetic_demo
entity_0008,candidate,2026-08-23 20:40:00+00:00,0.818548,4,11,24,0.3388888888888889,0.621484,0.03934300000000002,1.5714285714285714,1,0.5667803453573671,0.5650775606457701,55,control,model-v1,0.5667803453573671,synthetic_demo
entity_0074,candidate,2026-08-23 20:42:00+00:00,0.670836,2,2,13,0.15833333333333333,0.915232,0.06190799999999996,0.2857142857142857,1,0.5827648790084738,0.5799038141378916,74,control,model-v1,0.5827648790084738,synthetic_demo
entity_0080,candidate,2026-08-23 20:46:00+00:00,0.798109,1,12,30,0.5354166666666667,0.693391,0.010431999999999997,1.7142857142857142,0,0.569722425781632,0.5696855278979653,51,control,model-v1,0.569722425781632,synthetic_demo
entity_0104,candidate,2026-08-23 20:47:00+00:00,0.419024,2,5,9,0.3645833333333333,0.559171,-0.01499499999999998,0.7142857142857143,0,0.32152301339536704,0.3217907814825284,5,permanent_holdout,non_ml_baseline,0.48909749999999996,synthetic_demo
entity_0095,candidate,2026-08-23 20:48:00+00:00,0.929779,4,8,24,0.06666666666666667,0.975143,0.04480800000000007,1.1428571428571428,1,0.7382945029412382,0.7369846091501202,60,control,model-v1,0.7382945029412382,synthetic_demo
entity_0054,candidate,2026-08-23 20:53:00+00:00,0.686728,2,19,36,0.48125,0.695234,-0.09092900000000004,2.7142857142857144,1,0.5140806430009678,0.5185606723001286,9,permanent_holdout,non_ml_baseline,0.6909810000000001,synthetic_demo
entity_0049,candidate,2026-08-23 20:54:00+00:00,0.699328,2,16,20,0.7555555555555555,0.578951,-0.0071070000000000855,2.2857142857142856,0,0.4933202622429249,0.49363467867650246,37,control,model-v1,0.4933202622429249,synthetic_demo
entity_0141,company,2026-08-23 20:54:00+00:00,0.676595,4,11,32,0.2972222222222222,0.629525,-0.017172000000000076,1.5714285714285714,0,0.47754759066733427,0.4783028223257379,83,control,model-v1,0.47754759066733427,synthetic_demo
entity_0081,candidate,2026-08-23 20:59:00+00:00,0.279747,2,2,5,0.4736111111111111,0.913974,0.09239800000000004,0.2857142857142857,0,0.37100564530830005,0.3655413143231102,8,permanent_holdout,non_ml_baseline,0.5968605,synthetic_demo
entity_0129,candidate,2026-08-23 21:04:00+00:00,0.591691,3,16,32,0.49722222222222223,0.551726,-0.029545000000000043,2.2857142857142856,1,0.40748542023584866,0.4084884294995572,52,control,model-v1,0.40748542023584866,synthetic_demo
entity_0049,candidate,2026-08-23 21:22:00+00:00,0.814295,3,17,21,0.019444444444444445,0.578951,0.11496700000000004,2.4285714285714284,1,0.55789389330473,0.5520968575306399,37,control,model-v1,0.55789389330473,synthetic_demo
entity_0143,company,2026-08-23 21:33:00+00:00,0.641131,4,15,15,0.44583333333333336,0.636349,-0.026410999999999962,2.142857142857143,1,0.48911323742397333,0.49004542868140266,12,challenger,model-v2,0.49004542868140266,synthetic_demo
entity_0111,candidate,2026-08-23 21:36:00+00:00,0.819096,6,32,36,0.6020833333333333,0.554652,-0.13229599999999997,4.571428571428571,0,0.5729900231921051,0.5789889753710266,29,control,model-v1,0.5729900231921051,synthetic_demo
entity_0037,candidate,2026-08-23 21:44:00+00:00,0.948663,2,29,57,0.5666666666666667,0.890078,0.034744,4.142857142857143,1,0.7180979309012447,0.7166266401960699,94,control,model-v1,0.7180979309012447,synthetic_demo
entity_0140,candidate,2026-08-23 21:49:00+00:00,0.72093,5,9,22,0.12638888888888888,0.390089,0.12675199999999998,1.2857142857142858,1,0.42277396561608327,0.4163896583610978,78,control,model-v1,0.42277396561608327,synthetic_demo
entity_0181,company,2026-08-23 21:52:00+00:00,0.652456,1,7,18,0.8395833333333333,0.92619,-0.054954999999999976,1.0,1,0.5815356217079088,0.5844655725495911,72,control,model-v1,0.5815356217079088,synthetic_demo
entity_0011,candidate,2026-08-23 21:54:00+00:00,0.580898,3,10,30,0.2791666666666667,0.389238,-0.015683000000000002,1.4285714285714286,1,0.3343745422137348,0.33494560735226203,23,control,model-v1,0.3343745422137348,synthetic_demo
entity_0151,company,2026-08-23 21:55:00+00:00,0.692573,2,14,18,0.17152777777777778,0.857793,0.07273799999999997,2.0,1,0.5893737997738939,0.5855339920000464,74,control,model-v1,0.5893737997738939,synthetic_demo
entity_0155,company,2026-08-23 21:55:00+00:00,0.442513,5,18,33,0.26319444444444445,0.593472,-0.09738300000000005,2.5714285714285716,1,0.34707422902872864,0.3505000433208467,78,control,model-v1,0.34707422902872864,synthetic_demo
entity_0174,company,2026-08-23 22:08:00+00:00,0.670823,3,7,17,0.22430555555555556,0.480944,-0.14298900000000003,1.0,1,0.42587077510917254,0.43345525435500704,88,control,model-v1,0.42587077510917254,synthetic_demo
entity_0080,candidate,2026-08-23 22:09:00+00:00,0.684754,2,13,31,0.05763888888888889,0.693391,-0.11335499999999998,1.8571428571428572,1,0.5042277599531219,0.5101704070962126,51,control,model-v1,0.5042277599531219,synthetic_demo
entity_0159,company,2026-08-23 22:09:00+00:00,0.629596,3,15,30,0.3326388888888889,0.729018,0.09207700000000008,2.142857142857143,1,0.49554013971139876,0.49025895468424,15,challenger,model-v2,0.49025895468424,synthetic_demo
entity_0143,company,2026-08-23 22:11:00+00:00,0.608269,5,16,16,0.02638888888888889,0.636349,-0.03286200000000006,2.2857142857142856,1,0.4703962374516766,0.4714027128556704,12,challenger,model-v2,0.4714027128556704,synthetic_demo
entity_0071,candidate,2026-08-23 22:13:00+00:00,0.963583,4,26,44,0.5194444444444445,0.794835,0.04898799999999992,3.7142857142857144,1,0.7084076673451875,0.7063027892134724,19,challenger,model-v2,0.7063027892134724,synthetic_demo
entity_0071,candidate,2026-08-23 22:19:00+00:00,0.950758,5,27,45,0.004166666666666667,0.794835,-0.012824999999999975,3.857142857142857,1,0.7019142863782512,0.7023480505472193,19,challenger,model-v2,0.7023480505472193,synthetic_demo
entity_0085,candidate,2026-08-23 22:20:00+00:00,0.883544,4,18,27,0.12986111111111112,0.606124,0.13661,2.5714285714285716,1,0.6051976893758791,0.5985401285416478,70,control,model-v1,0.6051976893758791,synthetic_demo
entity_0121,candidate,2026-08-23 22:20:00+00:00,0.419018,4,11,15,0.38263888888888886,0.874267,0.0011030000000000206,1.5714285714285714,1,0.44324471921148917,0.44205016069260705,36,control,model-v1,0.44324471921148917,synthetic_demo
entity_0188,company,2026-08-23 22:21:00+00:00,0.759885,4,9,24,0.1423611111111111,0.398168,-0.007124000000000019,1.2857142857142858,1,0.44294988929799206,0.44367096122042005,90,control,model-v1,0.44294988929799206,synthetic_demo
entity_0150,company,2026-08-23 22:24:00+00:00,0.707727,4,15,22,0.2569444444444444,0.673891,0.050007000000000024,2.142857142857143,1,0.5320311212119314,0.52915969706529,99,control,model-v1,0.5320311212119314,synthetic_demo
entity_0200,company,2026-08-23 22:25:00+00:00,0.978209,3,22,39,0.25763888888888886,0.761143,0.13814499999999996,3.142857142857143,1,0.6998340035545226,0.6940320148015695,62,control,model-v1,0.6998340035545226,synthetic_demo
entity_0030,candidate,2026-08-23 22:41:00+00:00,0.287156,2,10,14,0.6569444444444444,0.913777,-0.023331999999999964,1.4285714285714286,1,0.37964866760401517,0.37952705732459585,6,permanent_holdout,non_ml_baseline,0.6004665,synthetic_demo
entity_0055,candidate,2026-08-23 22:45:00+00:00,0.642353,3,11,18,0.6090277777777777,0.611813,0.03743799999999997,1.5714285714285714,1,0.4677614916894087,0.46565346919939143,71,control,model-v1,0.4677614916894087,synthetic_demo
entity_0080,candidate,2026-08-23 22:46:00+00:00,0.733002,3,14,32,0.025694444444444443,0.693391,0.04824800000000007,2.0,0,0.5353896255383133,0.5328463717461854,51,control,model-v1,0.5353896255383133,synthetic_demo
entity_0141,company,2026-08-23 22:47:00+00:00,0.648447,5,12,33,0.07847222222222222,0.629525,-0.02814799999999995,1.7142857142857142,0,0.4630590211701822,0.46413862353596874,83,control,model-v1,0.4630590211701822,synthetic_demo
entity_0011,candidate,2026-08-23 22:48:00+00:00,0.705558,3,11,31,0.0375,0.389238,0.12465999999999999,1.5714285714285714,0,0.4005097885535991,0.3944109407401518,23,control,model-v1,0.4005097885535991,synthetic_demo
entity_0086,candidate,2026-08-23 22:55:00+00:00,0.661747,4,22,37,0.19930555555555557,0.390953,0.019730999999999943,3.142857142857143,1,0.3929535096346839,0.39141273228792783,47,control,model-v1,0.3929535096346839,synthetic_demo
entity_0141,company,2026-08-23 23:08:00+00:00,0.754022,6,13,34,0.014583333333333334,0.629525,0.10557499999999997,1.8571428571428572,1,0.5272644885139104,0.5215266642114675,83,control,model-v1,0.5272644885139104,synthetic_demo
entity_0060,candidate,2026-08-23 23:13:00+00:00,0.725616,5,7,14,0.14930555555555555,0.782671,-0.04340999999999995,1.0,1,0.5804275165255991,0.5826655442031161,1,permanent_holdout,non_ml_baseline,0.7541435000000001,synthetic_demo
entity_0023,candidate,2026-08-23 23:22:00+00:00,0.724956,2,19,24,0.22083333333333333,0.551892,-0.048481999999999914,2.7142857142857144,1,0.494557902083548,0.4970196435645649,23,control,model-v1,0.494557902083548,synthetic_demo
entity_0008,candidate,2026-08-23 23:25:00+00:00,0.873437,3,12,25,0.11458333333333333,0.621484,0.054888999999999966,1.7142857142857142,0,0.5941030096324881,0.5918843402936119,55,control,model-v1,0.5941030096324881,synthetic_demo
entity_0175,company,2026-08-23 23:30:00+00:00,0.238887,2,9,14,0.48541666666666666,0.679942,0.07672499999999999,1.2857142857142858,0,0.27433645962040887,0.2700700194923329,93,control,model-v1,0.27433645962040887,synthetic_demo
entity_0037,candidate,2026-08-23 23:36:00+00:00,0.906527,3,30,58,0.07777777777777778,0.890078,-0.04213600000000006,4.285714285714286,1,0.6977182051424079,0.6993522078068267,94,control,model-v1,0.6977182051424079,synthetic_demo
entity_0159,company,2026-08-23 23:42:00+00:00,0.551915,4,15,31,0.06458333333333334,0.729018,-0.077681,2.142857142857143,1,0.45016918738617295,0.45342198707314907,15,challenger,model-v2,0.45342198707314907,synthetic_demo
entity_0032,candidate,2026-08-23 23:45:00+00:00,0.884011,5,22,37,0.7118055555555556,0.476883,-0.014229000000000047,3.142857142857143,1,0.5595105696790988,0.5602602867129349,65,control,model-v1,0.5595105696790988,synthetic_demo
entity_0188,company,2026-08-23 23:51:00+00:00,0.683244,5,10,25,0.0625,0.398168,-0.07664100000000007,1.4285714285714286,0,0.4022710402721818,0.406099355080108,90,control,model-v1,0.4022710402721818,synthetic_demo
entity_0037,candidate,2026-08-23 23:52:00+00:00,0.885874,4,31,59,0.011111111111111112,0.890078,-0.02065299999999992,4.428571428571429,0,0.690010515975853,0.6905093046958142,94,control,model-v1,0.690010515975853,synthetic_demo
entity_0117,candidate,2026-08-23 23:53:00+00:00,0.976876,3,29,55,0.25972222222222224,0.543925,-0.009937000000000085,4.142857142857143,1,0.6187421534916313,0.6194161816984931,37,control,model-v1,0.6187421534916313,synthetic_demo
entity_0094,candidate,2026-08-23 23:58:00+00:00,0.705094,4,18,26,0.4548611111111111,0.607268,-0.10599599999999998,2.5714285714285716,0,0.507151583179583,0.5123638261146525,86,control,model-v1,0.507151583179583,synthetic_demo
entity_0080,candidate,2026-08-24 00:05:00+00:00,0.796769,4,15,33,0.05486111111111111,0.693391,0.06376699999999991,2.142857142857143,0,0.5755525703482006,0.5723118431637927,51,control,model-v1,0.5755525703482006,synthetic_demo
entity_0016,candidate,2026-08-24 00:14:00+00:00,0.862256,5,18,22,0.33125,0.704796,0.03588800000000003,2.5714285714285716,1,0.6388324291006034,0.637093042750338,86,control,model-v1,0.6388324291006034,synthetic_demo
entity_0182,company,2026-08-24 00:15:00+00:00,0.936058,5,28,44,0.39166666666666666,0.88819,-0.03117700000000001,4.0,1,0.7287978406874858,0.7298500177005678,31,control,model-v1,0.7287978406874858,synthetic_demo
entity_0200,company,2026-08-24 00:19:00+00:00,0.872206,4,23,40,0.07916666666666666,0.761143,-0.10600299999999996,3.2857142857142856,1,0.6476115223084938,0.6525887020391844,62,control,model-v1,0.6476115223084938,synthetic_demo
entity_0003,candidate,2026-08-24 00:25:00+00:00,0.822208,0,7,7,4.090972222222222,0.649045,0.013620000000000076,1.0,0,0.6080330285685043,0.608217967996455,47,control,model-v1,0.6080330285685043,synthetic_demo
entity_0106,candidate,2026-08-24 00:26:00+00:00,0.904999,4,8,30,0.23125,0.633777,-0.01661199999999996,1.1428571428571428,1,0.6066629394191216,0.6082261183582233,17,challenger,model-v2,0.6082261183582233,synthetic_demo
entity_0070,candidate,2026-08-24 00:28:00+00:00,0.429187,3,16,30,0.2986111111111111,0.585533,-0.169462,2.2857142857142856,1,0.33261831455844243,0.33961315611406523,97,control,model-v1,0.33261831455844243,synthetic_demo
entity_0068,candidate,2026-08-24 00:31:00+00:00,0.492475,2,11,12,0.2076388888888889,0.497299,0.070496,1.5714285714285714,0,0.343984489855159,0.34021508701386566,3,permanent_holdout,non_ml_baseline,0.49488699999999997,synthetic_demo
entity_0166,company,2026-08-24 00:34:00+00:00,1.0,0,24,38,1.0868055555555556,0.627337,0.029115000000000002,3.4285714285714284,1,0.6688985833657787,0.6682289743026172,73,control,model-v1,0.6688985833657787,synthetic_demo
entity_0012,candidate,2026-08-24 00:40:00+00:00,0.592735,0,15,26,1.051388888888889,0.458486,0.06940299999999999,2.142857142857143,1,0.37533239318604955,0.3718258006220325,50,control,model-v1,0.37533239318604955,synthetic_demo
entity_0036,candidate,2026-08-24 00:46:00+00:00,0.27157,2,10,22,0.17291666666666666,0.963067,0.011441999999999952,1.4285714285714286,1,0.3761601145696931,0.3742541041530061,86,control,model-v1,0.3761601145696931,synthetic_demo
entity_0066,candidate,2026-08-24 00:47:00+00:00,0.334441,0,6,20,1.1215277777777777,0.510268,-0.131017,0.8571428571428571,1,0.2562543481850812,0.2610996155763211,99,control,model-v1,0.2562543481850812,synthetic_demo
entity_0153,company,2026-08-24 00:49:00+00:00,0.398662,0,12,17,1.0493055555555555,0.68925,0.0023100000000000342,1.7142857142857142,0,0.35761049160536296,0.35682315823298527,37,control,model-v1,0.35761049160536296,synthetic_demo
entity_0007,candidate,2026-08-24 00:58:00+00:00,0.626416,0,8,13,2.2569444444444446,0.571475,-0.01594200000000001,1.1428571428571428,1,0.4475457573556115,0.44864142191568945,4,permanent_holdout,non_ml_baseline,0.5989454999999999,synthetic_demo
entity_0169,company,2026-08-24 01:01:00+00:00,0.967402,0,13,35,2.1256944444444446,0.705053,0.061056,1.8571428571428572,1,0.6703967923109265,0.6685437537951251,57,control,model-v1,0.6703967923109265,synthetic_demo
entity_0043,candidate,2026-08-24 01:06:00+00:00,0.958037,0,17,29,1.492361111111111,0.771115,0.003350000000000075,2.4285714285714284,1,0.6963395497320576,0.696931421809501,69,control,model-v1,0.6963395497320576,synthetic_demo
entity_0011,candidate,2026-08-24 01:11:00+00:00,0.567978,4,12,32,0.09930555555555555,0.389238,-0.13758000000000004,1.7142857142857142,1,0.33011795293506935,0.33617207665572135,23,control,model-v1,0.33011795293506935,synthetic_demo
entity_0076,candidate,2026-08-24 01:17:00+00:00,0.952809,3,34,62,0.27291666666666664,0.965334,-0.03638299999999994,4.857142857142857,1,0.7454392571786811,0.7466251185199482,44,control,model-v1,0.7454392571786811,synthetic_demo
entity_0069,candidate,2026-08-24 01:20:00+00:00,0.637641,0,8,15,1.4715277777777778,0.962872,0.005901000000000045,1.1428571428571428,1,0.5939287029266144,0.5937309685822456,43,control,model-v1,0.5939287029266144,synthetic_demo
entity_0166,company,2026-08-24 01:26:00+00:00,0.967598,1,24,39,0.03611111111111111,0.627337,-0.03240200000000004,3.4285714285714284,1,0.6464296102236934,0.6485085776441181,73,control,model-v1,0.6464296102236934,synthetic_demo
entity_0022,candidate,2026-08-24 01:30:00+00:00,0.887291,0,5,21,3.5854166666666667,0.690281,0.191836,0.7142857142857143,1,0.6351115971007266,0.6268323362101811,2,permanent_holdout,non_ml_baseline,0.788786,synthetic_demo
entity_0078,candidate,2026-08-24 01:32:00+00:00,0.400447,0,10,15,1.4041666666666666,0.64438,0.04430200000000001,1.4285714285714286,1,0.344205869535491,0.3415477757951703,0,permanent_holdout,non_ml_baseline,0.5224135,synthetic_demo
entity_0128,candidate,2026-08-24 01:36:00+00:00,0.573609,0,9,23,3.352777777777778,0.693581,-0.012468999999999952,1.2857142857142858,1,0.4608305681740545,0.461444461257273,99,control,model-v1,0.4608305681740545,synthetic_demo
entity_0139,candidate,2026-08-24 01:43:00+00:00,0.518313,0,2,16,3.176388888888889,0.623747,-0.14276299999999997,0.2857142857142857,1,0.3978509092929572,0.4052075800437589,60,control,model-v1,0.3978509092929572,synthetic_demo
entity_0001,candidate,2026-08-24 01:44:00+00:00,0.706427,3,14,31,0.28402777777777777,0.365757,-0.059493999999999936,2.0,1,0.39945354340985806,0.4025277073134271,2,permanent_holdout,non_ml_baseline,0.536092,synthetic_demo
entity_0031,candidate,2026-08-24 01:46:00+00:00,0.415597,0,6,10,2.1284722222222223,0.361382,0.027364999999999973,0.8571428571428571,1,0.26403157290873364,0.262729498273743,91,control,model-v1,0.26403157290873364,synthetic_demo
entity_0073,candidate,2026-08-24 01:52:00+00:00,0.925351,4,19,28,0.23055555555555557,0.682864,0.18258200000000002,2.7142857142857144,1,0.6563160924723477,0.6478646383789728,11,challenger,model-v2,0.6478646383789728,synthetic_demo
entity_0097,candidate,2026-08-24 01:56:00+00:00,0.476005,0,10,15,1.2756944444444445,0.839958,-0.17160399999999998,1.4285714285714286,0,0.4565857864791185,0.4651002191270584,70,control,model-v1,0.4565857864791185,synthetic_demo
entity_0077,candidate,2026-08-24 02:01:00+00:00,0.797327,3,11,30,0.6590277777777778,0.894463,-0.0003009999999999957,1.5714285714285714,0,0.6467111239002129,0.6469302698519669,33,control,model-v1,0.6467111239002129,synthetic_demo
entity_0011,candidate,2026-08-24 02:04:00+00:00,0.707603,5,13,32,0.03680555555555556,0.389238,0.139625,1.8571428571428572,1,0.4094347422544945,0.4022385217497352,23,control,model-v1,0.4094347422544945,synthetic_demo
entity_0005,candidate,2026-08-24 02:06:00+00:00,0.442535,0,0,8,7.184027777777778,0.703408,-0.15214899999999998,0.0,1,0.41905841013427536,0.4267559177930529,40,control,model-v1,0.41905841013427536,synthetic_demo
entity_0056,candidate,2026-08-24 02:09:00+00:00,0.704982,0,7,18,2.7569444444444446,0.629349,-0.051741999999999955,1.0,1,0.5107064072217139,0.5139703700804158,5,permanent_holdout,non_ml_baseline,0.6671655000000001,synthetic_demo
entity_0102,candidate,2026-08-24 02:22:00+00:00,0.506161,2,2,7,0.6666666666666666,0.662814,-0.05966900000000008,0.2857142857142857,0,0.40385786400560114,0.4067815415417884,32,control,model-v1,0.40385786400560114,synthetic_demo
entity_0043,candidate,2026-08-24 02:24:00+00:00,0.97614,1,18,30,0.05416666666666667,0.771115,0.01810299999999998,2.5714285714285716,1,0.699212132029829,0.6990844497582888,69,control,model-v1,0.699212132029829,synthetic_demo
entity_0168,company,2026-08-24 02:27:00+00:00,0.460766,0,4,13,2.0145833333333334,0.926902,-0.0018509999999999915,0.5714285714285714,1,0.47761229179482717,0.4774139873796098,22,control,model-v1,0.47761229179482717,synthetic_demo
entity_0053,candidate,2026-08-24 02:37:00+00:00,0.900456,0,8,18,3.3625,0.392836,0.06394700000000009,1.1428571428571428,0,0.5402084558838917,0.5381331135067453,85,control,model-v1,0.5402084558838917,synthetic_demo
entity_0156,company,2026-08-24 02:38:00+00:00,0.266775,0,3,3,3.5208333333333335,0.807363,-0.05969000000000002,0.42857142857142855,1,0.34598822186974953,0.34805394060025413,15,challenger,model-v2,0.34805394060025413,synthetic_demo
entity_0130,candidate,2026-08-24 02:43:00+00:00,0.441076,0,4,9,3.4298611111111112,0.784092,0.03792200000000001,0.5714285714285714,1,0.4274794577367858,0.4252281630103532,82,control,model-v1,0.4274794577367858,synthetic_demo
entity_0154,company,2026-08-24 02:44:00+00:00,0.466831,0,8,14,1.0298611111111111,0.555039,0.04836999999999997,1.1428571428571428,0,0.3435446222250715,0.3410301922087493,76,control,model-v1,0.3435446222250715,synthetic_demo
entity_0145,company,2026-08-24 03:00:00+00:00,0.776147,0,16,28,1.2618055555555556,0.712164,0.12253000000000003,2.2857142857142856,1,0.5763790555630105,0.5704029628748606,18,challenger,model-v2,0.5704029628748606,synthetic_demo
entity_0139,candidate,2026-08-24 03:04:00+00:00,0.511527,1,3,17,0.05625,0.623747,-0.00678600000000007,0.42857142857142855,1,0.3756795210868539,0.376017436364922,60,control,model-v1,0.3756795210868539,synthetic_demo
entity_0069,candidate,2026-08-24 03:20:00+00:00,0.477316,1,9,16,0.08333333333333333,0.962872,-0.160325,1.2857142857142858,1,0.49514438063052324,0.503008245409863,43,control,model-v1,0.49514438063052324,synthetic_demo
entity_0087,candidate,2026-08-24 03:51:00+00:00,0.811615,0,20,30,2.428472222222222,0.743717,0.018286999999999942,2.857142857142857,0,0.6206758433068115,0.6199979911426238,52,control,model-v1,0.6206758433068115,synthetic_demo
entity_0055,candidate,2026-08-24 03:54:00+00:00,0.722006,4,12,18,0.21458333333333332,0.611813,0.07965300000000008,1.7142857142857142,1,0.5157679366811407,0.5115502809088602,71,control,model-v1,0.5157679366811407,synthetic_demo
entity_0073,candidate,2026-08-24 03:56:00+00:00,0.839954,5,20,29,0.08611111111111111,0.682864,-0.08539700000000006,2.857142857142857,1,0.6125071043029272,0.616626706742135,11,challenger,model-v2,0.616626706742135,synthetic_demo
entity_0068,candidate,2026-08-24 03:58:00+00:00,0.455017,3,12,13,0.14375,0.497299,-0.03745799999999999,1.7142857142857142,0,0.32720465133438886,0.32827326207553564,3,permanent_holdout,non_ml_baseline,0.47615799999999997,synthetic_demo
entity_0039,candidate,2026-08-24 04:05:00+00:00,1.0,3,17,34,0.3680555555555556,0.359386,0.09974499999999997,2.4285714285714284,1,0.5682465568279538,0.5639976625704151,92,control,model-v1,0.5682465568279538,synthetic_demo
entity_0055,candidate,2026-08-24 04:15:00+00:00,0.654858,5,13,19,0.014583333333333334,0.611813,-0.06714799999999999,1.8571428571428572,1,0.47871944299409946,0.4818393626428122,71,control,model-v1,0.47871944299409946,synthetic_demo
entity_0120,candidate,2026-08-24 04:21:00+00:00,0.94204,0,15,41,1.4833333333333334,0.89865,0.019791000000000003,2.142857142857143,1,0.713586944035482,0.713426494477553,77,control,model-v1,0.713586944035482,synthetic_demo
entity_0080,candidate,2026-08-24 04:29:00+00:00,0.690667,5,16,34,0.18333333333333332,0.693391,-0.10610199999999992,2.2857142857142856,1,0.5188293122871523,0.5239300297969299,51,control,model-v1,0.5188293122871523,synthetic_demo
entity_0135,candidate,2026-08-24 04:31:00+00:00,0.808316,4,13,29,0.4375,0.460149,-0.182122,1.8571428571428572,1,0.4978678337871156,0.5077496570488694,92,control,model-v1,0.4978678337871156,synthetic_demo
entity_0132,candidate,2026-08-24 04:32:00+00:00,0.644515,0,4,25,5.19375,0.805617,-0.11508200000000002,0.5714285714285714,1,0.5463355145641712,0.5526770831283669,23,control,model-v1,0.5463355145641712,synthetic_demo
entity_0130,candidate,2026-08-24 04:33:00+00:00,0.47667,1,5,10,0.0763888888888889,0.784092,0.03559399999999996,0.7142857142857143,1,0.42703258650009146,0.4249120591596741,82,control,model-v1,0.42703258650009146,synthetic_demo
entity_0168,company,2026-08-24 04:36:00+00:00,0.545304,1,5,14,0.08958333333333333,0.926902,0.084538,0.7142857142857143,1,0.5160377878532842,0.5114518622106354,22,control,model-v1,0.5160377878532842,synthetic_demo
entity_0047,candidate,2026-08-24 04:37:00+00:00,0.943207,0,9,28,5.555555555555555,0.855194,0.01896399999999998,1.2857142857142858,1,0.7288103792807664,0.728886903017238,78,control,model-v1,0.7288103792807664,synthetic_demo
entity_0158,company,2026-08-24 04:47:00+00:00,0.4601,0,2,13,6.563194444444444,0.388375,-0.14150499999999994,0.2857142857142857,1,0.311084271196891,0.31752412690095105,21,control,model-v1,0.311084271196891,synthetic_demo
entity_0150,company,2026-08-24 04:48:00+00:00,0.708184,4,16,23,0.26666666666666666,0.673891,0.0004570000000000407,2.2857142857142856,1,0.5329743935310617,0.5326566791373947,99,control,model-v1,0.5329743935310617,synthetic_demo
entity_0058,candidate,2026-08-24 04:49:00+00:00,0.570347,0,4,11,2.390972222222222,0.410471,-0.109815,0.5714285714285714,0,0.3537631004181496,0.35938823456071556,37,control,model-v1,0.3537631004181496,synthetic_demo
entity_0086,candidate,2026-08-24 04:52:00+00:00,0.640592,4,22,36,0.24791666666666667,0.390953,-0.021154999999999924,3.142857142857143,1,0.38279520422789337,0.3832336993672293,47,control,model-v1,0.38279520422789337,synthetic_demo
entity_0135,candidate,2026-08-24 05:03:00+00:00,0.919033,5,14,30,0.022222222222222223,0.460149,0.11071699999999995,2.0,1,0.5622577471598706,0.5570258440923987,92,control,model-v1,0.5622577471598706,synthetic_demo
entity_0111,candidate,2026-08-24 05:06:00+00:00,0.946156,3,32,36,0.3125,0.554652,0.12705999999999995,4.571428571428571,0,0.6334923908124923,0.6272057894573718,29,control,model-v1,0.6334923908124923,synthetic_demo
entity_0187,company,2026-08-24 05:07:00+00:00,0.557198,0,2,12,6.288888888888889,0.979069,-0.13592900000000008,0.2857142857142857,1,0.5816513884568254,0.5886330457011253,6,permanent_holdout,non_ml_baseline,0.7681335,synthetic_demo
entity_0077,candidate,2026-08-24 05:15:00+00:00,0.854862,4,11,30,0.13472222222222222,0.894463,0.057535,1.5714285714285714,1,0.6757306077174772,0.6733485764584864,33,control,model-v1,0.6757306077174772,synthetic_demo
entity_0133,candidate,2026-08-24 05:15:00+00:00,0.219573,0,5,15,3.1708333333333334,0.958165,-0.13335,0.7142857142857143,1,0.3609705824260355,0.36636363083885226,10,challenger,model-v2,0.36636363083885226,synthetic_demo
entity_0087,candidate,2026-08-24 05:16:00+00:00,0.855927,1,19,31,0.059027777777777776,0.743717,0.04431200000000002,2.7142857142857144,1,0.6282863680586239,0.6264439711091482,52,control,model-v1,0.6282863680586239,synthetic_demo
entity_0145,company,2026-08-24 05:21:00+00:00,0.752991,1,17,29,0.09791666666666667,0.712164,-0.023156000000000065,2.4285714285714284,1,0.5581557198574334,0.5594788202825336,18,challenger,model-v2,0.5594788202825336,synthetic_demo
entity_0056,candidate,2026-08-24 05:22:00+00:00,0.624879,1,8,19,0.13402777777777777,0.629349,-0.08010300000000004,1.1428571428571428,1,0.4485524306762277,0.4528772210793602,5,permanent_holdout,non_ml_baseline,0.627114,synthetic_demo
entity_0137,candidate,2026-08-24 05:25:00+00:00,0.535297,0,7,23,2.63125,0.708766,-0.086534,1.0,1,0.4356564965632486,0.4400682044727419,0,permanent_holdout,non_ml_baseline,0.6220315000000001,synthetic_demo
entity_0025,candidate,2026-08-24 05:28:00+00:00,0.663972,3,9,21,0.5291666666666667,0.572241,-0.04612099999999997,1.2857142857142858,0,0.4572687765549037,0.4597209237457391,70,control,model-v1,0.4572687765549037,synthetic_demo
entity_0134,candidate,2026-08-24 05:29:00+00:00,0.845246,4,18,38,0.56875,0.883304,0.04049400000000003,2.5714285714285716,1,0.6725353616698845,0.6706180710548781,87,control,model-v1,0.6725353616698845,synthetic_demo
entity_0053,candidate,2026-08-24 05:43:00+00:00,0.749325,1,9,19,0.12916666666666668,0.392836,-0.15113100000000002,1.2857142857142858,1,0.4326246461614498,0.44109630012786827,85,control,model-v1,0.4326246461614498,synthetic_demo
entity_0181,company,2026-08-24 05:59:00+00:00,0.624251,1,8,19,0.33819444444444446,0.92619,-0.028205000000000036,1.1428571428571428,1,0.562490389658693,0.5639368784690937,72,control,model-v1,0.562490389658693,synthetic_demo
entity_0043,candidate,2026-08-24 06:02:00+00:00,0.884668,2,17,31,0.15138888888888888,0.771115,-0.091472,2.4285714285714284,1,0.6530881711180403,0.6578221185485383,69,control,model-v1,0.6530881711180403,synthetic_demo
entity_0084,candidate,2026-08-24 06:06:00+00:00,0.763614,0,15,23,3.3402777777777777,0.886024,-0.11007100000000003,2.142857142857143,0,0.650802826864646,0.6562521519069688,99,control,model-v1,0.650802826864646,synthetic_demo
entity_0119,candidate,2026-08-24 06:09:00+00:00,0.633026,1,14,27,0.5375,0.757125,-0.024051000000000045,2.0,0,0.5060187576673956,0.5071096647587588,91,control,model-v1,0.5060187576673956,synthetic_demo
entity_0132,candidate,2026-08-24 06:09:00+00:00,0.806391,1,5,26,0.06736111111111111,0.805617,0.16187600000000002,0.7142857142857143,1,0.604833629496271,0.5974387999893528,23,control,model-v1,0.604833629496271,synthetic_demo
entity_0013,candidate,2026-08-24 06:16:00+00:00,0.987091,0,22,30,2.4243055555555557,0.575491,0.0020220000000000793,3.142857142857143,1,0.6588338664149397,0.6594893704202248,58,control,model-v1,0.6588338664149397,synthetic_demo
entity_0134,candidate,2026-08-24 06:19:00+00:00,0.834567,4,19,38,0.034722222222222224,0.883304,-0.010679000000000105,2.7142857142857144,0,0.6652131198224169,0.6656096731443446,87,control,model-v1,0.6652131198224169,synthetic_demo
entity_0154,company,2026-08-24 06:22:00+00:00,0.597406,1,9,15,0.15138888888888888,0.555039,0.130575,1.2857142857142858,0,0.41190662051656657,0.4053132444467559,76,control,model-v1,0.41190662051656657,synthetic_demo
entity_0070,candidate,2026-08-24 06:23:00+00:00,0.525678,4,17,30,0.2465277777777778,0.585533,0.096491,2.4285714285714284,1,0.38817893179661184,0.38250307723253435,97,control,model-v1,0.38817893179661184,synthetic_demo
entity_0067,candidate,2026-08-24 06:39:00+00:00,0.503783,0,6,14,1.523611111111111,0.733388,0.11240899999999998,0.8571428571428571,1,0.4280888827872176,0.4221760859061255,67,control,model-v1,0.4280888827872176,synthetic_demo
entity_0074,candidate,2026-08-24 06:42:00+00:00,0.685263,3,3,14,0.4166666666666667,0.915232,0.014426999999999968,0.42857142857142855,1,0.5960196170766309,0.5954887147147969,74,control,model-v1,0.5960196170766309,synthetic_demo
entity_0187,company,2026-08-24 06:43:00+00:00,0.670215,1,3,13,0.06666666666666667,0.979069,0.11301700000000003,0.42857142857142855,0,0.6043584507504058,0.5989896998763157,6,permanent_holdout,non_ml_baseline,0.824642,synthetic_demo
entity_0087,candidate,2026-08-24 06:47:00+00:00,0.78063,2,20,32,0.06319444444444444,0.743717,-0.07529699999999995,2.857142857142857,1,0.5899224926642933,0.5937041341607021,52,control,model-v1,0.5899224926642933,synthetic_demo
entity_0039,candidate,2026-08-24 06:56:00+00:00,1.0,3,16,35,0.11875,0.359386,0.0,2.2857142857142856,0,0.5634144767075617,0.5643740182790734,92,control,model-v1,0.5634144767075617,synthetic_demo
entity_0039,candidate,2026-08-24 07:03:00+00:00,0.848674,4,17,36,0.004861111111111111,0.359386,-0.15132599999999996,2.4285714285714284,0,0.47841919911825614,0.48668182017436323,92,control,model-v1,0.47841919911825614,synthetic_demo
entity_0111,candidate,2026-08-24 07:05:00+00:00,0.813795,4,33,37,0.08263888888888889,0.554652,-0.13236099999999995,4.714285714285714,1,0.5613162865499043,0.5675193933592052,29,control,model-v1,0.5613162865499043,synthetic_demo
entity_0133,candidate,2026-08-24 07:06:00+00:00,0.40529,1,6,16,0.07708333333333334,0.958165,0.185717,0.8571428571428571,1,0.4461040419741746,0.435797517544371,10,challenger,model-v2,0.435797517544371,synthetic_demo
entity_0162,company,2026-08-24 07:10:00+00:00,0.22761,0,3,9,3.5972222222222223,0.826128,-0.108185,0.42857142857142855,1,0.32593294703482145,0.3300656491098261,74,control,model-v1,0.32593294703482145,synthetic_demo
entity_0158,company,2026-08-24 07:17:00+00:00,0.515901,1,2,14,0.10416666666666667,0.388375,0.055801000000000045,0.2857142857142857,0,0.2997923326603722,0.2974914712127476,21,control,model-v1,0.2997923326603722,synthetic_demo
entity_0134,candidate,2026-08-24 07:21:00+00:00,0.734162,5,20,39,0.043055555555555555,0.883304,-0.10040499999999997,2.857142857142857,1,0.6147082057335216,0.6191238617168243,87,control,model-v1,0.6147082057335216,synthetic_demo
entity_0151,company,2026-08-24 07:23:00+00:00,0.63917,2,15,19,0.39444444444444443,0.857793,-0.05340299999999998,2.142857142857143,1,0.5612455867320483,0.5636555565744832,74,control,model-v1,0.5612455867320483,synthetic_demo
entity_0086,candidate,2026-08-24 07:24:00+00:00,0.789078,5,21,37,0.10555555555555556,0.390953,0.1484859999999999,3.0,1,0.46558814297602313,0.45761120190984195,47,control,model-v1,0.46558814297602313,synthetic_demo
entity_0124,candidate,2026-08-24 07:25:00+00:00,0.900111,0,7,23,2.8055555555555554,0.900952,-0.04626399999999997,1.0,1,0.708423990237074,0.7112998312707768,61,control,model-v1,0.708423990237074,synthetic_demo
entity_0111,candidate,2026-08-24 07:28:00+00:00,0.94156,3,34,38,0.01597222222222222,0.554652,0.1277649999999999,4.857142857142857,1,0.6301228000047523,0.6236800053008787,29,control,model-v1,0.6301228000047523,synthetic_demo
entity_0123,candidate,2026-08-24 07:28:00+00:00,0.372618,0,7,11,2.352777777777778,0.475545,0.003064000000000011,1.0,0,0.280561102850018,0.28003206700954636,0,permanent_holdout,non_ml_baseline,0.4240815,synthetic_demo
entity_0072,candidate,2026-08-24 07:29:00+00:00,0.448841,0,11,20,1.917361111111111,0.720287,-0.045887999999999984,1.5714285714285714,0,0.39685572939476926,0.3986446737458282,16,challenger,model-v2,0.3986446737458282,synthetic_demo
entity_0166,company,2026-08-24 07:36:00+00:00,0.895416,2,23,40,0.2569444444444444,0.627337,-0.07218199999999997,3.2857142857142856,1,0.6084813496141901,0.6123426318000195,73,control,model-v1,0.6084813496141901,synthetic_demo
entity_0139,candidate,2026-08-24 07:51:00+00:00,0.565595,2,4,18,0.19930555555555557,0.623747,0.054068000000000005,0.5714285714285714,0,0.4098975554478061,0.40717325133725846,60,control,model-v1,0.4098975554478061,synthetic_demo
entity_0097,candidate,2026-08-24 07:54:00+00:00,0.503029,1,11,16,0.24861111111111112,0.839958,0.027023999999999937,1.5714285714285714,1,0.4681195862060299,0.46618915933285704,70,control,model-v1,0.4681195862060299,synthetic_demo
entity_0090,candidate,2026-08-24 08:00:00+00:00,0.826844,0,9,21,2.348611111111111,0.460823,0.03832900000000006,1.2857142857142858,1,0.5141739969124665,0.5131165330739511,33,control,model-v1,0.5141739969124665,synthetic_demo
entity_0089,candidate,2026-08-24 08:11:00+00:00,0.849348,2,19,33,0.6006944444444444,0.874239,-0.00375100000000006,2.7142857142857144,1,0.6739398623630354,0.674246291374937,26,control,model-v1,0.6739398623630354,synthetic_demo
entity_0151,company,2026-08-24 08:14:00+00:00,0.72586,3,16,20,0.035416666666666666,0.857793,0.08668999999999993,2.2857142857142856,1,0.6108476498526132,0.6062893217381939,74,control,model-v1,0.6108476498526132,synthetic_demo
entity_0109,candidate,2026-08-24 08:15:00+00:00,0.502151,2,10,16,0.5659722222222222,0.733495,0.08466200000000002,1.4285714285714286,1,0.4306541570779729,0.4257705056420308,11,challenger,model-v2,0.4257705056420308,synthetic_demo
entity_0089,candidate,2026-08-24 08:18:00+00:00,0.830288,3,20,34,0.004861111111111111,0.874239,-0.019059999999999966,2.857142857142857,0,0.6632863294184738,0.6641268837389565,26,control,model-v1,0.6632863294184738,synthetic_demo
entity_0128,candidate,2026-08-24 08:27:00+00:00,0.458789,1,9,24,0.28541666666666665,0.693581,-0.11482000000000003,1.2857142857142858,1,0.37578616461187875,0.3810063563642506,99,control,model-v1,0.37578616461187875,synthetic_demo
entity_0181,company,2026-08-24 08:28:00+00:00,0.618975,2,9,20,0.10347222222222222,0.92619,-0.005275999999999947,1.2857142857142858,1,0.561144399675499,0.5612347285237413,72,control,model-v1,0.561144399675499,synthetic_demo
entity_0016,candidate,2026-08-24 08:31:00+00:00,0.967529,4,19,23,0.3451388888888889,0.704796,0.10527299999999995,2.7142857142857144,1,0.6913881432471985,0.6870059889834691,86,control,model-v1,0.6913881432471985,synthetic_demo
entity_0121,candidate,2026-08-24 08:33:00+00:00,0.385986,2,12,14,0.42569444444444443,0.874267,-0.033032000000000006,1.7142857142857142,0,0.42223253331805183,0.42286515386717266,36,control,model-v1,0.42223253331805183,synthetic_demo
entity_0121,candidate,2026-08-24 08:35:00+00:00,0.275363,3,13,15,0.001388888888888889,0.874267,-0.11062299999999997,1.8571428571428572,0,0.3613508319801318,0.36524301403404924,36,control,model-v1,0.3613508319801318,synthetic_demo
entity_0128,candidate,2026-08-24 08:41:00+00:00,0.58531,2,10,25,0.009722222222222222,0.693581,0.126521,1.4285714285714286,0,0.44823857544016377,0.4414431941544559,99,control,model-v1,0.44823857544016377,synthetic_demo
entity_0039,candidate,2026-08-24 08:51:00+00:00,1.0,4,18,36,0.075,0.359386,0.15132599999999996,2.5714285714285716,1,0.5682772354399406,0.5612056032658687,92,control,model-v1,0.5682772354399406,synthetic_demo
entity_0132,candidate,2026-08-24 08:52:00+00:00,0.721386,2,6,27,0.11319444444444444,0.805617,-0.085005,0.8571428571428571,0,0.5604711435336597,0.5652337371784552,23,control,model-v1,0.5604711435336597,synthetic_demo
entity_0161,company,2026-08-24 08:55:00+00:00,0.484524,0,8,18,3.515972222222222,0.402824,-0.04560800000000004,1.1428571428571428,1,0.3130566781872406,0.3150055517659343,18,challenger,model-v2,0.3150055517659343,synthetic_demo
entity_0054,candidate,2026-08-24 09:02:00+00:00,0.778043,2,20,35,0.50625,0.695234,0.09131500000000004,2.857142857142857,0,0.5699604762675051,0.5652038797671639,9,permanent_holdout,non_ml_baseline,0.7366385,synthetic_demo
entity_0106,candidate,2026-08-24 09:03:00+00:00,0.77243,3,9,31,0.3590277777777778,0.633777,-0.13256900000000005,1.2857142857142858,0,0.5299931988628387,0.537315211450838,17,challenger,model-v2,0.537315211450838,synthetic_demo
entity_0145,company,2026-08-24 09:05:00+00:00,0.797639,2,18,30,0.15555555555555556,0.712164,0.04464800000000002,2.5714285714285716,1,0.587301476689774,0.58513426696925,18,challenger,model-v2,0.58513426696925,synthetic_demo
entity_0074,candidate,2026-08-24 09:14:00+00:00,0.597521,4,4,15,0.10555555555555556,0.915232,-0.08774199999999999,0.5714285714285714,1,0.5472380066219553,0.5515722562514143,74,control,model-v1,0.5472380066219553,synthetic_demo
entity_0084,candidate,2026-08-24 09:15:00+00:00,0.880031,1,15,24,0.13125,0.886024,0.11641699999999999,2.142857142857143,1,0.6911362138755627,0.6863547954166915,99,control,model-v1,0.6911362138755627,synthetic_demo
entity_0179,company,2026-08-24 09:15:00+00:00,0.265057,0,4,9,3.4277777777777776,0.721651,0.12584599999999999,0.5714285714285714,1,0.3107337664283069,0.30435214024366986,80,control,model-v1,0.3107337664283069,synthetic_demo
entity_0179,company,2026-08-24 09:17:00+00:00,0.270229,1,5,10,0.001388888888888889,0.721651,0.00517200000000001,0.7142857142857143,1,0.29497006022019673,0.2939468187318519,80,control,model-v1,0.29497006022019673,synthetic_demo
entity_0095,candidate,2026-08-24 09:27:00+00:00,0.782736,4,9,24,0.5270833333333333,0.975143,-0.14704300000000003,1.2857142857142858,0,0.6717754032761193,0.678665799054068,60,control,model-v1,0.6717754032761193,synthetic_demo
entity_0150,company,2026-08-24 09:29:00+00:00,0.812004,3,17,23,0.1951388888888889,0.673891,0.10381999999999991,2.4285714285714284,1,0.5908520809386687,0.5856756003599766,99,control,model-v1,0.5908520809386687,synthetic_demo
entity_0134,candidate,2026-08-24 09:31:00+00:00,0.841298,6,21,39,0.09027777777777778,0.883304,0.10713600000000001,3.0,1,0.6761626043164041,0.670843327561546,87,control,model-v1,0.6761626043164041,synthetic_demo
entity_0077,candidate,2026-08-24 09:40:00+00:00,0.832932,3,12,30,0.1840277777777778,0.894463,-0.021930000000000005,1.7142857142857142,1,0.6639316072638036,0.6652326992080871,33,control,model-v1,0.6639316072638036,synthetic_demo
entity_0109,candidate,2026-08-24 09:42:00+00:00,0.359374,3,11,17,0.06041666666666667,0.733495,-0.142777,1.5714285714285714,1,0.35155921852857697,0.3573726901802711,11,challenger,model-v2,0.3573726901802711,synthetic_demo
entity_0047,candidate,2026-08-24 09:48:00+00:00,0.896012,1,9,29,0.21597222222222223,0.855194,-0.04719499999999999,1.2857142857142858,0,0.6745309668887498,0.6774951014635151,78,control,model-v1,0.6745309668887498,synthetic_demo
entity_0119,candidate,2026-08-24 09:53:00+00:00,0.573047,2,15,28,0.15555555555555556,0.757125,-0.059979000000000005,2.142857142857143,0,0.4718158727802193,0.4744358470144483,91,control,model-v1,0.4718158727802193,synthetic_demo
entity_0090,candidate,2026-08-24 10:07:00+00:00,0.79537,1,9,21,0.08819444444444445,0.460823,-0.031474,1.2857142857142858,1,0.4821496398932586,0.48457745148915143,33,control,model-v1,0.4821496398932586,synthetic_demo
entity_0200,company,2026-08-24 10:21:00+00:00,0.87942,5,22,41,0.41805555555555557,0.761143,0.007213999999999943,3.142857142857143,1,0.653422004694022,0.6529385934377913,62,control,model-v1,0.653422004694022,synthetic_demo
entity_0037,candidate,2026-08-24 10:25:00+00:00,0.841539,3,32,57,0.4395833333333333,0.890078,-0.04433500000000001,4.571428571428571,1,0.6716739904172899,0.6732050085412633,94,control,model-v1,0.6716739904172899,synthetic_demo
entity_0086,candidate,2026-08-24 10:33:00+00:00,0.785917,6,21,38,0.13125,0.390953,-0.0031609999999999694,3.0,1,0.46550669247885224,0.4653437199267082,47,control,model-v1,0.46550669247885224,synthetic_demo
entity_0098,candidate,2026-08-24 10:34:00+00:00,0.80214,3,17,29,0.6791666666666667,0.882429,-0.12309100000000006,2.4285714285714284,1,0.6564250330132302,0.6622177728311639,57,control,model-v1,0.6564250330132302,synthetic_demo
entity_0105,candidate,2026-08-24 10:34:00+00:00,0.151296,0,0,3,9.522916666666667,0.826603,-0.071989,0.0,1,0.3269183430395943,0.3291933076655751,21,control,model-v1,0.3269183430395943,synthetic_demo
entity_0181,company,2026-08-24 10:37:00+00:00,0.661922,3,9,21,0.08958333333333333,0.92619,0.04294699999999996,1.2857142857142858,1,0.5869800392059364,0.584639748242401,72,control,model-v1,0.5869800392059364,synthetic_demo
entity_0089,candidate,2026-08-24 10:42:00+00:00,0.789744,4,21,33,0.1,0.874239,-0.040544000000000024,3.0,1,0.6479672835189322,0.6495869183927767,26,control,model-v1,0.6479672835189322,synthetic_demo
entity_0073,candidate,2026-08-24 10:57:00+00:00,0.776298,5,21,30,0.2923611111111111,0.682864,-0.06365599999999993,3.0,1,0.5789303866620418,0.581793046408648,11,challenger,model-v2,0.581793046408648,synthetic_demo
entity_0047,candidate,2026-08-24 10:58:00+00:00,0.912435,2,10,30,0.04861111111111111,0.855194,0.016422999999999965,1.4285714285714286,0,0.6847511829654369,0.684695912343461,78,control,model-v1,0.6847511829654369,synthetic_demo
entity_0043,candidate,2026-08-24 11:00:00+00:00,0.843221,3,18,32,0.20694444444444443,0.771115,-0.04144700000000001,2.5714285714285716,1,0.634506905022737,0.6366465640564555,69,control,model-v1,0.634506905022737,synthetic_demo
entity_0128,candidate,2026-08-24 11:03:00+00:00,0.594528,3,11,26,0.09861111111111111,0.693581,0.009217999999999948,1.5714285714285714,1,0.45758018097868297,0.45675470352637915,99,control,model-v1,0.45758018097868297,synthetic_demo
entity_0133,candidate,2026-08-24 11:10:00+00:00,0.295388,2,6,17,0.16944444444444445,0.958165,-0.109902,0.8571428571428571,1,0.3862959406485571,0.3906895711551046,10,challenger,model-v2,0.3906895711551046,synthetic_demo
entity_0074,candidate,2026-08-24 11:13:00+00:00,0.584059,4,5,16,0.08263888888888889,0.915232,-0.013461999999999974,0.7142857142857143,1,0.5399140842429632,0.5402871308435183,74,control,model-v1,0.5399140842429632,synthetic_demo
entity_0043,candidate,2026-08-24 11:18:00+00:00,0.833597,4,19,33,0.0125,0.771115,-0.009623999999999966,2.7142857142857144,1,0.631162353748443,0.631579183911019,69,control,model-v1,0.631162353748443,synthetic_demo
entity_0037,candidate,2026-08-24 11:20:00+00:00,0.83586,4,33,58,0.03819444444444445,0.890078,-0.00567899999999999,4.714285714285714,1,0.6691802114171158,0.6687661641907878,94,control,model-v1,0.6691802114171158,synthetic_demo
entity_0037,candidate,2026-08-24 11:24:00+00:00,0.842996,5,34,59,0.002777777777777778,0.890078,0.00713599999999992,4.857142857142857,1,0.6756168838894758,0.6744989814473435,94,control,model-v1,0.6756168838894758,synthetic_demo
entity_0081,candidate,2026-08-24 11:26:00+00:00,0.282286,1,3,5,0.6020833333333333,0.913974,0.002538999999999958,0.42857142857142855,1,0.37236940447789346,0.3713684689400132,8,permanent_holdout,non_ml_baseline,0.5981299999999999,synthetic_demo
entity_0095,candidate,2026-08-24 11:34:00+00:00,0.897978,4,10,24,0.08819444444444445,0.975143,0.11524200000000007,1.4285714285714286,1,0.7268390010042363,0.7223688463654024,60,control,model-v1,0.7268390010042363,synthetic_demo
entity_0027,candidate,2026-08-24 11:37:00+00:00,0.258724,0,2,6,5.710416666666666,0.577832,-0.13480999999999999,0.2857142857142857,1,0.27606211989691254,0.2811635789299048,55,control,model-v1,0.27606211989691254,synthetic_demo
entity_0192,company,2026-08-24 11:38:00+00:00,0.4453,0,15,20,1.7284722222222222,0.418068,0.02466299999999999,2.142857142857143,1,0.2964588228837479,0.29489453138835503,28,control,model-v1,0.2964588228837479,synthetic_demo
entity_0105,candidate,2026-08-24 11:43:00+00:00,0.26007,1,1,4,0.04791666666666667,0.826603,0.10877400000000001,0.14285714285714285,1,0.3244930427166141,0.3187414017857179,21,control,model-v1,0.3244930427166141,synthetic_demo
entity_0089,candidate,2026-08-24 11:52:00+00:00,0.866094,4,22,34,0.04861111111111111,0.874239,0.07635000000000003,3.142857142857143,1,0.6875137921676636,0.6839252042511995,26,control,model-v1,0.6875137921676636,synthetic_demo
entity_0144,company,2026-08-24 12:03:00+00:00,0.459582,0,7,17,4.092361111111111,0.774807,0.15765200000000001,1.0,1,0.4350236257768996,0.42650589911258185,28,control,model-v1,0.4350236257768996,synthetic_demo
entity_0123,candidate,2026-08-24 12:07:00+00:00,0.410949,1,8,12,0.19375,0.475545,0.038331000000000004,1.1428571428571428,1,0.2886077353215116,0.28655181002936053,0,permanent_holdout,non_ml_baseline,0.443247,synthetic_demo
entity_0168,company,2026-08-24 12:12:00+00:00,0.557847,2,5,14,0.31666666666666665,0.926902,0.01254299999999997,0.7142857142857143,0,0.5277738491635067,0.5269055567500286,22,control,model-v1,0.5277738491635067,synthetic_demo
entity_0036,candidate,2026-08-24 12:20:00+00:00,0.413313,3,10,23,0.48194444444444445,0.963067,0.141743,1.4285714285714286,1,0.4598143213857984,0.4513560489463398,86,control,model-v1,0.4598143213857984,synthetic_demo
entity_0066,candidate,2026-08-24 12:23:00+00:00,0.477919,1,7,20,0.48333333333333334,0.510268,0.143478,1.0,0,0.32473682694108585,0.3179387457420729,99,control,model-v1,0.32473682694108585,synthetic_demo
entity_0073,candidate,2026-08-24 12:23:00+00:00,0.861961,5,22,31,0.059722222222222225,0.682864,0.08566299999999993,3.142857142857143,1,0.6255393303382054,0.6211497909516881,11,challenger,model-v2,0.6211497909516881,synthetic_demo
entity_0135,candidate,2026-08-24 12:27:00+00:00,0.887798,6,14,29,0.30833333333333335,0.460149,-0.031235000000000013,2.0,0,0.5504032468537182,0.5523269965278076,92,control,model-v1,0.5504032468537182,synthetic_demo
entity_0087,candidate,2026-08-24 12:29:00+00:00,0.782724,3,20,33,0.2375,0.743717,0.0020939999999999293,2.857142857142857,0,0.5938455224280007,0.5935891274910603,52,control,model-v1,0.5938455224280007,synthetic_demo
entity_0012,candidate,2026-08-24 12:30:00+00:00,0.529823,1,15,27,0.4930555555555556,0.458486,-0.06291199999999997,2.142857142857143,0,0.33945390507254897,0.34206221389452957,50,control,model-v1,0.33945390507254897,synthetic_demo
entity_0130,candidate,2026-08-24 12:41:00+00:00,0.461663,2,6,11,0.3388888888888889,0.784092,-0.015006999999999993,0.8571428571428571,0,0.42372756541550183,0.42400509552779386,82,control,model-v1,0.42372756541550183,synthetic_demo
entity_0162,company,2026-08-24 12:45:00+00:00,0.238381,1,4,10,0.2326388888888889,0.826128,0.010771000000000003,0.5714285714285714,1,0.312923180921959,0.3115082315879822,74,control,model-v1,0.312923180921959,synthetic_demo
entity_0097,candidate,2026-08-24 13:02:00+00:00,0.527254,2,12,17,0.21388888888888888,0.839958,0.024225000000000052,1.7142857142857142,1,0.4853213665107496,0.48345749450534525,70,control,model-v1,0.4853213665107496,synthetic_demo
entity_0133,candidate,2026-08-24 13:05:00+00:00,0.398172,3,7,18,0.0798611111111111,0.958165,0.10278400000000004,1.0,1,0.44696295775992,0.44066484501044667,10,challenger,model-v2,0.44066484501044667,synthetic_demo
entity_0156,company,2026-08-24 13:09:00+00:00,0.161984,1,4,4,0.43819444444444444,0.807363,-0.104791,0.5714285714285714,0,0.27749415528843463,0.28086225688067584,15,challenger,model-v2,0.28086225688067584,synthetic_demo
entity_0156,company,2026-08-24 13:16:00+00:00,0.265011,2,5,5,0.004861111111111111,0.807363,0.10302700000000001,0.7142857142857143,0,0.3281706885927507,0.3224150105919439,15,challenger,model-v2,0.3224150105919439,synthetic_demo
entity_0076,candidate,2026-08-24 13:29:00+00:00,0.86477,3,33,63,0.5083333333333333,0.965334,-0.08803899999999998,4.714285714285714,1,0.7035634507385645,0.706913137131959,44,control,model-v1,0.7035634507385645,synthetic_demo
entity_0200,company,2026-08-24 13:36:00+00:00,0.952912,5,23,42,0.13541666666666666,0.761143,0.073492,3.2857142857142856,1,0.6897827007055344,0.6865073734728172,62,control,model-v1,0.6897827007055344,synthetic_demo
entity_0081,candidate,2026-08-24 13:37:00+00:00,0.208871,2,4,6,0.09097222222222222,0.913974,-0.07341499999999998,0.5714285714285714,0,0.33314114225170444,0.33539165302592666,8,permanent_holdout,non_ml_baseline,0.5614224999999999,synthetic_demo
entity_0015,candidate,2026-08-24 13:38:00+00:00,0.61031,0,8,18,1.71875,0.43755,-0.05521100000000001,1.1428571428571428,1,0.37916154398690555,0.382178977595875,31,control,model-v1,0.37916154398690555,synthetic_demo
entity_0025,candidate,2026-08-24 13:40:00+00:00,0.688364,3,10,22,0.3416666666666667,0.572241,0.02439199999999997,1.4285714285714286,1,0.47060986732055987,0.46941063790490656,70,control,model-v1,0.47060986732055987,synthetic_demo
entity_0121,candidate,2026-08-24 13:44:00+00:00,0.417975,3,13,15,0.21458333333333332,0.874267,0.14261199999999996,1.8571428571428572,1,0.4423149888807718,0.43380525683553534,36,control,model-v1,0.4423149888807718,synthetic_demo
entity_0013,candidate,2026-08-24 13:46:00+00:00,0.89972,1,23,31,0.3125,0.575491,-0.08737100000000009,3.2857142857142856,1,0.6003267136888621,0.6051265884189275,58,control,model-v1,0.6003267136888621,synthetic_demo
entity_0032,candidate,2026-08-24 13:47:00+00:00,0.832593,1,21,38,0.5847222222222223,0.476883,-0.051417999999999964,3.0,1,0.5146586604761121,0.5176889454730033,65,control,model-v1,0.5146586604761121,synthetic_demo
entity_0047,candidate,2026-08-24 13:47:00+00:00,0.865916,3,11,31,0.11736111111111111,0.855194,-0.04651899999999998,1.5714285714285714,1,0.6644636097369181,0.6670748344833431,78,control,model-v1,0.6644636097369181,synthetic_demo
entity_0166,company,2026-08-24 13:48:00+00:00,1.0,3,24,41,0.25833333333333336,0.627337,0.10458400000000001,3.4285714285714284,1,0.6676868860220434,0.6631919595054123,73,control,model-v1,0.6676868860220434,synthetic_demo
entity_0181,company,2026-08-24 13:48:00+00:00,0.640115,4,9,22,0.1326388888888889,0.92619,-0.02180700000000002,1.2857142857142858,1,0.5764788343795652,0.57727184524358,72,control,model-v1,0.5764788343795652,synthetic_demo
entity_0077,candidate,2026-08-24 13:49:00+00:00,0.812717,3,13,31,0.17291666666666666,0.894463,-0.020214999999999983,1.8571428571428572,1,0.6538471285278522,0.6549816846194727,33,control,model-v1,0.6538471285278522,synthetic_demo
entity_0132,candidate,2026-08-24 13:50:00+00:00,0.665769,3,7,27,0.20694444444444443,0.805617,-0.055616999999999917,1.0,0,0.5337430978699909,0.536674237833452,23,control,model-v1,0.5337430978699909,synthetic_demo
entity_0058,candidate,2026-08-24 13:55:00+00:00,0.687509,1,5,9,0.37916666666666665,0.410471,0.11716199999999999,0.7142857142857143,1,0.41081936163566585,0.40545742734571794,37,control,model-v1,0.41081936163566585,synthetic_demo
entity_0155,company,2026-08-24 14:04:00+00:00,0.503202,2,17,33,0.6729166666666667,0.593472,0.06068900000000005,2.4285714285714284,1,0.37286391104853744,0.3691559883850656,78,control,model-v1,0.37286391104853744,synthetic_demo
entity_0152,company,2026-08-24 14:20:00+00:00,0.34335,1,5,10,0.9826388888888888,0.650452,-0.017291,0.7142857142857143,1,0.3140224838840569,0.3142151687543887,8,permanent_holdout,non_ml_baseline,0.49690100000000004,synthetic_demo
entity_0132,candidate,2026-08-24 14:30:00+00:00,0.655341,4,8,28,0.027777777777777776,0.805617,-0.010428000000000104,1.1428571428571428,0,0.5298052066944215,0.5301813996630266,23,control,model-v1,0.5298052066944215,synthetic_demo
entity_0022,candidate,2026-08-24 14:31:00+00:00,0.78489,1,6,20,0.5423611111111111,0.690281,-0.10240100000000008,0.8571428571428571,0,0.5623348852390072,0.568367018698796,2,permanent_holdout,non_ml_baseline,0.7375855,synthetic_demo
entity_0022,candidate,2026-08-24 14:36:00+00:00,0.738603,2,7,21,0.003472222222222222,0.690281,-0.04628699999999997,1.0,1,0.5351767027477538,0.5380386017135428,2,permanent_holdout,non_ml_baseline,0.714442,synthetic_demo
entity_0095,candidate,2026-08-24 14:49:00+00:00,0.839388,5,11,25,0.13541666666666666,0.975143,-0.05859000000000003,1.5714285714285714,1,0.7021404624824586,0.7048052406554295,60,control,model-v1,0.7021404624824586,synthetic_demo
entity_0192,company,2026-08-24 14:50:00+00:00,0.383419,1,16,20,0.13333333333333333,0.418068,-0.061880999999999964,2.2857142857142856,1,0.2618940826043644,0.2637023201864152,28,control,model-v1,0.2618940826043644,synthetic_demo
entity_0109,candidate,2026-08-24 14:53:00+00:00,0.415365,3,11,18,0.21597222222222223,0.733495,0.05599099999999996,1.5714285714285714,0,0.38167328308893933,0.3779766339703365,11,challenger,model-v2,0.3779766339703365,synthetic_demo
entity_0156,company,2026-08-24 14:56:00+00:00,0.35288,3,6,6,0.06944444444444445,0.807363,0.08786900000000003,0.8571428571428571,1,0.3783251412097102,0.3730541165295651,15,challenger,model-v2,0.3730541165295651,synthetic_demo
entity_0087,candidate,2026-08-24 14:58:00+00:00,0.813694,4,21,34,0.10347222222222222,0.743717,0.030970000000000053,3.0,1,0.6133980179985212,0.6116553413786385,52,control,model-v1,0.6133980179985212,synthetic_demo
entity_0182,company,2026-08-24 15:02:00+00:00,0.85255,1,26,44,0.6159722222222223,0.88819,-0.08350799999999992,3.7142857142857144,0,0.677273105870288,0.681051589927875,31,control,model-v1,0.677273105870288,synthetic_demo
entity_0169,company,2026-08-24 15:05:00+00:00,1.0,1,14,32,0.5861111111111111,0.705053,0.032598000000000016,2.0,1,0.68442296120272,0.6838868553262406,57,control,model-v1,0.68442296120272,synthetic_demo
entity_0076,candidate,2026-08-24 15:06:00+00:00,0.845575,4,33,64,0.06736111111111111,0.965334,-0.019195000000000073,4.714285714285714,1,0.6927607392123574,0.6929611768439943,44,control,model-v1,0.6927607392123574,synthetic_demo
entity_0052,candidate,2026-08-24 15:13:00+00:00,0.375777,1,13,18,0.9131944444444444,0.571215,-0.06984999999999997,1.8571428571428572,0,0.30799723360442127,0.31036587101712526,70,control,model-v1,0.30799723360442127,synthetic_demo
entity_0153,company,2026-08-24 15:17:00+00:00,0.437077,1,13,18,0.6027777777777777,0.68925,0.03841499999999998,1.8571428571428572,0,0.37851253124117307,0.3759020059032218,37,control,model-v1,0.37851253124117307,synthetic_demo
entity_0154,company,2026-08-24 15:19:00+00:00,0.486109,2,10,14,0.3729166666666667,0.555039,-0.11129699999999998,1.4285714285714286,0,0.3578510296076502,0.3628047962131058,76,control,model-v1,0.3578510296076502,synthetic_demo
entity_0022,candidate,2026-08-24 15:26:00+00:00,0.737139,3,8,22,0.034722222222222224,0.690281,-0.0014640000000000208,1.1428571428571428,1,0.5379577940023497,0.5383115470258654,2,permanent_holdout,non_ml_baseline,0.7137100000000001,synthetic_demo
entity_0076,candidate,2026-08-24 15:33:00+00:00,0.911998,5,34,65,0.01875,0.965334,0.06642300000000001,4.857142857142857,1,0.7270486852612592,0.7237002675340021,44,control,model-v1,0.7270486852612592,synthetic_demo
entity_0043,candidate,2026-08-24 15:44:00+00:00,0.833634,5,20,34,0.18472222222222223,0.771115,3.6999999999953737e-05,2.857142857142857,0,0.6355286449259092,0.6353249279841477,69,control,model-v1,0.6355286449259092,synthetic_demo
entity_0151,company,2026-08-24 16:00:00+00:00,0.723692,4,16,21,0.3236111111111111,0.857793,-0.0021679999999999477,2.2857142857142856,0,0.6131438941884416,0.6129270434322809,74,control,model-v1,0.6131438941884416,synthetic_demo
entity_0098,candidate,2026-08-24 16:02:00+00:00,0.789461,3,18,28,0.22777777777777777,0.882429,-0.012678999999999996,2.5714285714285716,1,0.6495532456943881,0.6500564313461912,57,control,model-v1,0.6495532456943881,synthetic_demo
entity_0011,candidate,2026-08-24 16:12:00+00:00,0.639174,4,14,30,0.5888888888888889,0.389238,-0.06842899999999996,2.0,0,0.37681514666508675,0.3799338266311449,23,control,model-v1,0.37681514666508675,synthetic_demo
entity_0124,candidate,2026-08-24 16:16:00+00:00,0.866023,1,7,21,0.36875,0.900952,-0.03408800000000001,1.0,1,0.6809803213752246,0.683285812393219,61,control,model-v1,0.6809803213752246,synthetic_demo
entity_0084,candidate,2026-08-24 16:25:00+00:00,0.731073,2,14,25,0.2986111111111111,0.886024,-0.14895800000000003,2.0,1,0.6137167650750227,0.6211066148138846,99,control,model-v1,0.6137167650750227,synthetic_demo
entity_0134,candidate,2026-08-24 16:25:00+00:00,0.873913,4,19,39,0.2875,0.883304,0.03261500000000006,2.7142857142857144,0,0.6857904334288504,0.6843199849277792,87,control,model-v1,0.6857904334288504,synthetic_demo
entity_0097,candidate,2026-08-24 16:35:00+00:00,0.499712,3,13,18,0.14791666666666667,0.839958,-0.02754200000000001,1.8571428571428572,1,0.4722756922116925,0.47288383158169084,70,control,model-v1,0.4722756922116925,synthetic_demo
entity_0158,company,2026-08-24 16:37:00+00:00,0.542647,2,2,15,0.3888888888888889,0.388375,0.026745999999999936,0.2857142857142857,1,0.31615244919739066,0.31508048330093735,21,control,model-v1,0.31615244919739066,synthetic_demo
entity_0037,candidate,2026-08-24 16:40:00+00:00,0.902006,6,33,58,0.21944444444444444,0.890078,0.05901000000000001,4.714285714285714,1,0.7080637761477981,0.7048523053079814,94,control,model-v1,0.7080637761477981,synthetic_demo
entity_0154,company,2026-08-24 16:47:00+00:00,0.46909,3,11,15,0.06111111111111111,0.555039,-0.017019000000000006,1.5714285714285714,1,0.34984408445878634,0.3500265676405528,76,control,model-v1,0.34984408445878634,synthetic_demo
entity_0086,candidate,2026-08-24 16:48:00+00:00,0.743323,5,22,39,0.2604166666666667,0.390953,-0.04259400000000002,3.142857142857143,0,0.43974361398478995,0.4415475278716773,47,control,model-v1,0.43974361398478995,synthetic_demo
entity_0153,company,2026-08-24 16:51:00+00:00,0.480569,2,14,19,0.06527777777777778,0.68925,0.04349200000000003,2.0,0,0.4020702383998248,0.3991434102157325,37,control,model-v1,0.4020702383998248,synthetic_demo
entity_0168,company,2026-08-24 16:52:00+00:00,0.412686,3,6,15,0.19444444444444445,0.926902,-0.14516099999999998,0.8571428571428571,1,0.4461812080160534,0.45289524788680063,22,control,model-v1,0.4461812080160534,synthetic_demo
entity_0120,candidate,2026-08-24 16:53:00+00:00,0.982433,1,15,42,0.5222222222222223,0.89865,0.04039300000000001,2.142857142857143,1,0.7280740312766439,0.7270902931430134,77,control,model-v1,0.7280740312766439,synthetic_demo
entity_0007,candidate,2026-08-24 16:59:00+00:00,0.745705,1,7,14,0.6673611111111111,0.571475,0.11928899999999998,1.0,1,0.5047459550894169,0.49909788089990503,4,permanent_holdout,non_ml_baseline,0.65859,synthetic_demo
entity_0182,company,2026-08-24 17:09:00+00:00,0.835026,2,27,45,0.08819444444444445,0.88819,-0.017523999999999984,3.857142857142857,1,0.6679098616720126,0.6684891242214493,31,control,model-v1,0.6679098616720126,synthetic_demo
entity_0070,candidate,2026-08-24 17:15:00+00:00,0.570204,3,18,29,0.4527777777777778,0.585533,0.044526000000000066,2.5714285714285716,1,0.4147657631254862,0.411813616056409,97,control,model-v1,0.4147657631254862,synthetic_demo
entity_0200,company,2026-08-24 17:20:00+00:00,0.984433,4,24,43,0.15555555555555556,0.761143,0.03152100000000002,3.4285714285714284,1,0.7035319079867922,0.7023324910107296,62,control,model-v1,0.7035319079867922,synthetic_demo
entity_0120,candidate,2026-08-24 17:25:00+00:00,0.893368,2,15,43,0.022222222222222223,0.89865,-0.08906499999999995,2.142857142857143,1,0.68340628556337,0.6878620820864864,77,control,model-v1,0.68340628556337,synthetic_demo
entity_0032,candidate,2026-08-24 17:35:00+00:00,0.944473,2,22,39,0.15833333333333333,0.476883,0.11187999999999998,3.142857142857143,1,0.5792969749213495,0.574088745059349,65,control,model-v1,0.5792969749213495,synthetic_demo
entity_0200,company,2026-08-24 17:35:00+00:00,0.874344,5,24,44,0.010416666666666666,0.761143,-0.11008899999999999,3.4285714285714284,0,0.6480086642855819,0.6530433549381857,62,control,model-v1,0.6480086642855819,synthetic_demo
entity_0135,candidate,2026-08-24 17:38:00+00:00,0.907581,4,15,30,0.21597222222222223,0.460149,0.019782999999999995,2.142857142857143,0,0.556152391352514,0.5556601024515625,92,control,model-v1,0.556152391352514,synthetic_demo
entity_0098,candidate,2026-08-24 17:39:00+00:00,0.880954,3,19,28,0.06736111111111111,0.882429,0.09149300000000005,2.7142857142857144,1,0.6968724156725549,0.6929165722194085,57,control,model-v1,0.6968724156725549,synthetic_demo
entity_0046,candidate,2026-08-24 17:42:00+00:00,0.520096,0,7,14,5.034027777777778,0.767846,-0.109796,1.0,0,0.4777939391671509,0.4833743265502991,15,challenger,model-v2,0.4833743265502991,synthetic_demo
entity_0111,candidate,2026-08-24 17:44:00+00:00,0.899796,4,32,39,0.42777777777777776,0.554652,-0.04176399999999991,4.571428571428571,1,0.608065718270334,0.6098487958647222,29,control,model-v1,0.608065718270334,synthetic_demo
entity_0039,candidate,2026-08-24 17:46:00+00:00,1.0,5,16,35,0.3715277777777778,0.359386,0.0,2.2857142857142856,1,0.570745948714049,0.57148196687619,92,control,model-v1,0.570745948714049,synthetic_demo
entity_0047,candidate,2026-08-24 17:48:00+00:00,0.941887,4,12,32,0.1673611111111111,0.855194,0.07597100000000001,1.7142857142857142,1,0.7057796042648007,0.7029360464163779,78,control,model-v1,0.7057796042648007,synthetic_demo
entity_0152,company,2026-08-24 17:51:00+00:00,0.371816,1,6,11,0.14652777777777778,0.650452,0.02846599999999999,0.8571428571428571,0,0.32360279420064,0.32174663864591335,8,permanent_holdout,non_ml_baseline,0.511134,synthetic_demo
entity_0124,candidate,2026-08-24 18:07:00+00:00,1.0,2,7,22,0.07708333333333334,0.900952,0.133977,1.0,1,0.74410631229537,0.7396325205161612,61,control,model-v1,0.74410631229537,synthetic_demo
entity_0003,candidate,2026-08-24 18:11:00+00:00,0.790046,1,6,8,0.7402777777777778,0.649045,-0.032162000000000024,0.8571428571428571,0,0.5658663491295448,0.5682993357040204,47,control,model-v1,0.5658663491295448,synthetic_demo
entity_0056,candidate,2026-08-24 18:11:00+00:00,0.747124,2,9,20,0.5340277777777778,0.629349,0.12224500000000005,1.2857142857142858,1,0.525731070466234,0.5197117298953989,5,permanent_holdout,non_ml_baseline,0.6882365,synthetic_demo
entity_0153,company,2026-08-24 18:11:00+00:00,0.497599,3,15,20,0.05555555555555555,0.68925,0.01702999999999999,2.142857142857143,1,0.41486854304178616,0.41316705792954656,37,control,model-v1,0.41486854304178616,synthetic_demo
entity_0053,candidate,2026-08-24 18:13:00+00:00,0.901701,2,10,20,0.5208333333333334,0.392836,0.15237599999999996,1.4285714285714286,1,0.5270183013038284,0.5200215040521281,85,control,model-v1,0.5270183013038284,synthetic_demo
entity_0073,candidate,2026-08-24 18:17:00+00:00,0.865601,5,23,32,0.24583333333333332,0.682864,0.0036399999999999766,3.2857142857142856,1,0.6293623058425911,0.6289952640163694,11,challenger,model-v2,0.6289952640163694,synthetic_demo
entity_0192,company,2026-08-24 18:21:00+00:00,0.351626,2,17,21,0.14652777777777778,0.418068,-0.031793000000000016,2.4285714285714284,0,0.25049220646174253,0.25085659980804487,28,control,model-v1,0.25049220646174253,synthetic_demo
entity_0054,candidate,2026-08-24 18:23:00+00:00,0.608643,2,21,35,0.38958333333333334,0.695234,-0.1694,3.0,1,0.4730066607109317,0.4812485371204176,9,permanent_holdout,non_ml_baseline,0.6519385,synthetic_demo
entity_0039,candidate,2026-08-24 18:25:00+00:00,0.844537,6,15,36,0.027083333333333334,0.359386,-0.15546300000000002,2.142857142857143,1,0.478091230434351,0.4864288443540857,92,control,model-v1,0.478091230434351,synthetic_demo
entity_0068,candidate,2026-08-24 18:27:00+00:00,0.480299,3,11,14,0.6034722222222222,0.497299,0.02528199999999997,1.5714285714285714,1,0.3405173489860379,0.3387550726442224,3,permanent_holdout,non_ml_baseline,0.488799,synthetic_demo
entity_0095,candidate,2026-08-24 18:28:00+00:00,0.867543,5,12,26,0.15208333333333332,0.975143,0.02815499999999993,1.7142857142857142,1,0.7162397966961163,0.7151625750785734,60,control,model-v1,0.7162397966961163,synthetic_demo
entity_0090,candidate,2026-08-24 18:34:00+00:00,0.894072,2,8,20,0.35208333333333336,0.460823,0.09870199999999996,1.1428571428571428,1,0.5435170881248415,0.539390921385627,33,control,model-v1,0.5435170881248415,synthetic_demo
entity_0025,candidate,2026-08-24 18:41:00+00:00,0.653357,2,11,23,0.20902777777777778,0.572241,-0.03500700000000001,1.5714285714285714,1,0.44726192398041215,0.4491120356132541,70,control,model-v1,0.44726192398041215,synthetic_demo
entity_0154,company,2026-08-24 18:53:00+00:00,0.505032,4,12,16,0.0875,0.555039,0.03594200000000003,1.7142857142857142,1,0.37244641104124826,0.3699978611396341,76,control,model-v1,0.37244641104124826,synthetic_demo
entity_0074,candidate,2026-08-24 19:06:00+00:00,0.714669,4,6,15,0.3284722222222222,0.915232,0.13061,0.8571428571428571,0,0.6184927864895318,0.6120398567816804,74,control,model-v1,0.6184927864895318,synthetic_demo
entity_0137,candidate,2026-08-24 19:06:00+00:00,0.560847,1,7,22,0.5701388888888889,0.708766,0.02554999999999996,1.0,1,0.4393983108197451,0.4380058190543355,0,permanent_holdout,non_ml_baseline,0.6348065,synthetic_demo
entity_0120,candidate,2026-08-24 19:22:00+00:00,0.96337,3,14,44,0.08125,0.89865,0.0700019999999999,2.0,1,0.7176381067876451,0.7151739140918524,77,control,model-v1,0.7176381067876451,synthetic_demo
entity_0036,candidate,2026-08-24 19:23:00+00:00,0.415163,3,10,24,0.29375,0.963067,0.0018500000000000183,1.4285714285714286,1,0.45828096418455955,0.4571357875118465,86,control,model-v1,0.45828096418455955,synthetic_demo
entity_0151,company,2026-08-24 19:23:00+00:00,0.698452,4,17,22,0.14097222222222222,0.857793,-0.02524000000000004,2.4285714285714284,0,0.5984403467966377,0.5992633892769301,74,control,model-v1,0.5984403467966377,synthetic_demo
entity_0080,candidate,2026-08-24 19:24:00+00:00,0.803439,5,17,35,0.6215277777777778,0.693391,0.11277199999999998,2.4285714285714284,1,0.5872865536794702,0.5813784773440985,51,control,model-v1,0.5872865536794702,synthetic_demo
entity_0005,candidate,2026-08-24 19:30:00+00:00,0.48614,1,1,7,0.725,0.703408,0.043605000000000005,0.14285714285714285,1,0.40350272389299585,0.4012543918656113,40,control,model-v1,0.40350272389299585,synthetic_demo
entity_0013,candidate,2026-08-24 19:32:00+00:00,0.844416,2,22,32,0.24027777777777778,0.575491,-0.05530399999999991,3.142857142857143,1,0.5683261008771658,0.5713392960923067,58,control,model-v1,0.5683261008771658,synthetic_demo
entity_0200,company,2026-08-24 19:38:00+00:00,0.871158,6,25,45,0.08541666666666667,0.761143,-0.003186000000000022,3.5714285714285716,1,0.649936625554299,0.649700801905512,62,control,model-v1,0.649936625554299,synthetic_demo
entity_0076,candidate,2026-08-24 19:43:00+00:00,0.971713,4,34,66,0.1736111111111111,0.965334,0.059715000000000074,4.857142857142857,1,0.7515407445638463,0.7488882586753565,44,control,model-v1,0.7515407445638463,synthetic_demo
entity_0106,candidate,2026-08-24 19:47:00+00:00,0.768775,2,10,32,0.44722222222222224,0.633777,-0.003654999999999964,1.4285714285714286,1,0.5263299014590092,0.5269483501073395,17,challenger,model-v2,0.5269483501073395,synthetic_demo
entity_0105,candidate,2026-08-24 19:50:00+00:00,0.277995,2,2,5,0.33819444444444446,0.826603,0.01792499999999997,0.2857142857142857,0,0.33864028020164577,0.33693243485098,21,control,model-v1,0.33864028020164577,synthetic_demo
entity_0098,candidate,2026-08-24 19:53:00+00:00,0.774025,3,20,28,0.09305555555555556,0.882429,-0.10692900000000005,2.857142857142857,1,0.6438373539972491,0.6487481966712924,57,control,model-v1,0.6438373539972491,synthetic_demo
entity_0144,company,2026-08-24 19:57:00+00:00,0.317535,1,8,17,0.32916666666666666,0.774807,-0.14204699999999998,1.1428571428571428,0,0.33555638417971717,0.34138257357235724,28,control,model-v1,0.33555638417971717,synthetic_demo
entity_0055,candidate,2026-08-24 20:09:00+00:00,0.786007,3,14,20,0.6625,0.611813,0.13114899999999996,2.0,1,0.5544414287458038,0.5478083090480216,71,control,model-v1,0.5544414287458038,synthetic_demo
entity_0022,candidate,2026-08-24 20:11:00+00:00,0.871787,4,9,22,0.19791666666666666,0.690281,0.134648,1.2857142857142858,1,0.6197566677402567,0.6135998728034332,2,permanent_holdout,non_ml_baseline,0.781034,synthetic_demo
entity_0003,candidate,2026-08-24 20:12:00+00:00,0.678122,2,7,9,0.08402777777777778,0.649045,-0.11192400000000002,1.0,0,0.4998241089627011,0.5059730080153008,47,control,model-v1,0.4998241089627011,synthetic_demo
entity_0042,candidate,2026-08-24 20:22:00+00:00,0.453443,0,11,13,1.9944444444444445,0.585954,0.09378700000000001,1.5714285714285714,1,0.35984910207490134,0.3548909435945263,27,control,model-v1,0.35984910207490134,synthetic_demo
entity_0119,candidate,2026-08-24 20:25:00+00:00,0.576492,2,15,29,0.4388888888888889,0.757125,0.0034450000000000314,2.142857142857143,1,0.4746439843121017,0.4739426516612113,91,control,model-v1,0.4746439843121017,synthetic_demo
entity_0003,candidate,2026-08-24 20:29:00+00:00,0.816987,3,8,10,0.011805555555555555,0.649045,0.13886500000000002,1.1428571428571428,1,0.582642798739637,0.5760758104020923,47,control,model-v1,0.582642798739637,synthetic_demo
entity_0119,candidate,2026-08-24 20:35:00+00:00,0.61549,3,16,30,0.006944444444444444,0.757125,0.03899799999999998,2.2857142857142856,0,0.4975387846056021,0.4949457263876084,91,control,model-v1,0.4975387846056021,synthetic_demo
entity_0087,candidate,2026-08-24 20:41:00+00:00,0.794612,5,21,35,0.23819444444444443,0.743717,-0.019082000000000043,3.0,1,0.6052712230610754,0.6058654612756764,52,control,model-v1,0.6052712230610754,synthetic_demo
entity_0043,candidate,2026-08-24 20:43:00+00:00,0.872329,6,20,35,0.2076388888888889,0.771115,0.038695000000000035,2.857142857142857,1,0.6576616476766899,0.6556466620065693,69,control,model-v1,0.6576616476766899,synthetic_demo
entity_0054,candidate,2026-08-24 20:46:00+00:00,0.784358,3,22,36,0.09930555555555555,0.695234,0.17571499999999995,3.142857142857143,1,0.5757923512001075,0.5665205639279924,9,permanent_holdout,non_ml_baseline,0.739796,synthetic_demo
entity_0151,company,2026-08-24 20:51:00+00:00,0.637346,5,15,23,0.06111111111111111,0.857793,-0.061105999999999994,2.142857142857143,1,0.5612052112470086,0.5636866741032488,74,control,model-v1,0.5612052112470086,synthetic_demo
entity_0162,company,2026-08-24 21:03:00+00:00,0.204372,2,5,11,0.3458333333333333,0.826128,-0.03400900000000001,0.7142857142857143,0,0.2997367584761602,0.30010309136834096,74,control,model-v1,0.2997367584761602,synthetic_demo
entity_0130,candidate,2026-08-24 21:05:00+00:00,0.39262,3,7,11,0.35,0.784092,-0.06904299999999997,1.0,1,0.3895950776608746,0.39220232245172687,82,control,model-v1,0.3895950776608746,synthetic_demo
entity_0012,candidate,2026-08-24 21:16:00+00:00,0.57357,2,15,28,0.36527777777777776,0.458486,0.04374699999999998,2.142857142857143,1,0.36319622709670984,0.36072803660440317,50,control,model-v1,0.36319622709670984,synthetic_demo
entity_0187,company,2026-08-24 21:22:00+00:00,0.708646,2,3,14,0.6104166666666667,0.979069,0.03843099999999999,0.42857142857142855,1,0.6306913234189333,0.6291412948823725,6,permanent_holdout,non_ml_baseline,0.8438574999999999,synthetic_demo
entity_0054,candidate,2026-08-24 21:24:00+00:00,0.694644,3,23,37,0.02638888888888889,0.695234,-0.08971399999999996,3.2857142857142856,0,0.5243053208762253,0.5284519041454145,9,permanent_holdout,non_ml_baseline,0.694939,synthetic_demo
entity_0031,candidate,2026-08-24 21:29:00+00:00,0.240865,1,7,11,0.8215277777777777,0.361382,-0.174732,1.0,0,0.1890982955680607,0.19419758103331133,91,control,model-v1,0.1890982955680607,synthetic_demo
entity_0067,candidate,2026-08-24 21:31:00+00:00,0.391427,1,7,13,0.6194444444444445,0.733388,-0.11235599999999996,1.0,1,0.36500556669737944,0.36989369040830244,67,control,model-v1,0.36500556669737944,synthetic_demo
entity_0169,company,2026-08-24 21:36:00+00:00,0.91588,2,15,33,0.27152777777777776,0.705053,-0.08411999999999997,2.142857142857143,1,0.6417805268175688,0.6464439776325247,57,control,model-v1,0.6417805268175688,synthetic_demo
entity_0102,candidate,2026-08-24 21:37:00+00:00,0.546399,1,3,6,0.8020833333333334,0.662814,0.040237999999999996,0.42857142857142855,1,0.42781221548301274,0.42582780458392727,32,control,model-v1,0.42781221548301274,synthetic_demo
entity_0003,candidate,2026-08-24 21:41:00+00:00,0.799203,4,9,11,0.05,0.649045,-0.017784000000000022,1.2857142857142858,1,0.5761736103280685,0.5774342394621982,47,control,model-v1,0.5761736103280685,synthetic_demo
entity_0025,candidate,2026-08-24 21:53:00+00:00,0.688736,3,12,24,0.13333333333333333,0.572241,0.03537900000000005,1.7142857142857142,1,0.47052169895697393,0.46865807345657584,70,control,model-v1,0.47052169895697393,synthetic_demo
entity_0046,candidate,2026-08-24 21:56:00+00:00,0.626801,1,8,15,0.1763888888888889,0.767846,0.10670500000000005,1.1428571428571428,0,0.5076296297697116,0.5020957621825617,15,challenger,model-v2,0.5020957621825617,synthetic_demo
entity_0095,candidate,2026-08-24 21:59:00+00:00,0.896133,4,13,27,0.14652777777777778,0.975143,0.028590000000000004,1.8571428571428572,1,0.7277803510293326,0.7268398223369663,60,control,model-v1,0.7277803510293326,synthetic_demo
entity_0120,candidate,2026-08-24 21:59:00+00:00,0.889491,4,15,45,0.10902777777777778,0.89865,-0.07387899999999992,2.142857142857143,1,0.6847172602530872,0.6882758523328644,77,control,model-v1,0.6847172602530872,synthetic_demo
entity_0014,candidate,2026-08-24 22:08:00+00:00,0.296545,0,2,12,4.589583333333334,0.529636,-0.113072,0.2857142857142857,1,0.26651642317942326,0.27073718189944723,67,control,model-v1,0.26651642317942326,synthetic_demo
entity_0128,candidate,2026-08-24 22:11:00+00:00,0.451205,4,10,27,0.4638888888888889,0.693581,-0.14332299999999992,1.4285714285714286,1,0.37903022602413766,0.3853041184022194,99,control,model-v1,0.37903022602413766,synthetic_demo
entity_0007,candidate,2026-08-24 22:13:00+00:00,0.770715,2,7,15,0.21805555555555556,0.571475,0.025010000000000088,1.0,1,0.5175487567358109,0.5168444816062167,4,permanent_holdout,non_ml_baseline,0.671095,synthetic_demo
entity_0119,candidate,2026-08-24 22:20:00+00:00,0.625817,4,16,31,0.07291666666666667,0.757125,0.010326999999999975,2.2857142857142856,1,0.5055895683428234,0.5044292639968874,91,control,model-v1,0.5055895683428234,synthetic_demo
entity_0015,candidate,2026-08-24 22:21:00+00:00,0.671507,1,9,17,0.36319444444444443,0.43755,0.061196999999999946,1.2857142857142858,1,0.4092725278285546,0.40651148702858064,31,control,model-v1,0.4092725278285546,synthetic_demo
entity_0047,candidate,2026-08-24 22:21:00+00:00,0.972876,5,11,33,0.18958333333333333,0.855194,0.030988999999999933,1.5714285714285714,1,0.7204146073404147,0.7196037609844288,78,control,model-v1,0.7204146073404147,synthetic_demo
entity_0015,candidate,2026-08-24 22:25:00+00:00,0.515327,2,10,18,0.002777777777777778,0.43755,-0.15617999999999999,1.4285714285714286,1,0.32587847641197804,0.3328609705850719,31,control,model-v1,0.32587847641197804,synthetic_demo
entity_0139,candidate,2026-08-24 22:49:00+00:00,0.582499,3,5,19,0.6236111111111111,0.623747,0.01690400000000003,0.7142857142857143,0,0.42580289722363696,0.42485659834843875,60,control,model-v1,0.42580289722363696,synthetic_demo
entity_0069,candidate,2026-08-24 22:59:00+00:00,0.468095,2,10,17,0.81875,0.962872,-0.009221000000000035,1.4285714285714286,1,0.4985894448079548,0.4983016138340368,43,control,model-v1,0.4985894448079548,synthetic_demo
entity_0068,candidate,2026-08-24 23:06:00+00:00,0.449446,3,12,15,0.19375,0.497299,-0.030852999999999964,1.7142857142857142,0,0.3225091523735566,0.3232482772307146,3,permanent_holdout,non_ml_baseline,0.4733725,synthetic_demo
entity_0150,company,2026-08-24 23:09:00+00:00,0.653995,2,14,21,0.5694444444444444,0.673891,-0.15800899999999996,2.0,1,0.49691442827823246,0.5050619861076321,99,control,model-v1,0.49691442827823246,synthetic_demo
entity_0037,candidate,2026-08-24 23:11:00+00:00,0.926294,6,33,59,0.27152777777777776,0.890078,0.024287999999999976,4.714285714285714,1,0.7189011548498829,0.7173121243336903,94,control,model-v1,0.7189011548498829,synthetic_demo
entity_0037,candidate,2026-08-24 23:12:00+00:00,0.974565,7,34,60,0.0006944444444444445,0.890078,0.048271000000000064,4.857142857142857,1,0.7421086664866047,0.739640361713534,94,control,model-v1,0.7421086664866047,synthetic_demo
entity_0124,candidate,2026-08-24 23:13:00+00:00,0.87507,3,7,23,0.2125,0.900952,-0.12492999999999999,1.0,1,0.6872442928766268,0.6934449929027459,61,control,model-v1,0.6872442928766268,synthetic_demo
entity_0073,candidate,2026-08-24 23:15:00+00:00,0.770092,5,24,33,0.20694444444444443,0.682864,-0.09550899999999996,3.4285714285714284,1,0.576588137551923,0.5809336568852514,11,challenger,model-v2,0.5809336568852514,synthetic_demo
entity_0145,company,2026-08-24 23:18:00+00:00,0.756842,3,15,31,0.5923611111111111,0.712164,-0.04079699999999997,2.142857142857143,1,0.5633678629553627,0.5654804540623773,18,challenger,model-v2,0.5654804540623773,synthetic_demo
entity_0007,candidate,2026-08-24 23:22:00+00:00,0.67681,3,7,16,0.04791666666666667,0.571475,-0.09390500000000002,1.0,1,0.4633741408867744,0.4684782666409979,4,permanent_holdout,non_ml_baseline,0.6241425,synthetic_demo
entity_0123,candidate,2026-08-24 23:26:00+00:00,0.39103,2,9,13,0.47152777777777777,0.475545,-0.01991900000000002,1.2857142857142858,0,0.28360550048674726,0.28387311881549815,0,permanent_holdout,non_ml_baseline,0.4332875,synthetic_demo
entity_0019,candidate,2026-08-24 23:33:00+00:00,0.281506,0,4,9,3.084722222222222,0.550086,0.05474499999999999,0.5714285714285714,1,0.2629900065884317,0.26021157193126493,8,permanent_holdout,non_ml_baseline,0.41579599999999994,synthetic_demo
entity_0155,company,2026-08-24 23:34:00+00:00,0.498072,1,17,34,0.3958333333333333,0.593472,-0.005130000000000023,2.4285714285714284,0,0.364431142511752,0.3640504096572953,78,control,model-v1,0.364431142511752,synthetic_demo
entity_0168,company,2026-08-24 23:35:00+00:00,0.597055,4,5,13,0.2798611111111111,0.926902,0.184369,0.7142857142857143,1,0.5569243423341572,0.5470302228814183,22,control,model-v1,0.5569243423341572,synthetic_demo
entity_0090,candidate,2026-08-24 23:39:00+00:00,0.81324,3,9,21,0.21180555555555555,0.460823,-0.08083200000000001,1.2857142857142858,1,0.4990464348744302,0.5039129850066522,33,control,model-v1,0.4990464348744302,synthetic_demo
entity_0015,candidate,2026-08-24 23:50:00+00:00,0.599416,3,11,18,0.059027777777777776,0.43755,0.08408899999999997,1.5714285714285714,1,0.37492473370119167,0.3706072139032876,31,control,model-v1,0.37492473370119167,synthetic_demo
entity_0111,candidate,2026-08-24 23:51:00+00:00,0.808107,4,32,40,0.2548611111111111,0.554652,-0.09168900000000002,4.571428571428571,1,0.5538005185683699,0.5579397399666103,29,control,model-v1,0.5538005185683699,synthetic_demo
entity_0056,candidate,2026-08-24 23:52:00+00:00,0.663464,3,10,21,0.23680555555555555,0.629349,-0.08365999999999996,1.4285714285714286,1,0.4783935512069572,0.4827571276846234,5,permanent_holdout,non_ml_baseline,0.6464065000000001,synthetic_demo
entity_0145,company,2026-08-25 00:10:00+00:00,0.680255,4,16,32,0.03611111111111111,0.712164,-0.07658699999999996,2.2857142857142856,0,0.518541420073053,0.5221590407970076,18,challenger,model-v2,0.5221590407970076,synthetic_demo
entity_0060,candidate,2026-08-25 00:15:00+00:00,0.74962,0,6,15,1.0430555555555556,0.782671,0.024003999999999914,0.8571428571428571,0,0.5837020140475982,0.5831359377037122,1,permanent_holdout,non_ml_baseline,0.7661454999999999,synthetic_demo
entity_0016,candidate,2026-08-25 00:16:00+00:00,0.842581,1,17,20,0.65625,0.704796,-0.12494799999999995,2.4285714285714284,1,0.620504233452724,0.6270749068155773,86,control,model-v1,0.620504233452724,synthetic_demo
entity_0013,candidate,2026-08-25 00:18:00+00:00,0.963627,3,20,33,0.1986111111111111,0.575491,0.11921099999999996,2.857142857142857,0,0.6323608993582887,0.6270202460491889,58,control,model-v1,0.6323608993582887,synthetic_demo
entity_0197,company,2026-08-25 00:39:00+00:00,0.733715,0,12,26,3.107638888888889,0.825549,0.017710000000000004,1.7142857142857142,1,0.6027203469647049,0.6021113297537912,15,challenger,model-v2,0.6021113297537912,synthetic_demo
entity_0172,company,2026-08-25 00:46:00+00:00,0.168424,0,4,6,1.8229166666666667,0.729894,-0.15017900000000003,0.5714285714285714,1,0.2609873469289241,0.26621121091263594,42,control,model-v1,0.2609873469289241,synthetic_demo
entity_0087,candidate,2026-08-25 00:57:00+00:00,0.891794,6,21,36,0.17777777777777778,0.743717,0.09718199999999999,3.0,1,0.6587809182843132,0.6540192981805066,52,control,model-v1,0.6587809182843132,synthetic_demo
entity_0058,candidate,2026-08-25 01:02:00+00:00,0.524287,2,6,10,0.46319444444444446,0.410471,-0.1632220000000001,0.8571428571428571,1,0.32654773438108475,0.3340668579745904,37,control,model-v1,0.32654773438108475,synthetic_demo
entity_0057,candidate,2026-08-25 01:11:00+00:00,0.956033,0,15,28,3.140972222222222,0.44916,-0.007383000000000028,2.142857142857143,1,0.5919640697525014,0.5934146644897972,18,challenger,model-v2,0.5934146644897972,synthetic_demo
entity_0038,candidate,2026-08-25 01:12:00+00:00,0.76745,0,7,22,2.892361111111111,0.693873,0.008826,1.0,1,0.5672596431475541,0.5675075493519602,66,control,model-v1,0.5672596431475541,synthetic_demo
entity_0164,company,2026-08-25 01:15:00+00:00,0.973466,0,12,29,2.0909722222222222,0.975363,0.08983300000000005,1.7142857142857142,1,0.7610037512576825,0.7583112955741477,47,control,model-v1,0.7610037512576825,synthetic_demo
entity_0142,company,2026-08-25 01:28:00+00:00,0.808347,0,7,25,6.132638888888889,0.414668,-0.13687399999999994,1.0,1,0.5048562243556493,0.5130192311033273,30,control,model-v1,0.5048562243556493,synthetic_demo
entity_0047,candidate,2026-08-25 01:36:00+00:00,0.867483,6,10,34,0.13541666666666666,0.855194,-0.10539299999999996,1.4285714285714286,1,0.6679258685884665,0.6730098929209709,78,control,model-v1,0.6679258685884665,synthetic_demo
entity_0141,company,2026-08-25 01:44:00+00:00,0.638471,0,14,31,1.1083333333333334,0.629525,-0.11555099999999996,2.0,1,0.45698913897144006,0.4630470514768638,83,control,model-v1,0.45698913897144006,synthetic_demo
entity_0059,candidate,2026-08-25 01:48:00+00:00,0.352822,0,8,8,1.6534722222222222,0.70393,0.03742800000000002,1.1428571428571428,0,0.34589237224228836,0.34346065738490567,50,control,model-v1,0.34589237224228836,synthetic_demo
entity_0193,company,2026-08-25 01:48:00+00:00,0.377589,0,4,15,5.271527777777778,0.880355,-0.01604899999999998,0.5714285714285714,1,0.43326443869911324,0.43350648593877306,51,control,model-v1,0.43326443869911324,synthetic_demo
entity_0076,candidate,2026-08-25 01:52:00+00:00,1.0,4,33,66,0.25625,0.965334,0.02828699999999995,4.714285714285714,1,0.7627133883417,0.7614489874512279,44,control,model-v1,0.7627133883417,synthetic_demo
entity_0049,candidate,2026-08-25 02:05:00+00:00,0.72508,0,18,18,1.1965277777777779,0.578951,-0.08921500000000004,2.5714285714285716,1,0.5120798421980807,0.516921281236046,37,control,model-v1,0.5120798421980807,synthetic_demo
entity_0164,company,2026-08-25 02:06:00+00:00,0.864597,1,13,30,0.035416666666666666,0.975363,-0.1088690000000001,1.8571428571428572,1,0.7023665517893284,0.7075871303688376,47,control,model-v1,0.7023665517893284,synthetic_demo
entity_0021,candidate,2026-08-25 02:07:00+00:00,0.361642,0,3,17,4.167361111111111,0.747318,-0.10148199999999996,0.42857142857142855,1,0.3639102831801807,0.36838753001781277,86,control,model-v1,0.3639102831801807,synthetic_demo
entity_0142,company,2026-08-25 02:11:00+00:00,0.896139,1,7,26,0.029861111111111113,0.414668,0.08779199999999998,1.0,1,0.5127446102109333,0.5093586521346309,30,control,model-v1,0.5127446102109333,synthetic_demo
entity_0153,company,2026-08-25 02:11:00+00:00,0.454784,3,14,21,0.3333333333333333,0.68925,-0.04281499999999999,2.0,1,0.389925804062765,0.3911578617662389,37,control,model-v1,0.389925804062765,synthetic_demo
entity_0130,candidate,2026-08-25 02:18:00+00:00,0.407333,4,8,11,0.21736111111111112,0.784092,0.014712999999999976,1.1428571428571428,0,0.401296259035684,0.39959061286715547,82,control,model-v1,0.401296259035684,synthetic_demo
entity_0153,company,2026-08-25 02:22:00+00:00,0.495786,4,15,22,0.007638888888888889,0.68925,0.04100199999999998,2.142857142857143,1,0.4138220366977929,0.41078727735381915,37,control,model-v1,0.4138220366977929,synthetic_demo
entity_0080,candidate,2026-08-25 02:28:00+00:00,0.770064,2,18,36,0.29444444444444445,0.693391,-0.033375000000000044,2.5714285714285716,0,0.5583217906979527,0.5600844188722927,51,control,model-v1,0.5583217906979527,synthetic_demo
entity_0144,company,2026-08-25 02:32:00+00:00,0.436314,2,8,18,0.2743055555555556,0.774807,0.11877899999999997,1.1428571428571428,0,0.4007338179429249,0.39409470857478845,28,control,model-v1,0.4007338179429249,synthetic_demo
entity_0142,company,2026-08-25 02:38:00+00:00,0.956562,2,8,27,0.01875,0.414668,0.060423000000000004,1.1428571428571428,1,0.5510177364345331,0.5491378495517454,30,control,model-v1,0.5510177364345331,synthetic_demo
entity_0014,candidate,2026-08-25 02:39:00+00:00,0.351165,1,3,13,0.18819444444444444,0.529636,0.05462,0.42857142857142855,1,0.2688101498544075,0.26617196757242995,67,control,model-v1,0.2688101498544075,synthetic_demo
entity_0164,company,2026-08-25 02:39:00+00:00,0.80964,2,14,31,0.022916666666666665,0.975363,-0.05495699999999992,2.0,1,0.6779039220909109,0.6806009372901884,47,control,model-v1,0.6779039220909109,synthetic_demo
entity_0170,company,2026-08-25 02:55:00+00:00,0.814258,0,11,20,4.298611111111111,0.387302,-0.0038289999999999713,1.5714285714285714,0,0.4980204508109192,0.4990584681408617,2,permanent_holdout,non_ml_baseline,0.60078,synthetic_demo
entity_0094,candidate,2026-08-25 02:56:00+00:00,0.675311,0,18,27,1.1236111111111111,0.607268,-0.029783000000000004,2.5714285714285716,1,0.4822796665516199,0.48381174641979857,86,control,model-v1,0.4822796665516199,synthetic_demo
entity_0075,candidate,2026-08-25 03:06:00+00:00,0.335178,0,3,10,5.336805555555555,0.749604,-0.03301700000000002,0.42857142857142855,1,0.36645332137981984,0.3674869079798051,77,control,model-v1,0.36645332137981984,synthetic_demo
entity_0037,candidate,2026-08-25 03:12:00+00:00,0.868413,6,34,61,0.16666666666666666,0.890078,-0.10615200000000002,4.857142857142857,1,0.6897362234231809,0.6937130164080839,94,control,model-v1,0.6897362234231809,synthetic_demo
entity_0045,candidate,2026-08-25 03:14:00+00:00,0.795728,0,13,28,1.3881944444444445,0.734378,0.024826000000000015,1.8571428571428572,1,0.5911812772814173,0.5904334729803589,98,control,model-v1,0.5911812772814173,synthetic_demo
entity_0072,candidate,2026-08-25 03:17:00+00:00,0.428744,1,7,21,0.825,0.720287,-0.020096999999999976,1.0,0,0.3727013031555326,0.3731986517156701,16,challenger,model-v2,0.3731986517156701,synthetic_demo
entity_0075,candidate,2026-08-25 03:37:00+00:00,0.238027,1,4,11,0.021527777777777778,0.749604,-0.09715099999999999,0.5714285714285714,1,0.28591457257946284,0.2892552489658792,77,control,model-v1,0.28591457257946284,synthetic_demo
entity_0013,candidate,2026-08-25 03:52:00+00:00,0.881158,4,21,34,0.1486111111111111,0.575491,-0.08246900000000001,3.0,1,0.5897359252539612,0.5940397623819589,58,control,model-v1,0.5897359252539612,synthetic_demo
entity_0137,candidate,2026-08-25 04:05:00+00:00,0.522038,2,8,20,0.37430555555555556,0.708766,-0.03880899999999998,1.1428571428571428,0,0.4228730115784328,0.42452222181487353,0,permanent_holdout,non_ml_baseline,0.615402,synthetic_demo
entity_0178,company,2026-08-25 04:10:00+00:00,0.6809,0,18,36,2.4055555555555554,0.805549,-0.17977100000000001,2.5714285714285716,1,0.5591582141029244,0.5683284124539804,6,permanent_holdout,non_ml_baseline,0.7432245,synthetic_demo
entity_0120,candidate,2026-08-25 04:17:00+00:00,0.868575,5,14,46,0.2625,0.89865,-0.020916000000000046,2.0,1,0.6748661829273637,0.6759262938580516,77,control,model-v1,0.6748661829273637,synthetic_demo
entity_0140,candidate,2026-08-25 04:17:00+00:00,0.557931,0,10,17,1.2694444444444444,0.390089,-0.162999,1.4285714285714286,0,0.33610010851291194,0.3438504537272446,78,control,model-v1,0.33610010851291194,synthetic_demo
entity_0197,company,2026-08-25 04:19:00+00:00,0.760729,1,13,26,0.1527777777777778,0.825549,0.027013999999999982,1.8571428571428572,1,0.6014911278023057,0.6003886049285472,15,challenger,model-v2,0.6003886049285472,synthetic_demo
entity_0001,candidate,2026-08-25 04:21:00+00:00,0.641222,0,10,30,1.1090277777777777,0.365757,-0.06520500000000007,1.4285714285714286,0,0.35583606234824033,0.35931339410859353,2,permanent_holdout,non_ml_baseline,0.5034894999999999,synthetic_demo
entity_0001,candidate,2026-08-25 04:27:00+00:00,0.611886,1,11,31,0.004166666666666667,0.365757,-0.029335999999999918,1.5714285714285714,0,0.3361798693743467,0.33765939378026,2,permanent_holdout,non_ml_baseline,0.4888215,synthetic_demo
entity_0023,candidate,2026-08-25 04:28:00+00:00,0.766568,0,20,25,1.2125,0.551892,0.04161199999999998,2.857142857142857,1,0.5209840633998247,0.5190083504261042,23,control,model-v1,0.5209840633998247,synthetic_demo
entity_0129,candidate,2026-08-25 04:37:00+00:00,0.514161,0,13,29,1.3145833333333334,0.551726,-0.07752999999999999,1.8571428571428572,1,0.3608552065325591,0.36433141354105825,52,control,model-v1,0.3608552065325591,synthetic_demo
entity_0176,company,2026-08-25 04:41:00+00:00,0.221225,0,0,5,7.574305555555555,0.501088,-0.022129999999999983,0.0,1,0.24532962921739865,0.24562283319054348,33,control,model-v1,0.24532962921739865,synthetic_demo
entity_0119,candidate,2026-08-25 04:46:00+00:00,0.590032,5,15,31,0.26805555555555555,0.757125,-0.035784999999999956,2.142857142857143,1,0.4871832449186287,0.488261390054607,91,control,model-v1,0.4871832449186287,synthetic_demo
entity_0094,candidate,2026-08-25 04:59:00+00:00,0.778902,1,19,28,0.08541666666666667,0.607268,0.10359099999999999,2.7142857142857144,1,0.5382096057156279,0.5329585492497129,86,control,model-v1,0.5382096057156279,synthetic_demo
entity_0001,candidate,2026-08-25 05:05:00+00:00,0.746489,2,12,32,0.02638888888888889,0.365757,0.13460299999999992,1.7142857142857142,1,0.4126140242639125,0.4061587408377027,2,permanent_holdout,non_ml_baseline,0.5561229999999999,synthetic_demo
entity_0133,candidate,2026-08-25 05:23:00+00:00,0.365106,3,7,19,0.6791666666666667,0.958165,-0.03306600000000004,1.0,1,0.4311366706279762,0.4317759085107533,10,challenger,model-v2,0.4317759085107533,synthetic_demo
entity_0082,candidate,2026-08-25 05:30:00+00:00,0.85995,0,9,31,2.807638888888889,0.353741,0.05402600000000002,1.2857142857142858,1,0.48349919922360757,0.48177989745391514,41,control,model-v1,0.48349919922360757,synthetic_demo
entity_0023,candidate,2026-08-25 05:33:00+00:00,0.71424,1,21,26,0.04513888888888889,0.551892,-0.05232800000000004,3.0,0,0.4854616439576963,0.4881078231143789,23,control,model-v1,0.4854616439576963,synthetic_demo
entity_0082,candidate,2026-08-25 05:34:00+00:00,0.962336,1,10,32,0.002777777777777778,0.353741,0.10238599999999998,1.4285714285714286,0,0.5258442277808462,0.5218157914966777,41,control,model-v1,0.5258442277808462,synthetic_demo
entity_0176,company,2026-08-25 05:36:00+00:00,0.369446,1,1,6,0.03819444444444445,0.501088,0.148221,0.14285714285714285,1,0.2716564278984661,0.2652775671613319,33,control,model-v1,0.2716564278984661,synthetic_demo
entity_0053,candidate,2026-08-25 05:42:00+00:00,0.839702,2,11,21,0.47847222222222224,0.392836,-0.061999000000000026,1.5714285714285714,1,0.4913180293711134,0.495332954594718,85,control,model-v1,0.4913180293711134,synthetic_demo
entity_0095,candidate,2026-08-25 05:57:00+00:00,0.908725,5,12,27,0.33194444444444443,0.975143,0.012592000000000048,1.7142857142857142,1,0.7353456002615828,0.7350594914426095,60,control,model-v1,0.7353456002615828,synthetic_demo
entity_0053,candidate,2026-08-25 05:58:00+00:00,0.888575,2,12,22,0.011111111111111112,0.392836,0.048873000000000055,1.7142857142857142,0,0.5168988684987816,0.515206039823859,85,control,model-v1,0.5168988684987816,synthetic_demo
entity_0199,company,2026-08-25 06:08:00+00:00,0.388588,0,0,6,11.333333333333334,0.393527,-0.11882600000000004,0.0,1,0.311363426705731,0.3165828850748904,17,challenger,model-v2,0.3165828850748904,synthetic_demo
entity_0082,candidate,2026-08-25 06:13:00+00:00,0.867799,2,11,33,0.027083333333333334,0.353741,-0.09453699999999998,1.5714285714285714,0,0.4745495280930969,0.48038790062911374,41,control,model-v1,0.4745495280930969,synthetic_demo
entity_0142,company,2026-08-25 06:16:00+00:00,0.889468,3,9,26,0.15138888888888888,0.414668,-0.06709399999999999,1.2857142857142858,1,0.5190685597029253,0.5234878027195684,30,control,model-v1,0.5190685597029253,synthetic_demo
entity_0016,candidate,2026-08-25 06:20:00+00:00,0.880964,2,18,21,0.25277777777777777,0.704796,0.038382999999999945,2.5714285714285716,1,0.6417021676061743,0.6402123598659996,86,control,model-v1,0.6417021676061743,synthetic_demo
entity_0016,candidate,2026-08-25 06:24:00+00:00,0.828421,3,19,22,0.002777777777777778,0.704796,-0.052543000000000006,2.7142857142857144,1,0.6146679393539524,0.6173515401648952,86,control,model-v1,0.6146679393539524,synthetic_demo
entity_0072,candidate,2026-08-25 06:42:00+00:00,0.47224,2,8,22,0.1423611111111111,0.720287,0.04349599999999998,1.1428571428571428,1,0.39511352069515693,0.3924250895709045,16,challenger,model-v2,0.3924250895709045,synthetic_demo
entity_0193,company,2026-08-25 06:43:00+00:00,0.324788,1,5,16,0.2048611111111111,0.880355,-0.05280099999999999,0.7142857142857143,0,0.3714453077014791,0.3732364072494577,51,control,model-v1,0.3714453077014791,synthetic_demo
entity_0049,candidate,2026-08-25 06:44:00+00:00,0.716873,1,17,19,0.19375,0.578951,-0.008206999999999964,2.4285714285714284,0,0.4996852977348054,0.5001890087247018,37,control,model-v1,0.4996852977348054,synthetic_demo
entity_0084,candidate,2026-08-25 06:45:00+00:00,0.766479,2,15,26,0.5972222222222222,0.886024,0.03540600000000005,2.142857142857143,0,0.6356307364898562,0.6339489220925811,99,control,model-v1,0.6356307364898562,synthetic_demo
entity_0119,candidate,2026-08-25 06:51:00+00:00,0.531787,5,16,32,0.08680555555555555,0.757125,-0.05824499999999999,2.2857142857142856,1,0.4527586249877223,0.4547611456860059,91,control,model-v1,0.4527586249877223,synthetic_demo
entity_0140,candidate,2026-08-25 06:54:00+00:00,0.712758,1,11,18,0.10902777777777778,0.390089,0.15482700000000005,1.5714285714285714,0,0.4155274742589992,0.4080573856430217,78,control,model-v1,0.4155274742589992,synthetic_demo
entity_0128,candidate,2026-08-25 06:56:00+00:00,0.627639,4,10,26,0.3645833333333333,0.693581,0.17643399999999992,1.4285714285714286,1,0.47963424765333823,0.47007000466282617,99,control,model-v1,0.47963424765333823,synthetic_demo
entity_0176,company,2026-08-25 06:56:00+00:00,0.230319,2,2,7,0.05555555555555555,0.501088,-0.139127,0.2857142857142857,0,0.2149330028209682,0.2192679564721777,33,control,model-v1,0.2149330028209682,synthetic_demo
entity_0117,candidate,2026-08-25 06:58:00+00:00,0.879442,0,24,55,1.2951388888888888,0.543925,-0.09743400000000002,3.4285714285714284,1,0.5541260384007225,0.5595928124939087,37,control,model-v1,0.5541260384007225,synthetic_demo
entity_0067,candidate,2026-08-25 07:01:00+00:00,0.456085,1,7,13,0.3958333333333333,0.733388,0.064658,1.0,1,0.3989212057985995,0.3952462575422372,67,control,model-v1,0.3989212057985995,synthetic_demo
entity_0095,candidate,2026-08-25 07:10:00+00:00,0.808072,6,13,28,0.050694444444444445,0.975143,-0.10065299999999999,1.8571428571428572,1,0.6885587648941325,0.692916169244994,60,control,model-v1,0.6885587648941325,synthetic_demo
entity_0045,candidate,2026-08-25 07:29:00+00:00,0.900357,1,14,29,0.17708333333333334,0.734378,0.10462899999999997,2.0,1,0.6434216774111696,0.6390421716695694,98,control,model-v1,0.6434216774111696,synthetic_demo
entity_0119,candidate,2026-08-25 07:32:00+00:00,0.595363,6,17,33,0.02847222222222222,0.757125,0.06357599999999997,2.4285714285714284,0,0.4925527730645031,0.48822137972515517,91,control,model-v1,0.4925527730645031,synthetic_demo
entity_0039,candidate,2026-08-25 07:35:00+00:00,0.908627,3,15,35,0.5486111111111112,0.359386,0.06408999999999998,2.142857142857143,1,0.511955340164572,0.5092893443885982,92,control,model-v1,0.511955340164572,synthetic_demo
entity_0058,candidate,2026-08-25 07:47:00+00:00,0.55466,2,7,11,0.28125,0.410471,0.030373000000000094,1.0,0,0.34160964872822025,0.34014209481475793,37,control,model-v1,0.34160964872822025,synthetic_demo
entity_0073,candidate,2026-08-25 07:51:00+00:00,0.869829,4,24,34,0.35833333333333334,0.682864,0.09973699999999996,3.4285714285714284,1,0.6292160753121336,0.6241864000582233,11,challenger,model-v2,0.6241864000582233,synthetic_demo
entity_0073,candidate,2026-08-25 07:53:00+00:00,0.844213,5,25,35,0.001388888888888889,0.682864,-0.025615999999999972,3.5714285714285716,1,0.6159821495518603,0.6169134395207762,11,challenger,model-v2,0.6169134395207762,synthetic_demo
entity_0084,candidate,2026-08-25 07:58:00+00:00,0.745497,3,16,27,0.050694444444444445,0.886024,-0.020982000000000056,2.2857142857142856,1,0.6237137934344219,0.6245904108511219,99,control,model-v1,0.6237137934344219,synthetic_demo
entity_0087,candidate,2026-08-25 08:10:00+00:00,0.813566,4,21,37,0.30069444444444443,0.743717,-0.07822799999999996,3.0,1,0.6111648504186022,0.6148739146532757,52,control,model-v1,0.6111648504186022,synthetic_demo
entity_0112,candidate,2026-08-25 08:25:00+00:00,0.346963,0,7,15,2.454861111111111,0.483073,0.06542000000000003,1.0,0,0.2676308137879416,0.2644827176026349,34,control,model-v1,0.2676308137879416,synthetic_demo
entity_0140,candidate,2026-08-25 08:25:00+00:00,0.692257,2,12,19,0.06319444444444444,0.390089,-0.02050099999999999,1.7142857142857142,1,0.406975042390645,0.40822374543425294,78,control,model-v1,0.406975042390645,synthetic_demo
entity_0120,candidate,2026-08-25 08:27:00+00:00,0.83998,5,15,45,0.1736111111111111,0.89865,-0.028595000000000037,2.142857142857143,1,0.662302932773416,0.6636177853418508,77,control,model-v1,0.662302932773416,synthetic_demo
entity_0127,candidate,2026-08-25 08:34:00+00:00,0.391638,0,4,7,2.365972222222222,0.773714,0.01576299999999997,0.5714285714285714,1,0.390754060522188,0.3895341758438943,2,permanent_holdout,non_ml_baseline,0.582676,synthetic_demo
entity_0172,company,2026-08-25 08:35:00+00:00,0.222848,1,4,6,0.32569444444444445,0.729894,0.054424,0.5714285714285714,0,0.279495051197571,0.27632703745008813,42,control,model-v1,0.279495051197571,synthetic_demo
entity_0145,company,2026-08-25 08:42:00+00:00,0.650283,3,14,33,0.35555555555555557,0.712164,-0.029972,2.0,1,0.4957224455909389,0.496989395988592,18,challenger,model-v2,0.496989395988592,synthetic_demo
entity_0087,candidate,2026-08-25 08:43:00+00:00,0.82659,5,22,38,0.022916666666666665,0.743717,0.013024000000000036,3.142857142857143,1,0.6196396968404331,0.6186935078467171,52,control,model-v1,0.6196396968404331,synthetic_demo
entity_0076,candidate,2026-08-25 08:48:00+00:00,0.88873,5,33,63,0.28888888888888886,0.965334,-0.11126999999999998,4.714285714285714,1,0.7183008767720592,0.7224221267110844,44,control,model-v1,0.7183008767720592,synthetic_demo
entity_0137,candidate,2026-08-25 08:51:00+00:00,0.517778,2,9,20,0.1986111111111111,0.708766,-0.0042600000000000415,1.2857142857142858,1,0.42100852203399475,0.4208248853549223,0,permanent_holdout,non_ml_baseline,0.613272,synthetic_demo
entity_0073,candidate,2026-08-25 08:52:00+00:00,0.911585,6,26,36,0.04097222222222222,0.682864,0.06737199999999999,3.7142857142857144,1,0.6556481631792077,0.6521729850912598,11,challenger,model-v2,0.6521729850912598,synthetic_demo
entity_0060,candidate,2026-08-25 08:58:00+00:00,0.878211,1,7,16,0.36319444444444443,0.782671,0.128591,1.0,1,0.6526355176330343,0.6473584597444947,1,permanent_holdout,non_ml_baseline,0.830441,synthetic_demo
entity_0033,candidate,2026-08-25 09:11:00+00:00,0.770232,0,15,35,2.0541666666666667,0.760571,-0.011124000000000023,2.142857142857143,1,0.5864151900219553,0.587303558474252,20,control,model-v1,0.5864151900219553,synthetic_demo
entity_0130,candidate,2026-08-25 09:12:00+00:00,0.343047,3,9,12,0.2875,0.784092,-0.06428600000000001,1.2857142857142858,0,0.36442089547849976,0.36648695407084575,82,control,model-v1,0.36442089547849976,synthetic_demo
entity_0072,candidate,2026-08-25 09:13:00+00:00,0.541651,2,9,23,0.10486111111111111,0.720287,0.069411,1.2857142857142858,1,0.4345810598514832,0.43066319480037835,16,challenger,model-v2,0.43066319480037835,synthetic_demo
entity_0120,candidate,2026-08-25 09:16:00+00:00,0.972853,6,16,46,0.034027777777777775,0.89865,0.13287300000000002,2.2857142857142856,1,0.7294843880324504,0.7241372436180744,77,control,model-v1,0.7294843880324504,synthetic_demo
entity_0053,candidate,2026-08-25 09:17:00+00:00,0.846072,3,13,23,0.13819444444444445,0.392836,-0.04250299999999996,1.8571428571428572,1,0.4965553541677682,0.49936788992308245,85,control,model-v1,0.4965553541677682,synthetic_demo
entity_0028,candidate,2026-08-25 09:19:00+00:00,0.622205,0,15,30,1.6625,0.506009,0.12335800000000002,2.142857142857143,1,0.4084715419548101,0.40218469359531567,76,control,model-v1,0.4084715419548101,synthetic_demo
entity_0102,candidate,2026-08-25 09:22:00+00:00,0.645323,1,4,5,0.4895833333333333,0.662814,0.09892400000000001,0.5714285714285714,1,0.48559639418577616,0.48077820132196847,32,control,model-v1,0.48559639418577616,synthetic_demo
entity_0188,company,2026-08-25 09:29:00+00:00,0.734666,0,11,19,1.4013888888888888,0.398168,0.05142200000000008,1.5714285714285714,1,0.4362891653758808,0.434219257603366,90,control,model-v1,0.4362891653758808,synthetic_demo
entity_0039,candidate,2026-08-25 09:30:00+00:00,1.0,3,16,36,0.0798611111111111,0.359386,0.09137300000000004,2.2857142857142856,1,0.561913081045014,0.5581347454443285,92,control,model-v1,0.561913081045014,synthetic_demo
entity_0023,candidate,2026-08-25 09:36:00+00:00,0.826426,2,22,27,0.16875,0.551892,0.11218600000000001,3.142857142857143,0,0.5547518608866868,0.549024427146266,23,control,model-v1,0.5547518608866868,synthetic_demo
entity_0164,company,2026-08-25 09:37:00+00:00,0.878186,3,14,32,0.2902777777777778,0.975363,0.068546,2.0,1,0.7145495648238254,0.7118594893454936,47,control,model-v1,0.7145495648238254,synthetic_demo
entity_0082,candidate,2026-08-25 09:50:00+00:00,0.826008,3,12,34,0.15069444444444444,0.353741,-0.04179100000000002,1.7142857142857142,0,0.45469046266189506,0.4574428989679746,41,control,model-v1,0.45469046266189506,synthetic_demo
entity_0095,candidate,2026-08-25 10:11:00+00:00,0.832696,6,14,29,0.12569444444444444,0.975143,0.02462399999999998,2.0,1,0.7016704924725927,0.7004477212162518,60,control,model-v1,0.7016704924725927,synthetic_demo
entity_0141,company,2026-08-25 10:17:00+00:00,0.733805,1,14,31,0.35625,0.629525,0.09533400000000003,2.0,0,0.5095799875611737,0.5048008418614284,83,control,model-v1,0.5095799875611737,synthetic_demo
entity_0027,candidate,2026-08-25 10:22:00+00:00,0.451431,1,3,7,0.9479166666666666,0.577832,0.19270700000000002,0.42857142857142855,1,0.3447979140177414,0.33552297049097024,55,control,model-v1,0.3447979140177414,synthetic_demo
entity_0082,candidate,2026-08-25 10:22:00+00:00,0.840446,4,13,35,0.022222222222222223,0.353741,0.014438000000000062,1.8571428571428572,0,0.465487855599558,0.46519734094124726,41,control,model-v1,0.465487855599558,synthetic_demo
entity_0080,candidate,2026-08-25 10:29:00+00:00,0.725157,2,19,36,0.33402777777777776,0.693391,-0.04490699999999992,2.7142857142857144,1,0.5345785685570957,0.5367630329301765,51,control,model-v1,0.5345785685570957,synthetic_demo
entity_0170,company,2026-08-25 10:33:00+00:00,0.827724,1,12,21,0.31805555555555554,0.387302,0.013465999999999978,1.7142857142857142,0,0.4801234735219525,0.4801954569227467,2,permanent_holdout,non_ml_baseline,0.607513,synthetic_demo
entity_0097,candidate,2026-08-25 10:35:00+00:00,0.649611,2,10,19,0.75,0.839958,0.14989900000000006,1.4285714285714286,1,0.5539510473970924,0.5460499517311461,70,control,model-v1,0.5539510473970924,synthetic_demo
entity_0102,candidate,2026-08-25 10:38:00+00:00,0.491699,2,5,6,0.05277777777777778,0.662814,-0.15362399999999998,0.7142857142857143,1,0.3979919197135033,0.40548900963612566,32,control,model-v1,0.3979919197135033,synthetic_demo
entity_0199,company,2026-08-25 10:43:00+00:00,0.463617,1,1,7,0.1909722222222222,0.393527,0.07502900000000001,0.14285714285714285,1,0.28250391618025156,0.2793584759243292,17,challenger,model-v2,0.2793584759243292,synthetic_demo
entity_0143,company,2026-08-25 10:49:00+00:00,0.681891,0,12,17,1.5263888888888888,0.636349,0.07362200000000008,1.7142857142857142,1,0.5014463569253835,0.49781701253303834,12,challenger,model-v2,0.49781701253303834,synthetic_demo
entity_0188,company,2026-08-25 10:50:00+00:00,0.790831,1,12,20,0.05625,0.398168,0.05616499999999991,1.7142857142857142,0,0.4622179249742142,0.4599292985036248,90,control,model-v1,0.4622179249742142,synthetic_demo
entity_0028,candidate,2026-08-25 10:51:00+00:00,0.616784,1,16,30,0.06388888888888888,0.506009,-0.005421000000000009,2.2857142857142856,1,0.39865267207715993,0.39875335477145746,76,control,model-v1,0.39865267207715993,synthetic_demo
entity_0025,candidate,2026-08-25 10:54:00+00:00,0.658378,3,13,22,0.5423611111111111,0.572241,-0.030357999999999996,1.8571428571428572,1,0.46025797853968275,0.4616840458283418,70,control,model-v1,0.46025797853968275,synthetic_demo
entity_0033,candidate,2026-08-25 10:55:00+00:00,0.750471,1,16,35,0.07222222222222222,0.760571,-0.01976100000000003,2.2857142857142856,0,0.5655726098601972,0.5667266834127818,20,control,model-v1,0.5655726098601972,synthetic_demo
entity_0049,candidate,2026-08-25 10:56:00+00:00,0.783303,2,18,20,0.175,0.578951,0.06642999999999999,2.5714285714285716,0,0.5414730648657854,0.5381379612657079,37,control,model-v1,0.5414730648657854,synthetic_demo
entity_0060,candidate,2026-08-25 10:56:00+00:00,0.842897,2,8,17,0.08194444444444444,0.782671,-0.03531399999999996,1.1428571428571428,1,0.6350615195620641,0.6374276160173866,1,permanent_holdout,non_ml_baseline,0.812784,synthetic_demo
entity_0033,candidate,2026-08-25 10:58:00+00:00,0.771184,2,17,36,0.0020833333333333333,0.760571,0.02071299999999998,2.4285714285714284,1,0.5801946644728438,0.5791797078402244,20,control,model-v1,0.5801946644728438,synthetic_demo
entity_0120,candidate,2026-08-25 11:04:00+00:00,0.906185,7,17,47,0.075,0.89865,-0.06666799999999995,2.4285714285714284,1,0.7009689754370938,0.7038012547813037,77,control,model-v1,0.7009689754370938,synthetic_demo
entity_0087,candidate,2026-08-25 11:10:00+00:00,0.838983,6,23,39,0.10208333333333333,0.743717,0.012392999999999987,3.2857142857142856,1,0.6301397515368699,0.6291268818183912,52,control,model-v1,0.6301397515368699,synthetic_demo
entity_0117,candidate,2026-08-25 11:10:00+00:00,0.930516,1,25,53,0.175,0.543925,0.051074000000000064,3.5714285714285716,0,0.582201945135118,0.580014623802594,37,control,model-v1,0.582201945135118,synthetic_demo
entity_0067,candidate,2026-08-25 11:22:00+00:00,0.331676,2,7,14,0.18125,0.733388,-0.12440899999999999,1.0,0,0.33199892999972663,0.3369721931571217,67,control,model-v1,0.33199892999972663,synthetic_demo
entity_0153,company,2026-08-25 11:44:00+00:00,0.394765,5,15,21,0.3902777777777778,0.68925,-0.10102100000000003,2.142857142857143,0,0.364565881488933,0.36817486560405555,37,control,model-v1,0.364565881488933,synthetic_demo
entity_0178,company,2026-08-25 11:46:00+00:00,0.684291,1,17,37,0.31666666666666665,0.805549,0.003391000000000033,2.4285714285714284,1,0.5456976177201983,0.5453580232776283,6,permanent_holdout,non_ml_baseline,0.74492,synthetic_demo
entity_0197,company,2026-08-25 11:46:00+00:00,0.859262,2,13,26,0.3104166666666667,0.825549,0.09853299999999998,1.8571428571428572,1,0.6584873431732965,0.654253727058005,15,challenger,model-v2,0.654253727058005,synthetic_demo
entity_0015,candidate,2026-08-25 11:51:00+00:00,0.521637,4,11,19,0.5006944444444444,0.43755,-0.07777899999999993,1.5714285714285714,1,0.3378853802771831,0.3410457241605862,31,control,model-v1,0.3378853802771831,synthetic_demo
entity_0037,candidate,2026-08-25 11:58:00+00:00,0.940175,4,34,59,0.36527777777777776,0.890078,0.07176199999999999,4.857142857142857,1,0.7229162907356605,0.7195052500073091,94,control,model-v1,0.7229162907356605,synthetic_demo
entity_0037,candidate,2026-08-25 12:02:00+00:00,0.949524,5,35,60,0.002777777777777778,0.890078,0.009349000000000052,5.0,1,0.7278532010197214,0.7269997517088598,94,control,model-v1,0.7278532010197214,synthetic_demo
entity_0073,candidate,2026-08-25 12:09:00+00:00,0.882569,6,27,37,0.13680555555555557,0.682864,-0.02901599999999993,3.857142857142857,1,0.6414733369503093,0.6424740911803197,11,challenger,model-v2,0.6424740911803197,synthetic_demo
entity_0006,candidate,2026-08-25 12:11:00+00:00,0.545108,0,9,19,1.8569444444444445,0.463566,0.11447100000000004,1.2857142857142858,1,0.3546987968797688,0.3492111201244546,39,control,model-v1,0.3546987968797688,synthetic_demo
entity_0048,candidate,2026-08-25 12:17:00+00:00,0.32252,0,6,9,3.6993055555555556,0.930972,-0.027613000000000054,0.8571428571428571,1,0.42049827150970415,0.4210546700178395,7,permanent_holdout,non_ml_baseline,0.626746,synthetic_demo
entity_0163,company,2026-08-25 12:17:00+00:00,0.670619,0,8,21,2.8229166666666665,0.91545,0.007313999999999932,1.1428571428571428,1,0.5973136115828301,0.5971585494655742,59,control,model-v1,0.5973136115828301,synthetic_demo
entity_0095,candidate,2026-08-25 12:20:00+00:00,0.824139,6,14,30,0.08958333333333333,0.975143,-0.008557000000000037,2.0,1,0.6962185878466639,0.696437960300081,60,control,model-v1,0.6962185878466639,synthetic_demo
entity_0076,candidate,2026-08-25 12:25:00+00:00,1.0,6,33,64,0.15069444444444444,0.965334,0.11126999999999998,4.714285714285714,1,0.7679738224367084,0.7634311291582108,44,control,model-v1,0.7679738224367084,synthetic_demo
entity_0112,candidate,2026-08-25 12:29:00+00:00,0.266165,1,8,16,0.16944444444444445,0.483073,-0.08079800000000004,1.1428571428571428,0,0.22308835243270925,0.2253617313646875,34,control,model-v1,0.22308835243270925,synthetic_demo
entity_0163,company,2026-08-25 12:30:00+00:00,0.672368,1,9,22,0.009027777777777777,0.91545,0.0017490000000000006,1.2857142857142858,1,0.581660678653173,0.5816803388659058,59,control,model-v1,0.581660678653173,synthetic_demo
entity_0006,candidate,2026-08-25 12:33:00+00:00,0.549846,1,10,20,0.015277777777777777,0.463566,0.004737999999999909,1.4285714285714286,0,0.34802970018369345,0.34770833856389516,39,control,model-v1,0.34802970018369345,synthetic_demo
entity_0027,candidate,2026-08-25 12:43:00+00:00,0.379438,1,4,7,0.09791666666666667,0.577832,-0.07199300000000003,0.5714285714285714,1,0.3043176348331002,0.3071392461022392,55,control,model-v1,0.3043176348331002,synthetic_demo
entity_0120,candidate,2026-08-25 12:44:00+00:00,0.954969,8,18,48,0.06944444444444445,0.89865,0.04878399999999994,2.5714285714285716,1,0.7268738871221704,0.7247395645725276,77,control,model-v1,0.7268738871221704,synthetic_demo
entity_0120,candidate,2026-08-25 12:53:00+00:00,1.0,9,19,49,0.00625,0.89865,0.04503100000000004,2.7142857142857144,1,0.7493804001444807,0.7475074686632431,77,control,model-v1,0.7493804001444807,synthetic_demo
entity_0006,candidate,2026-08-25 13:11:00+00:00,0.566693,2,11,21,0.02638888888888889,0.463566,0.016847000000000056,1.5714285714285714,1,0.3601865361704782,0.3591811026844143,39,control,model-v1,0.3601865361704782,synthetic_demo
entity_0048,candidate,2026-08-25 13:15:00+00:00,0.470026,1,7,10,0.04027777777777778,0.930972,0.14750600000000003,1.0,1,0.4821636722516407,0.4739268772308739,7,permanent_holdout,non_ml_baseline,0.700499,synthetic_demo
entity_0076,candidate,2026-08-25 13:15:00+00:00,0.833199,7,34,65,0.034722222222222224,0.965334,-0.16680099999999998,4.857142857142857,1,0.6941229824907551,0.7005272598686904,44,control,model-v1,0.6941229824907551,synthetic_demo
entity_0127,candidate,2026-08-25 13:21:00+00:00,0.432471,1,5,8,0.19930555555555557,0.773714,0.04083300000000001,0.7142857142857143,0,0.4015460802169222,0.3990594912897894,2,permanent_holdout,non_ml_baseline,0.6030925,synthetic_demo
entity_0193,company,2026-08-25 13:26:00+00:00,0.265173,2,6,17,0.2798611111111111,0.880355,-0.05961500000000003,0.8571428571428571,0,0.34327749316591905,0.34500629691956447,51,control,model-v1,0.34327749316591905,synthetic_demo
entity_0153,company,2026-08-25 13:31:00+00:00,0.48604,6,16,22,0.07430555555555556,0.68925,0.09127500000000005,2.2857142857142856,1,0.4160464415016677,0.410151802546838,37,control,model-v1,0.4160464415016677,synthetic_demo
entity_0059,candidate,2026-08-25 13:35:00+00:00,0.36931,1,9,9,0.4909722222222222,0.70393,0.016488000000000003,1.2857142857142858,0,0.3499632798475087,0.3484416088543443,50,control,model-v1,0.3499632798475087,synthetic_demo
entity_0178,company,2026-08-25 13:38:00+00:00,0.700918,2,18,38,0.07777777777777778,0.805549,0.01662700000000006,2.5714285714285716,1,0.5569083285556634,0.5557865113835755,6,permanent_holdout,non_ml_baseline,0.7532335,synthetic_demo
entity_0164,company,2026-08-25 13:42:00+00:00,0.894226,4,15,33,0.1701388888888889,0.975363,0.016039999999999943,2.142857142857143,1,0.7241257728563258,0.7236261200561978,47,control,model-v1,0.7241257728563258,synthetic_demo
entity_0015,candidate,2026-08-25 13:47:00+00:00,0.528599,4,12,20,0.08055555555555556,0.43755,0.006962000000000024,1.7142857142857142,1,0.3393001706811878,0.3384453757981124,31,control,model-v1,0.3393001706811878,synthetic_demo
entity_0057,candidate,2026-08-25 13:49:00+00:00,0.96468,1,15,29,0.5263888888888889,0.44916,0.00864699999999996,2.142857142857143,1,0.5797795701102384,0.5803776644771826,18,challenger,model-v2,0.5803776644771826,synthetic_demo
entity_0104,candidate,2026-08-25 14:03:00+00:00,0.433859,0,6,9,1.7194444444444446,0.559171,0.014834999999999987,0.8571428571428571,0,0.3345524694041759,0.33361128917797794,5,permanent_holdout,non_ml_baseline,0.496515,synthetic_demo
entity_0016,candidate,2026-08-25 14:05:00+00:00,0.995238,3,20,23,0.32013888888888886,0.704796,0.166817,2.857142857142857,1,0.7040098977935284,0.6971331955107972,86,control,model-v1,0.7040098977935284,synthetic_demo
entity_0112,candidate,2026-08-25 14:09:00+00:00,0.446328,2,9,17,0.06944444444444445,0.483073,0.18016300000000002,1.2857142857142858,0,0.3061366402771011,0.2976949460579425,34,control,model-v1,0.3061366402771011,synthetic_demo
entity_0170,company,2026-08-25 14:12:00+00:00,0.824873,2,13,22,0.15208333333333332,0.387302,-0.002851000000000048,1.8571428571428572,0,0.4806683957586926,0.4814341379191598,2,permanent_holdout,non_ml_baseline,0.6060875,synthetic_demo
entity_0046,candidate,2026-08-25 14:23:00+00:00,0.655333,2,8,14,0.6854166666666667,0.767846,0.028532000000000002,1.1428571428571428,0,0.5319423933716025,0.530507570536511,15,challenger,model-v2,0.530507570536511,synthetic_demo
entity_0143,company,2026-08-25 14:31:00+00:00,0.575375,1,11,18,0.15416666666666667,0.636349,-0.10651600000000006,1.5714285714285714,1,0.42968542741583027,0.4350324153031154,12,challenger,model-v2,0.4350324153031154,synthetic_demo
entity_0021,candidate,2026-08-25 14:34:00+00:00,0.335391,1,3,16,0.51875,0.747318,-0.026251000000000024,0.42857142857142855,1,0.3295686046357177,0.33020059308054567,86,control,model-v1,0.3295686046357177,synthetic_demo
entity_0124,candidate,2026-08-25 14:35:00+00:00,0.983036,3,8,20,0.6402777777777777,0.900952,0.107966,1.1428571428571428,0,0.7451758735421647,0.7415945840905831,61,control,model-v1,0.7451758735421647,synthetic_demo
entity_0039,candidate,2026-08-25 14:47:00+00:00,1.0,4,17,35,0.22013888888888888,0.359386,0.0,2.4285714285714284,1,0.5687211165156459,0.5695228245072206,92,control,model-v1,0.5687211165156459,synthetic_demo
entity_0020,candidate,2026-08-25 14:50:00+00:00,0.903649,0,7,36,4.932638888888889,0.73303,0.18484600000000007,1.0,1,0.6541538130175263,0.6463290780611108,40,control,model-v1,0.6541538130175263,synthetic_demo
entity_0065,candidate,2026-08-25 14:57:00+00:00,0.327838,0,0,15,9.69513888888889,0.714939,0.09579000000000001,0.0,1,0.36892926368630063,0.3637334617289408,65,control,model-v1,0.36892926368630063,synthetic_demo
entity_0073,candidate,2026-08-25 14:57:00+00:00,0.764531,6,27,38,0.11666666666666667,0.682864,-0.11803800000000009,3.857142857142857,1,0.5748931480565795,0.580138572348492,11,challenger,model-v2,0.580138572348492,synthetic_demo
entity_0124,candidate,2026-08-25 14:59:00+00:00,0.931581,4,9,21,0.016666666666666666,0.900952,-0.05145500000000003,1.2857142857142858,1,0.7208835387116896,0.723592208936253,61,control,model-v1,0.7208835387116896,synthetic_demo
entity_0046,candidate,2026-08-25 15:01:00+00:00,0.626345,3,9,15,0.02638888888888889,0.767846,-0.028988000000000014,1.2857142857142858,0,0.5137292273181645,0.5150695394199684,15,challenger,model-v2,0.5150695394199684,synthetic_demo
entity_0067,candidate,2026-08-25 15:12:00+00:00,0.495651,3,8,15,0.1597222222222222,0.733388,0.16397499999999998,1.1428571428571428,1,0.4243425670812257,0.41538391851380885,67,control,model-v1,0.4243425670812257,synthetic_demo
entity_0108,candidate,2026-08-25 15:17:00+00:00,0.38233,0,4,20,2.9930555555555554,0.557515,-0.06642900000000002,0.5714285714285714,1,0.30110216231153164,0.30373534451016476,39,control,model-v1,0.30110216231153164,synthetic_demo
entity_0067,candidate,2026-08-25 15:19:00+00:00,0.380736,4,9,16,0.004861111111111111,0.733388,-0.11491499999999999,1.2857142857142858,1,0.36286611054968976,0.36744747367656744,67,control,model-v1,0.36286611054968976,synthetic_demo
entity_0036,candidate,2026-08-25 15:24:00+00:00,0.322556,1,11,25,0.8340277777777778,0.963067,-0.092607,1.5714285714285714,1,0.40450889180402716,0.40805136738422865,86,control,model-v1,0.40450889180402716,synthetic_demo
entity_0146,company,2026-08-25 15:28:00+00:00,0.744587,0,9,31,2.6590277777777778,0.812222,-0.007836999999999983,1.2857142857142858,0,0.5894200075480549,0.5902891367466206,96,control,model-v1,0.5894200075480549,synthetic_demo
entity_0188,company,2026-08-25 15:35:00+00:00,0.76394,2,13,21,0.19791666666666666,0.398168,-0.026890999999999998,1.8571428571428572,0,0.45113123636346325,0.4529338219103286,90,control,model-v1,0.45113123636346325,synthetic_demo
entity_0188,company,2026-08-25 15:37:00+00:00,0.665582,3,14,22,0.001388888888888889,0.398168,-0.09835799999999995,2.0,0,0.3972802040165179,0.40216912517947767,90,control,model-v1,0.3972802040165179,synthetic_demo
entity_0057,candidate,2026-08-25 15:55:00+00:00,0.873667,2,15,30,0.0875,0.44916,-0.09101300000000001,2.142857142857143,1,0.5259088006203045,0.5313378638495837,18,challenger,model-v2,0.5313378638495837,synthetic_demo
entity_0045,candidate,2026-08-25 16:18:00+00:00,0.889012,2,15,30,0.36736111111111114,0.734378,-0.011344999999999938,2.142857142857143,1,0.6417853450329133,0.6428397270524979,98,control,model-v1,0.6417853450329133,synthetic_demo
entity_0099,candidate,2026-08-25 16:25:00+00:00,0.204822,0,5,10,2.017361111111111,0.659546,-0.011427999999999994,0.7142857142857143,0,0.25532524447920507,0.2549730160268699,31,control,model-v1,0.25532524447920507,synthetic_demo
entity_0119,candidate,2026-08-25 16:31:00+00:00,0.656056,6,18,32,0.37430555555555556,0.757125,0.060693,2.5714285714285716,1,0.5333955474950699,0.5293846534002935,91,control,model-v1,0.5333955474950699,synthetic_demo
entity_0130,candidate,2026-08-25 16:40:00+00:00,0.340908,3,10,13,0.3111111111111111,0.784092,-0.002139000000000002,1.4285714285714286,0,0.3639952359012324,0.36297921938914113,82,control,model-v1,0.3639952359012324,synthetic_demo
entity_0124,candidate,2026-08-25 16:49:00+00:00,0.961975,4,10,22,0.0763888888888889,0.900952,0.030394000000000032,1.4285714285714286,1,0.7356903743765542,0.7350076991078667,61,control,model-v1,0.7356903743765542,synthetic_demo
entity_0038,candidate,2026-08-25 16:50:00+00:00,0.732372,1,8,21,0.6513888888888889,0.693873,-0.03507799999999994,1.1428571428571428,1,0.5367076377940475,0.5390135637845015,66,control,model-v1,0.5367076377940475,synthetic_demo
entity_0177,company,2026-08-25 16:53:00+00:00,0.565059,0,6,29,2.8319444444444444,0.854062,-0.10254600000000003,0.8571428571428571,0,0.500234471969666,0.5056234649711242,4,permanent_holdout,non_ml_baseline,0.7095605,synthetic_demo
entity_0142,company,2026-08-25 16:56:00+00:00,0.86221,4,7,23,0.4444444444444444,0.414668,-0.027258000000000004,1.0,0,0.508210451234254,0.5104262292962316,30,control,model-v1,0.508210451234254,synthetic_demo
entity_0129,candidate,2026-08-25 17:10:00+00:00,0.597664,1,14,30,0.5229166666666667,0.551726,0.083503,2.0,0,0.4044210415359044,0.40001734253033155,52,control,model-v1,0.4044210415359044,synthetic_demo
entity_0124,candidate,2026-08-25 17:18:00+00:00,0.860425,5,11,23,0.02013888888888889,0.900952,-0.10155000000000003,1.5714285714285714,1,0.6899035096343238,0.6946481011094247,61,control,model-v1,0.6899035096343238,synthetic_demo
entity_0020,candidate,2026-08-25 17:25:00+00:00,0.875118,1,8,37,0.1076388888888889,0.73303,-0.028531000000000084,1.1428571428571428,1,0.6090603337733824,0.6113853150210807,40,control,model-v1,0.6090603337733824,synthetic_demo
entity_0059,candidate,2026-08-25 17:25:00+00:00,0.45709,2,10,10,0.1597222222222222,0.70393,0.08777999999999997,1.4285714285714286,1,0.39862552310404353,0.3935723614721206,50,control,model-v1,0.39862552310404353,synthetic_demo
entity_0143,company,2026-08-25 17:26:00+00:00,0.630182,2,12,19,0.12152777777777778,0.636349,0.05480700000000005,1.7142857142857142,0,0.46430455705791973,0.4613058416738079,12,challenger,model-v2,0.4613058416738079,synthetic_demo
entity_0060,candidate,2026-08-25 17:29:00+00:00,0.87356,3,9,18,0.27291666666666664,0.782671,0.030662999999999996,1.2857142857142858,1,0.6557772874891818,0.6548986599977622,1,permanent_holdout,non_ml_baseline,0.8281155,synthetic_demo
entity_0025,candidate,2026-08-25 17:37:00+00:00,0.732097,3,14,22,0.2798611111111111,0.572241,0.07371899999999998,2.0,0,0.5029409675286926,0.49910460968999243,70,control,model-v1,0.5029409675286926,synthetic_demo
entity_0117,candidate,2026-08-25 17:37:00+00:00,0.913956,2,26,53,0.26875,0.543925,-0.01656000000000002,3.7142857142857144,1,0.5780338061114955,0.5791061009380258,37,control,model-v1,0.5780338061114955,synthetic_demo
entity_0016,candidate,2026-08-25 17:38:00+00:00,0.881477,4,21,24,0.14791666666666667,0.704796,-0.113761,3.0,1,0.6480927096170289,0.6535767039500788,86,control,model-v1,0.6480927096170289,synthetic_demo
entity_0177,company,2026-08-25 17:50:00+00:00,0.734193,1,7,30,0.03958333333333333,0.854062,0.169134,1.0,1,0.5807736499622053,0.5725166957416289,4,permanent_holdout,non_ml_baseline,0.7941275,synthetic_demo
entity_0178,company,2026-08-25 17:58:00+00:00,0.839057,3,18,36,0.18055555555555555,0.805549,0.138139,2.5714285714285716,1,0.6396581131465242,0.6330158775473473,6,permanent_holdout,non_ml_baseline,0.822303,synthetic_demo
entity_0143,company,2026-08-25 18:01:00+00:00,0.575501,3,13,20,0.024305555555555556,0.636349,-0.05468099999999998,1.8571428571428572,1,0.43553521367858683,0.43790363800282756,12,challenger,model-v2,0.43790363800282756,synthetic_demo
entity_0129,candidate,2026-08-25 18:02:00+00:00,0.617627,2,15,31,0.03611111111111111,0.551726,0.019963000000000064,2.142857142857143,1,0.4155026027296259,0.4142241038871824,52,control,model-v1,0.4155026027296259,synthetic_demo
entity_0073,candidate,2026-08-25 18:05:00+00:00,0.826361,7,28,39,0.13055555555555556,0.682864,0.06183000000000005,4.0,1,0.6129288979653456,0.6090876013264354,11,challenger,model-v2,0.6090876013264354,synthetic_demo
entity_0020,candidate,2026-08-25 18:08:00+00:00,0.783587,2,9,38,0.029861111111111113,0.73303,-0.09153099999999992,1.2857142857142858,1,0.560206923071837,0.5654173787349749,40,control,model-v1,0.560206923071837,synthetic_demo
entity_0053,candidate,2026-08-25 18:12:00+00:00,0.795018,4,12,24,0.3715277777777778,0.392836,-0.051054000000000044,1.7142857142857142,0,0.4683545783767467,0.4713659933539365,85,control,model-v1,0.4683545783767467,synthetic_demo
entity_0117,candidate,2026-08-25 18:17:00+00:00,0.922467,3,27,54,0.027777777777777776,0.543925,0.008511000000000046,3.857142857142857,1,0.5844584742771448,0.584123481740113,37,control,model-v1,0.5844584742771448,synthetic_demo
entity_0187,company,2026-08-25 18:28:00+00:00,0.632658,1,3,15,0.8791666666666667,0.979069,-0.07598799999999994,0.42857142857142855,0,0.5866750388571663,0.5907519831499961,6,permanent_holdout,non_ml_baseline,0.8058635000000001,synthetic_demo
entity_0047,candidate,2026-08-25 18:31:00+00:00,0.918689,2,7,35,0.7048611111111112,0.855194,0.051205999999999974,1.0,1,0.6818809619333815,0.6803657913859273,78,control,model-v1,0.6818809619333815,synthetic_demo
entity_0174,company,2026-08-25 18:40:00+00:00,0.693317,0,8,15,1.8555555555555556,0.480944,0.022494000000000014,1.1428571428571428,0,0.44645375749912175,0.4458266934086776,88,control,model-v1,0.44645375749912175,synthetic_demo
entity_0020,candidate,2026-08-25 18:44:00+00:00,0.70576,3,10,38,0.025,0.73303,-0.07782699999999998,1.4285714285714286,0,0.5198874010611041,0.5240317630163033,40,control,model-v1,0.5198874010611041,synthetic_demo
entity_0015,candidate,2026-08-25 18:45:00+00:00,0.621605,5,13,19,0.20694444444444443,0.43755,0.09300599999999992,1.8571428571428572,0,0.3958154171496719,0.39073189217970683,31,control,model-v1,0.3958154171496719,synthetic_demo
entity_0141,company,2026-08-25 18:46:00+00:00,0.695483,2,12,30,0.35347222222222224,0.629525,-0.03832200000000008,1.7142857142857142,1,0.4876401543393856,0.4897467237516992,83,control,model-v1,0.4876401543393856,synthetic_demo
entity_0144,company,2026-08-25 18:54:00+00:00,0.295936,2,8,18,0.6819444444444445,0.774807,-0.140378,1.1428571428571428,1,0.3281060502502231,0.33362206671433325,28,control,model-v1,0.3281060502502231,synthetic_demo
entity_0097,candidate,2026-08-25 19:01:00+00:00,0.614055,1,11,20,0.35138888888888886,0.839958,-0.03555600000000003,1.5714285714285714,1,0.5283537377091201,0.5300775154694778,70,control,model-v1,0.5283537377091201,synthetic_demo
entity_0023,candidate,2026-08-25 19:04:00+00:00,0.754134,3,23,28,0.39444444444444443,0.551892,-0.07229200000000002,3.2857142857142856,1,0.5180261550527863,0.5215362225811381,23,control,model-v1,0.5180261550527863,synthetic_demo
entity_0145,company,2026-08-25 19:07:00+00:00,0.732161,3,12,32,0.4340277777777778,0.712164,0.0818779999999999,1.7142857142857142,1,0.5413204875182432,0.5370953526448797,18,challenger,model-v2,0.5370953526448797,synthetic_demo
entity_0001,candidate,2026-08-25 19:08:00+00:00,0.601945,3,13,33,0.5854166666666667,0.365757,-0.144544,1.8571428571428572,0,0.34094139787225747,0.34759125283486786,2,permanent_holdout,non_ml_baseline,0.483851,synthetic_demo
entity_0058,candidate,2026-08-25 19:09:00+00:00,0.656699,2,8,12,0.4736111111111111,0.410471,0.10203899999999999,1.1428571428571428,0,0.39870307606896116,0.39381443912991393,37,control,model-v1,0.39870307606896116,synthetic_demo
entity_0017,candidate,2026-08-25 19:16:00+00:00,0.433992,0,12,21,1.9833333333333334,0.434881,0.049670999999999965,1.7142857142857142,1,0.2922381438911475,0.28967495135375126,92,control,model-v1,0.2922381438911475,synthetic_demo
entity_0014,candidate,2026-08-25 19:27:00+00:00,0.351232,2,4,11,0.7,0.529636,6.699999999998374e-05,0.5714285714285714,0,0.27748701514344054,0.27695952861407763,67,control,model-v1,0.27748701514344054,synthetic_demo
entity_0124,candidate,2026-08-25 19:27:00+00:00,0.970946,5,12,24,0.08958333333333333,0.900952,0.11052099999999998,1.7142857142857142,1,0.7428893734598453,0.7388442905942264,61,control,model-v1,0.7428893734598453,synthetic_demo
entity_0199,company,2026-08-25 19:44:00+00:00,0.35116,2,2,8,0.37569444444444444,0.393527,-0.11245699999999997,0.2857142857142857,0,0.23606265687202369,0.2400060450938809,17,challenger,model-v2,0.2400060450938809,synthetic_demo
entity_0137,candidate,2026-08-25 19:45:00+00:00,0.443987,2,10,20,0.45416666666666666,0.708766,-0.07379099999999994,1.4285714285714286,0,0.38337085167972224,0.386374288441154,0,permanent_holdout,non_ml_baseline,0.5763765000000001,synthetic_demo
entity_0128,candidate,2026-08-25 19:59:00+00:00,0.595428,2,10,25,0.54375,0.693581,-0.03221099999999999,1.4285714285714286,0,0.4579424852195068,0.4594349423699661,99,control,model-v1,0.4579424852195068,synthetic_demo
entity_0120,candidate,2026-08-25 20:03:00+00:00,1.0,7,20,47,0.2986111111111111,0.89865,0.0,2.857142857142857,1,0.7500246979849935,0.7500649733736294,77,control,model-v1,0.7500246979849935,synthetic_demo
entity_0104,candidate,2026-08-25 20:13:00+00:00,0.349093,1,7,10,0.2569444444444444,0.559171,-0.08476600000000001,1.0,1,0.2862093497515091,0.2892929895149516,5,permanent_holdout,non_ml_baseline,0.454132,synthetic_demo
entity_0163,company,2026-08-25 20:13:00+00:00,0.624368,2,8,22,0.3215277777777778,0.91545,-0.04799999999999993,1.1428571428571428,1,0.5574950787569279,0.5598697413022599,59,control,model-v1,0.5574950787569279,synthetic_demo
entity_0057,candidate,2026-08-25 20:15:00+00:00,0.890966,3,16,31,0.18055555555555555,0.44916,0.017299000000000064,2.2857142857142856,1,0.5399982740275077,0.5396468382818598,18,challenger,model-v2,0.5396468382818598,synthetic_demo
entity_0037,candidate,2026-08-25 20:20:00+00:00,0.830045,5,34,60,0.3458333333333333,0.890078,-0.119479,4.857142857142857,1,0.6701103734510682,0.6748165525019428,94,control,model-v1,0.6701103734510682,synthetic_demo
entity_0124,candidate,2026-08-25 20:38:00+00:00,0.968015,6,13,25,0.049305555555555554,0.900952,-0.002931000000000017,1.8571428571428572,1,0.7439726015438839,0.7443822893469589,61,control,model-v1,0.7439726015438839,synthetic_demo
entity_0049,candidate,2026-08-25 20:39:00+00:00,0.781936,3,16,21,0.4048611111111111,0.578951,-0.001367000000000007,2.2857142857142856,1,0.5402350501376811,0.5404205151035572,37,control,model-v1,0.5402350501376811,synthetic_demo
entity_0053,candidate,2026-08-25 20:47:00+00:00,0.860662,4,12,25,0.1076388888888889,0.392836,0.06564400000000004,1.7142857142857142,1,0.5032849940179953,0.5003908881510718,85,control,model-v1,0.5032849940179953,synthetic_demo
entity_0120,candidate,2026-08-25 20:52:00+00:00,0.865654,8,20,48,0.034027777777777775,0.89865,-0.13434599999999997,2.857142857142857,1,0.6867536690135592,0.6923735017469047,77,control,model-v1,0.6867536690135592,synthetic_demo
entity_0038,candidate,2026-08-25 20:54:00+00:00,0.748743,2,7,21,0.16944444444444445,0.693873,0.016371000000000024,1.0,1,0.5436029511731292,0.5432152173241969,66,control,model-v1,0.5436029511731292,synthetic_demo
entity_0095,candidate,2026-08-25 20:54:00+00:00,0.860916,5,15,31,0.35694444444444445,0.975143,0.03677700000000006,2.142857142857143,1,0.7137943444428095,0.7122047243350239,60,control,model-v1,0.7137943444428095,synthetic_demo
entity_0140,candidate,2026-08-25 20:54:00+00:00,0.600055,3,13,18,0.5201388888888889,0.390089,-0.092202,1.8571428571428572,1,0.3649789581765247,0.3692461236676939,78,control,model-v1,0.3649789581765247,synthetic_demo
entity_0013,candidate,2026-08-25 20:56:00+00:00,1.0,2,21,35,0.7111111111111111,0.575491,0.118842,3.0,1,0.6520737251355693,0.6470416777688381,58,control,model-v1,0.6520737251355693,synthetic_demo
entity_0144,company,2026-08-25 21:04:00+00:00,0.357099,2,9,19,0.09027777777777778,0.774807,0.06116300000000002,1.2857142857142858,0,0.3567529594606944,0.3528974422856215,28,control,model-v1,0.3567529594606944,synthetic_demo
entity_0013,candidate,2026-08-25 21:06:00+00:00,1.0,3,22,36,0.006944444444444444,0.575491,0.0,3.142857142857143,1,0.6504940775211778,0.6510230841937381,58,control,model-v1,0.6504940775211778,synthetic_demo
entity_0160,company,2026-08-25 21:23:00+00:00,0.355083,0,1,10,6.986805555555556,0.746771,-0.051563000000000025,0.14285714285714285,0,0.38414382132665237,0.386253585939235,73,control,model-v1,0.38414382132665237,synthetic_demo
entity_0187,company,2026-08-25 21:23:00+00:00,0.664955,1,4,16,0.12152777777777778,0.979069,0.03229699999999991,0.5714285714285714,1,0.6000220657359754,0.598661304526727,6,permanent_holdout,non_ml_baseline,0.822012,synthetic_demo
entity_0174,company,2026-08-25 21:24:00+00:00,0.722611,1,9,16,0.11388888888888889,0.480944,0.029294000000000042,1.2857142857142858,0,0.4540636721310452,0.45304694818641666,88,control,model-v1,0.4540636721310452,synthetic_demo
entity_0039,candidate,2026-08-25 21:31:00+00:00,0.984566,3,18,34,0.28055555555555556,0.359386,-0.015433999999999948,2.5714285714285716,0,0.5606171097771129,0.5622329924491227,92,control,model-v1,0.5606171097771129,synthetic_demo
entity_0128,candidate,2026-08-25 21:33:00+00:00,0.45274,3,11,26,0.06527777777777778,0.693581,-0.14268799999999998,1.5714285714285714,1,0.3773907259586944,0.3836934043269272,99,control,model-v1,0.3773907259586944,synthetic_demo
entity_0094,candidate,2026-08-25 21:38:00+00:00,0.771541,2,18,29,0.69375,0.607268,-0.007360999999999951,2.5714285714285716,1,0.5381034771483573,0.5385655514946793,86,control,model-v1,0.5381034771483573,synthetic_demo
entity_0133,candidate,2026-08-25 21:38:00+00:00,0.323551,1,8,18,0.6770833333333334,0.958165,-0.04155500000000001,1.1428571428571428,0,0.40517219717178554,0.40626392602012584,10,challenger,model-v2,0.40626392602012584,synthetic_demo
entity_0175,company,2026-08-25 21:38:00+00:00,0.199046,0,6,13,1.9222222222222223,0.679942,-0.03984099999999999,0.8571428571428571,1,0.25674423161614646,0.25747495163055867,93,control,model-v1,0.25674423161614646,synthetic_demo
entity_0102,candidate,2026-08-25 21:42:00+00:00,0.572975,2,6,6,0.46111111111111114,0.662814,0.08127600000000001,0.8571428571428571,1,0.44879148234464933,0.44449835067170274,32,control,model-v1,0.44879148234464933,synthetic_demo
entity_0048,candidate,2026-08-25 21:43:00+00:00,0.389465,2,8,11,0.3527777777777778,0.930972,-0.080561,1.1428571428571428,1,0.4413199932855726,0.4445944916538904,7,permanent_holdout,non_ml_baseline,0.6602185,synthetic_demo
entity_0016,candidate,2026-08-25 21:44:00+00:00,0.948087,5,22,25,0.17083333333333334,0.704796,0.06661000000000006,3.142857142857143,1,0.6856452032426302,0.6827131029360318,86,control,model-v1,0.6856452032426302,synthetic_demo
entity_0065,candidate,2026-08-25 21:53:00+00:00,0.272863,1,1,15,0.28888888888888886,0.714939,-0.054974999999999996,0.14285714285714285,0,0.2846523749286094,0.2863890714066577,65,control,model-v1,0.2846523749286094,synthetic_demo
entity_0145,company,2026-08-25 21:59:00+00:00,0.715427,4,13,33,0.11944444444444445,0.712164,-0.016733999999999916,1.8571428571428572,1,0.5327579515421788,0.5334849593286176,18,challenger,model-v2,0.5334849593286176,synthetic_demo
entity_0190,company,2026-08-25 22:07:00+00:00,0.3543,0,7,10,2.966666666666667,0.908902,0.147702,1.0,1,0.42566054282330235,0.4172983714874155,93,control,model-v1,0.42566054282330235,synthetic_demo
entity_0178,company,2026-08-25 22:08:00+00:00,0.823275,4,19,36,0.1736111111111111,0.805549,-0.015782000000000074,2.7142857142857144,1,0.6354401798604409,0.6361032587206451,6,permanent_holdout,non_ml_baseline,0.8144119999999999,synthetic_demo
entity_0058,candidate,2026-08-25 22:11:00+00:00,0.669209,3,9,13,0.12638888888888888,0.410471,0.012510000000000021,1.2857142857142858,0,0.4065386905059012,0.40605079273221756,37,control,model-v1,0.4065386905059012,synthetic_demo
entity_0094,candidate,2026-08-25 22:11:00+00:00,0.840218,3,19,30,0.022916666666666665,0.607268,0.06867699999999999,2.7142857142857144,1,0.5759976586296055,0.5726216072781218,86,control,model-v1,0.5759976586296055,synthetic_demo
entity_0160,company,2026-08-25 22:12:00+00:00,0.479599,1,1,11,0.034027777777777775,0.746771,0.12451600000000002,0.14285714285714285,1,0.4061341842251291,0.39975169734859983,73,control,model-v1,0.4061341842251291,synthetic_demo
entity_0082,candidate,2026-08-25 22:13:00+00:00,0.912519,5,14,36,0.49375,0.353741,0.07207299999999994,2.0,1,0.5141819358138919,0.5109391767010847,41,control,model-v1,0.5141819358138919,synthetic_demo
entity_0080,candidate,2026-08-25 22:14:00+00:00,0.843547,2,20,35,0.4895833333333333,0.693391,0.11839,2.857142857142857,1,0.606027823969638,0.600238042980069,51,control,model-v1,0.606027823969638,synthetic_demo
entity_0095,candidate,2026-08-25 22:26:00+00:00,0.78391,5,16,32,0.06388888888888888,0.975143,-0.07700600000000002,2.2857142857142856,1,0.6745305375999895,0.6778096125629665,60,control,model-v1,0.6745305375999895,synthetic_demo
entity_0146,company,2026-08-25 22:29:00+00:00,0.714063,1,10,31,0.2923611111111111,0.812222,-0.030523999999999996,1.4285714285714286,1,0.5596952616805052,0.5615330564056685,96,control,model-v1,0.5596952616805052,synthetic_demo
entity_0146,company,2026-08-25 22:32:00+00:00,0.810514,2,11,32,0.0020833333333333333,0.812222,0.09645099999999995,1.5714285714285714,1,0.6152146942382373,0.6108077041499205,96,control,model-v1,0.6152146942382373,synthetic_demo
entity_0143,company,2026-08-25 22:33:00+00:00,0.717359,4,14,21,0.18888888888888888,0.636349,0.14185799999999993,2.0,0,0.5222170480994692,0.5146108876599834,12,challenger,model-v2,0.5146108876599834,synthetic_demo
entity_0097,candidate,2026-08-25 22:46:00+00:00,0.632804,2,11,21,0.15625,0.839958,0.018749000000000016,1.5714285714285714,1,0.5393356416893047,0.5381697688950816,70,control,model-v1,0.5393356416893047,synthetic_demo
entity_0133,candidate,2026-08-25 22:49:00+00:00,0.219249,2,9,19,0.049305555555555554,0.958165,-0.10430199999999998,1.2857142857142858,1,0.34725704284414594,0.3508318757698922,10,challenger,model-v2,0.3508318757698922,synthetic_demo
entity_0174,company,2026-08-25 23:04:00+00:00,0.821233,2,10,17,0.06944444444444445,0.480944,0.09862199999999999,1.4285714285714286,1,0.5143318071640586,0.5098376599678949,88,control,model-v1,0.5143318071640586,synthetic_demo
entity_0099,candidate,2026-08-25 23:11:00+00:00,0.15947,1,6,11,0.28194444444444444,0.659546,-0.045352,0.8571428571428571,1,0.22917249072501797,0.22990543347794717,31,control,model-v1,0.22917249072501797,synthetic_demo
entity_0020,candidate,2026-08-25 23:15:00+00:00,0.765538,4,11,39,0.18819444444444444,0.73303,0.059778,1.5714285714285714,1,0.5589723394693076,0.555965404059524,40,control,model-v1,0.5589723394693076,synthetic_demo
entity_0025,candidate,2026-08-25 23:27:00+00:00,0.72261,2,15,22,0.24305555555555555,0.572241,-0.009487000000000023,2.142857142857143,1,0.4962022719093286,0.49677790242172726,70,control,model-v1,0.4962022719093286,synthetic_demo
entity_0172,company,2026-08-25 23:34:00+00:00,0.33501,2,5,6,0.6243055555555556,0.729894,0.11216199999999998,0.7142857142857143,1,0.34099215319125215,0.33493619785816026,42,control,model-v1,0.34099215319125215,synthetic_demo
entity_0084,candidate,2026-08-25 23:44:00+00:00,0.769717,2,17,28,0.6569444444444444,0.886024,0.02422000000000002,2.4285714285714284,1,0.6389039096042695,0.6376964186037758,99,control,model-v1,0.6389039096042695,synthetic_demo
entity_0049,candidate,2026-08-25 23:53:00+00:00,0.828668,4,17,22,0.13472222222222222,0.578951,0.046731999999999996,2.4285714285714284,1,0.5684848120902082,0.5661874766706663,37,control,model-v1,0.5684848120902082,synthetic_demo
entity_0129,candidate,2026-08-25 23:53:00+00:00,0.470471,3,16,32,0.24375,0.551726,-0.14715600000000006,2.2857142857142856,1,0.3399402920990201,0.3460893745355458,52,control,model-v1,0.3399402920990201,synthetic_demo
entity_0075,candidate,2026-08-25 23:59:00+00:00,0.320594,2,3,12,0.8486111111111111,0.749604,0.082567,0.42857142857142855,0,0.3317459120449926,0.3271693121323691,77,control,model-v1,0.3317459120449926,synthetic_demo
entity_0089,candidate,2026-08-26 00:05:00+00:00,0.788011,0,17,28,1.5090277777777779,0.874239,-0.07808300000000001,2.4285714285714284,1,0.6451156562715541,0.6490932337194031,26,control,model-v1,0.6451156562715541,synthetic_demo
entity_0159,company,2026-08-26 00:10:00+00:00,0.629904,0,12,27,2.0194444444444444,0.729018,0.07798899999999998,1.7142857142857142,0,0.49781806362037784,0.4937254624109838,15,challenger,model-v2,0.4937254624109838,synthetic_demo
entity_0127,candidate,2026-08-26 00:15:00+00:00,0.405541,2,6,9,0.45416666666666666,0.773714,-0.02693000000000001,0.8571428571428571,0,0.39162511518120213,0.3923169232701317,2,permanent_holdout,non_ml_baseline,0.5896275,synthetic_demo
entity_0178,company,2026-08-26 00:17:00+00:00,0.828226,5,19,37,0.08958333333333333,0.805549,0.004951000000000039,2.7142857142857144,1,0.6389803884813334,0.6385485061493903,6,permanent_holdout,non_ml_baseline,0.8168875,synthetic_demo
entity_0191,company,2026-08-26 00:18:00+00:00,0.481099,0,1,5,5.418055555555555,0.873377,-0.03776799999999997,0.14285714285714285,0,0.4982754116675455,0.5001570954071053,49,control,model-v1,0.4982754116675455,synthetic_demo
entity_0200,company,2026-08-26 00:20:00+00:00,0.977636,0,20,42,1.1958333333333333,0.761143,0.10647799999999996,2.857142857142857,1,0.6919546959346087,0.687853986830303,62,control,model-v1,0.6919546959346087,synthetic_demo
entity_0016,candidate,2026-08-26 00:25:00+00:00,1.0,5,23,26,0.11180555555555556,0.704796,0.05191299999999999,3.2857142857142856,1,0.7111997592823246,0.7091509312513411,86,control,model-v1,0.7111997592823246,synthetic_demo
entity_0111,candidate,2026-08-26 00:25:00+00:00,0.899674,0,28,41,1.023611111111111,0.554652,0.09156699999999995,4.0,1,0.5919176151295237,0.587535417525459,29,control,model-v1,0.5919176151295237,synthetic_demo
entity_0025,candidate,2026-08-26 00:28:00+00:00,0.717377,3,16,23,0.04236111111111111,0.572241,-0.005232999999999932,2.2857142857142856,0,0.49510965092611386,0.49528966804965113,70,control,model-v1,0.49510965092611386,synthetic_demo
entity_0106,candidate,2026-08-26 00:28:00+00:00,0.742025,0,11,33,1.195138888888889,0.633777,-0.02674999999999994,1.5714285714285714,1,0.5112807003073859,0.5131886445667547,17,challenger,model-v2,0.5131886445667547,synthetic_demo
entity_0076,candidate,2026-08-26 00:48:00+00:00,0.892602,4,32,65,0.48125,0.965334,0.059402999999999984,4.571428571428571,1,0.7154749707444322,0.7124510621995148,44,control,model-v1,0.7154749707444322,synthetic_demo
entity_0077,candidate,2026-08-26 00:54:00+00:00,0.786555,0,12,30,1.4618055555555556,0.894463,-0.02616200000000002,1.7142857142857142,0,0.6403321392072578,0.6420236789719879,33,control,model-v1,0.6403321392072578,synthetic_demo
entity_0057,candidate,2026-08-26 01:00:00+00:00,0.831709,4,15,32,0.19791666666666666,0.44916,-0.059257000000000004,2.142857142857143,1,0.5054922285529498,0.5089024206905726,18,challenger,model-v2,0.5089024206905726,synthetic_demo
entity_0094,candidate,2026-08-26 01:02:00+00:00,0.865119,4,20,31,0.11875,0.607268,0.02490099999999995,2.857142857142857,0,0.5940476508071706,0.592868480024834,86,control,model-v1,0.5940476508071706,synthetic_demo
entity_0165,company,2026-08-26 01:13:00+00:00,0.534081,0,5,18,4.204166666666667,0.593834,0.18789900000000004,0.7142857142857143,0,0.4058716222258828,0.39642122090601056,74,control,model-v1,0.4058716222258828,synthetic_demo
entity_0164,company,2026-08-26 01:15:00+00:00,0.803975,5,14,34,0.48125,0.975363,-0.09025099999999997,2.0,0,0.6820515854668631,0.6860246131318879,47,control,model-v1,0.6820515854668631,synthetic_demo
entity_0085,candidate,2026-08-26 01:21:00+00:00,0.787608,0,16,28,2.1256944444444446,0.606124,-0.09593600000000002,2.2857142857142856,0,0.5493264062189598,0.5547427047072404,70,control,model-v1,0.5493264062189598,synthetic_demo
entity_0060,candidate,2026-08-26 01:33:00+00:00,0.880256,3,10,19,0.33611111111111114,0.782671,0.006696000000000035,1.4285714285714286,0,0.6602458098156146,0.6604830403778337,1,permanent_holdout,non_ml_baseline,0.8314635,synthetic_demo
entity_0080,candidate,2026-08-26 01:46:00+00:00,0.77167,3,20,36,0.14722222222222223,0.693391,-0.07187700000000008,2.857142857142857,1,0.5645902352865935,0.5681451749312023,51,control,model-v1,0.5645902352865935,synthetic_demo
entity_0164,company,2026-08-26 01:51:00+00:00,0.864798,5,14,35,0.025,0.975363,0.06082299999999996,2.0,1,0.7081191334282624,0.70551310033685,47,control,model-v1,0.7081191334282624,synthetic_demo
entity_0177,company,2026-08-26 01:56:00+00:00,0.619423,2,7,29,0.3375,0.854062,-0.11477000000000004,1.0,0,0.5210116944471367,0.5269824156615757,4,permanent_holdout,non_ml_baseline,0.7367425,synthetic_demo
entity_0136,candidate,2026-08-26 02:02:00+00:00,0.479739,0,0,8,11.452777777777778,0.635972,0.005721000000000032,0.0,1,0.4456918216438262,0.44537394893972104,49,control,model-v1,0.4456918216438262,synthetic_demo
entity_0125,candidate,2026-08-26 02:10:00+00:00,0.854742,0,11,37,2.6868055555555554,0.946845,-0.05573899999999998,1.5714285714285714,1,0.6919030922173419,0.6949867104937855,23,control,model-v1,0.6919030922173419,synthetic_demo
entity_0191,company,2026-08-26 02:22:00+00:00,0.385738,1,2,6,0.08611111111111111,0.873377,-0.09536099999999997,0.2857142857142857,1,0.4082817958928935,0.4126449968917433,49,control,model-v1,0.4082817958928935,synthetic_demo
entity_0194,company,2026-08-26 02:24:00+00:00,0.755336,0,9,28,2.373611111111111,0.937393,0.030842999999999954,1.2857142857142858,1,0.6420367669903335,0.6409650904075043,58,control,model-v1,0.6420367669903335,synthetic_demo
entity_0076,candidate,2026-08-26 02:32:00+00:00,0.895595,4,33,66,0.07222222222222222,0.965334,0.0029930000000000234,4.714285714285714,1,0.7149489373929102,0.7143264216337899,44,control,model-v1,0.7149489373929102,synthetic_demo
entity_0149,company,2026-08-26 02:32:00+00:00,0.558155,0,4,15,2.3965277777777776,0.958251,-0.16919300000000004,0.5714285714285714,1,0.5463403500313125,0.5551653758008449,3,permanent_holdout,non_ml_baseline,0.758203,synthetic_demo
entity_0167,company,2026-08-26 02:36:00+00:00,0.896457,0,13,31,2.7305555555555556,0.387923,0.056890999999999914,1.8571428571428572,1,0.5245764696376376,0.5226294535983823,70,control,model-v1,0.5245764696376376,synthetic_demo
entity_0089,candidate,2026-08-26 02:37:00+00:00,0.845601,1,17,29,0.10555555555555556,0.874239,0.05759000000000003,2.4285714285714284,1,0.6674459759633757,0.6650600230125714,26,control,model-v1,0.6674459759633757,synthetic_demo
entity_0008,candidate,2026-08-26 02:47:00+00:00,0.841014,0,13,21,2.140277777777778,0.621484,-0.03242299999999998,1.8571428571428572,0,0.5886752616753546,0.5910407596840651,55,control,model-v1,0.5886752616753546,synthetic_demo
entity_0078,candidate,2026-08-26 02:57:00+00:00,0.348391,0,6,16,2.0590277777777777,0.64438,-0.05205599999999999,0.8571428571428571,1,0.31410371562228484,0.3159356986467036,0,permanent_holdout,non_ml_baseline,0.4963855,synthetic_demo
entity_0033,candidate,2026-08-26 02:58:00+00:00,0.740218,3,16,35,0.6666666666666666,0.760571,-0.030965999999999938,2.2857142857142856,1,0.5695094690380105,0.5709805117669788,20,control,model-v1,0.5695094690380105,synthetic_demo
entity_0062,candidate,2026-08-26 03:04:00+00:00,0.218752,0,5,8,2.4715277777777778,0.600626,0.031827999999999995,0.7142857142857143,1,0.2488467074224786,0.2468577048373601,8,permanent_holdout,non_ml_baseline,0.40968899999999997,synthetic_demo
entity_0016,candidate,2026-08-26 03:12:00+00:00,0.919107,6,24,27,0.11597222222222223,0.704796,-0.08089299999999999,3.4285714285714284,1,0.6741429447793714,0.6777099330607972,86,control,model-v1,0.6741429447793714,synthetic_demo
entity_0172,company,2026-08-26 03:21:00+00:00,0.14127,2,6,7,0.15763888888888888,0.729894,-0.19373999999999997,0.8571428571428571,0,0.24593056047337888,0.2523947560769947,42,control,model-v1,0.24593056047337888,synthetic_demo
entity_0083,candidate,2026-08-26 03:25:00+00:00,0.582283,0,10,20,2.5215277777777776,0.418995,-0.05564000000000002,1.4285714285714286,1,0.3639667184961766,0.3667801132546999,80,control,model-v1,0.3639667184961766,synthetic_demo
entity_0083,candidate,2026-08-26 03:27:00+00:00,0.684402,1,11,21,0.001388888888888889,0.418995,0.10211899999999996,1.5714285714285714,0,0.40589237945403267,0.40103432703363345,80,control,model-v1,0.40589237945403267,synthetic_demo
entity_0169,company,2026-08-26 03:32:00+00:00,0.868042,0,11,28,1.2472222222222222,0.705053,-0.04783800000000005,1.5714285714285714,0,0.6161458307342449,0.619363866480477,57,control,model-v1,0.6161458307342449,synthetic_demo
entity_0169,company,2026-08-26 03:34:00+00:00,0.941006,1,12,29,0.001388888888888889,0.705053,0.07296400000000003,1.7142857142857142,1,0.6502178471454797,0.6476263540753898,57,control,model-v1,0.6502178471454797,synthetic_demo
entity_0071,candidate,2026-08-26 03:40:00+00:00,0.862314,0,21,41,2.222916666666667,0.794835,-0.08844399999999997,3.0,1,0.6536491351271321,0.6581615398692106,19,challenger,model-v2,0.6581615398692106,synthetic_demo
entity_0008,candidate,2026-08-26 03:49:00+00:00,0.901134,1,14,22,0.043055555555555555,0.621484,0.06011999999999995,2.0,1,0.6107517457981737,0.6085142455876564,55,control,model-v1,0.6107517457981737,synthetic_demo
entity_0194,company,2026-08-26 04:02:00+00:00,0.825868,1,10,29,0.06805555555555555,0.937393,0.07053200000000004,1.4285714285714286,1,0.6669218963659561,0.664126289132017,58,control,model-v1,0.6669218963659561,synthetic_demo
entity_0073,candidate,2026-08-26 04:10:00+00:00,0.880406,6,28,39,0.4201388888888889,0.682864,0.05404500000000001,4.0,1,0.6416462118162012,0.6385672949070555,11,challenger,model-v2,0.6385672949070555,synthetic_demo
entity_0095,candidate,2026-08-26 04:12:00+00:00,0.89223,6,16,31,0.24027777777777778,0.975143,0.10831999999999997,2.2857142857142856,1,0.7314294917480234,0.7268819489335485,60,control,model-v1,0.7314294917480234,synthetic_demo
entity_0102,candidate,2026-08-26 04:16:00+00:00,0.575533,3,7,7,0.27361111111111114,0.662814,0.002557999999999949,1.0,1,0.4522882054602927,0.4519467041803254,32,control,model-v1,0.4522882054602927,synthetic_demo
entity_0111,candidate,2026-08-26 04:21:00+00:00,0.93586,1,26,42,0.1638888888888889,0.554652,0.03618600000000005,3.7142857142857144,1,0.6040297960555036,0.6025975948430846,29,control,model-v1,0.6040297960555036,synthetic_demo
entity_0178,company,2026-08-26 04:22:00+00:00,0.797926,5,19,38,0.1701388888888889,0.805549,-0.030299999999999994,2.7142857142857144,1,0.6219678820746931,0.6231744710423005,6,permanent_holdout,non_ml_baseline,0.8017375,synthetic_demo
entity_0164,company,2026-08-26 04:23:00+00:00,0.799427,4,15,36,0.10555555555555556,0.975363,-0.06537099999999996,2.142857142857143,1,0.6743419993192707,0.6772689019442678,47,control,model-v1,0.6743419993192707,synthetic_demo
entity_0033,candidate,2026-08-26 04:26:00+00:00,0.786234,4,17,36,0.06111111111111111,0.760571,0.046015999999999946,2.4285714285714284,1,0.5945346118379873,0.5920793702471262,20,control,model-v1,0.5945346118379873,synthetic_demo
entity_0167,company,2026-08-26 04:30:00+00:00,0.945503,1,14,32,0.07916666666666666,0.387923,0.049046000000000034,2.0,1,0.537030337048234,0.53554616521751,70,control,model-v1,0.537030337048234,synthetic_demo
entity_0175,company,2026-08-26 04:31:00+00:00,0.117605,1,6,14,0.28680555555555554,0.679942,-0.081441,0.8571428571428571,0,0.21519328712881275,0.21707900758258217,93,control,model-v1,0.21519328712881275,synthetic_demo
entity_0069,candidate,2026-08-26 04:34:00+00:00,0.637259,0,9,18,1.2326388888888888,0.962872,0.16916400000000004,1.2857142857142858,1,0.5902169727827469,0.5816353343201179,43,control,model-v1,0.5902169727827469,synthetic_demo
entity_0020,candidate,2026-08-26 04:35:00+00:00,0.71994,5,12,40,0.2222222222222222,0.73303,-0.04559800000000003,1.7142857142857142,0,0.5363538468147578,0.5385292678611812,40,control,model-v1,0.5363538468147578,synthetic_demo
entity_0076,candidate,2026-08-26 04:40:00+00:00,0.940682,5,33,66,0.08888888888888889,0.965334,0.04508699999999999,4.714285714285714,1,0.7380893356781455,0.7358121960938714,44,control,model-v1,0.7380893356781455,synthetic_demo
entity_0167,company,2026-08-26 04:47:00+00:00,0.80298,2,15,33,0.011805555555555555,0.387923,-0.14252299999999996,2.142857142857143,1,0.45730662500817987,0.46521152131318527,70,control,model-v1,0.45730662500817987,synthetic_demo
entity_0087,candidate,2026-08-26 04:50:00+00:00,0.79149,3,19,40,0.7361111111111112,0.743717,-0.04749300000000001,2.7142857142857144,1,0.5921177808566034,0.5944468537396121,52,control,model-v1,0.5921177808566034,synthetic_demo
entity_0034,candidate,2026-08-26 04:52:00+00:00,0.292564,0,1,6,3.186111111111111,0.70669,0.08290499999999998,0.14285714285714285,0,0.31647818578837467,0.31217841509482575,41,control,model-v1,0.31647818578837467,synthetic_demo
entity_0016,candidate,2026-08-26 04:59:00+00:00,0.877842,7,25,28,0.07430555555555556,0.704796,-0.041264999999999996,3.5714285714285716,1,0.655548225990809,0.657072267450782,86,control,model-v1,0.655548225990809,synthetic_demo
entity_0025,candidate,2026-08-26 05:05:00+00:00,0.754311,4,16,24,0.19236111111111112,0.572241,0.03693399999999991,2.2857142857142856,0,0.5192277969012229,0.5172036113881403,70,control,model-v1,0.5192277969012229,synthetic_demo
entity_0125,candidate,2026-08-26 05:05:00+00:00,0.98504,1,12,37,0.12152777777777778,0.946845,0.13029800000000002,1.7142857142857142,1,0.7418080338844958,0.7373045537486018,23,control,model-v1,0.7418080338844958,synthetic_demo
entity_0132,candidate,2026-08-26 05:07:00+00:00,0.68218,0,5,27,1.6090277777777777,0.805617,0.026839000000000057,0.7142857142857143,1,0.5413794300022385,0.5404510815654715,23,control,model-v1,0.5413794300022385,synthetic_demo
entity_0193,company,2026-08-26 05:16:00+00:00,0.422822,2,5,18,0.6597222222222222,0.880355,0.15764899999999998,0.7142857142857143,0,0.42959082691903105,0.42084513006821656,51,control,model-v1,0.42959082691903105,synthetic_demo
entity_0098,candidate,2026-08-26 05:20:00+00:00,0.894914,0,15,29,1.39375,0.882429,0.12088900000000002,2.142857142857143,0,0.697512936317597,0.692709244735831,57,control,model-v1,0.697512936317597,synthetic_demo
entity_0194,company,2026-08-26 05:23:00+00:00,0.853796,2,11,30,0.05625,0.937393,0.027927999999999953,1.5714285714285714,1,0.6840696582931022,0.6832398857650439,58,control,model-v1,0.6840696582931022,synthetic_demo
entity_0071,candidate,2026-08-26 05:26:00+00:00,0.86164,1,21,42,0.07361111111111111,0.794835,-0.0006740000000000634,3.0,1,0.640344520321937,0.6406169948386891,19,challenger,model-v2,0.6406169948386891,synthetic_demo
entity_0049,candidate,2026-08-26 05:30:00+00:00,0.700418,4,18,23,0.23402777777777778,0.578951,-0.12824999999999998,2.5714285714285716,0,0.4957294149828382,0.5021176739458183,37,control,model-v1,0.4957294149828382,synthetic_demo
entity_0176,company,2026-08-26 05:30:00+00:00,0.29446,2,3,8,0.9402777777777778,0.501088,0.064141,0.42857142857142855,1,0.24638346517004955,0.2433035174267441,33,control,model-v1,0.24638346517004955,synthetic_demo
entity_0072,candidate,2026-08-26 05:35:00+00:00,0.515649,2,9,23,0.8486111111111111,0.720287,-0.02600199999999997,1.2857142857142858,1,0.4251084311678376,0.42602113284290866,16,challenger,model-v2,0.42602113284290866,synthetic_demo
entity_0010,candidate,2026-08-26 05:41:00+00:00,0.537995,0,16,24,3.8895833333333334,0.826775,-0.15346300000000002,2.2857142857142856,0,0.5065492539216844,0.5140601924931937,50,control,model-v1,0.5065492539216844,synthetic_demo
entity_0068,candidate,2026-08-26 05:50:00+00:00,0.440549,0,13,16,1.2805555555555554,0.497299,-0.008896999999999988,1.8571428571428572,1,0.3181349411269622,0.31807320854781274,3,permanent_holdout,non_ml_baseline,0.468924,synthetic_demo
entity_0020,candidate,2026-08-26 05:55:00+00:00,0.733405,6,13,40,0.05555555555555555,0.73303,0.01346499999999995,1.8571428571428572,1,0.5475366125075417,0.5465157600178885,40,control,model-v1,0.5475366125075417,synthetic_demo
entity_0073,candidate,2026-08-26 05:56:00+00:00,0.850765,7,29,39,0.07361111111111111,0.682864,-0.02964100000000003,4.142857142857143,1,0.6276390803586159,0.6283972403736643,11,challenger,model-v2,0.6283972403736643,synthetic_demo
entity_0173,company,2026-08-26 06:00:00+00:00,0.572552,0,7,22,5.283333333333333,0.738647,0.0025159999999999627,1.0,1,0.4890179164056118,0.4888847165690051,59,control,model-v1,0.4890179164056118,synthetic_demo
entity_0099,candidate,2026-08-26 06:06:00+00:00,0.207999,2,7,12,0.2881944444444444,0.659546,0.04852899999999999,1.0,1,0.2523093283296409,0.24937933572135842,31,control,model-v1,0.2523093283296409,synthetic_demo
entity_0016,candidate,2026-08-26 06:11:00+00:00,1.0,8,25,29,0.05,0.704796,0.12215799999999999,3.5714285714285716,1,0.7176872880884645,0.7123002409013838,86,control,model-v1,0.7176872880884645,synthetic_demo
entity_0165,company,2026-08-26 06:22:00+00:00,0.346964,1,6,19,0.21458333333333332,0.593834,-0.18711700000000003,0.8571428571428571,0,0.2851229694776936,0.2926573974597433,74,control,model-v1,0.2851229694776936,synthetic_demo
entity_0173,company,2026-08-26 06:26:00+00:00,0.468337,1,7,23,0.018055555555555554,0.738647,-0.10421499999999995,1.0,1,0.3931377665470723,0.3980102134369862,59,control,model-v1,0.3931377665470723,synthetic_demo
entity_0094,candidate,2026-08-26 06:31:00+00:00,0.860941,3,21,32,0.22847222222222222,0.607268,-0.004178000000000015,3.0,1,0.590356375139948,0.5907016875797413,86,control,model-v1,0.590356375139948,synthetic_demo
entity_0098,candidate,2026-08-26 06:31:00+00:00,0.781845,1,16,30,0.049305555555555554,0.882429,-0.11306899999999998,2.2857142857142856,1,0.6334283374377242,0.639100212188134,57,control,model-v1,0.6334283374377242,synthetic_demo
entity_0111,candidate,2026-08-26 06:42:00+00:00,0.933177,2,27,43,0.09791666666666667,0.554652,-0.002682999999999991,3.857142857142857,0,0.6053451961594993,0.6057129527042685,29,control,model-v1,0.6053451961594993,synthetic_demo
entity_0071,candidate,2026-08-26 06:44:00+00:00,0.90309,2,22,43,0.05416666666666667,0.794835,0.04144999999999999,3.142857142857143,1,0.6651452878211508,0.6634169322961898,19,challenger,model-v2,0.6634169322961898,synthetic_demo
entity_0085,candidate,2026-08-26 06:44:00+00:00,0.814306,1,17,28,0.22430555555555556,0.606124,0.026698,2.4285714285714284,1,0.5555061291674115,0.5544993587494914,70,control,model-v1,0.5555061291674115,synthetic_demo
entity_0166,company,2026-08-26 06:48:00+00:00,0.938519,0,19,37,1.7083333333333333,0.627337,-0.06148100000000001,2.7142857142857144,1,0.6333110423742868,0.6370446900064819,73,control,model-v1,0.6333110423742868,synthetic_demo
entity_0082,candidate,2026-08-26 06:49:00+00:00,0.895519,3,13,37,0.35833333333333334,0.353741,-0.017000000000000015,1.8571428571428572,1,0.4946090304216249,0.496263901781273,41,control,model-v1,0.4946090304216249,synthetic_demo
entity_0085,candidate,2026-08-26 06:50:00+00:00,0.829601,2,18,29,0.004166666666666667,0.606124,0.015295000000000059,2.5714285714285716,1,0.5660414965560499,0.5655297320819751,70,control,model-v1,0.5660414965560499,synthetic_demo
entity_0087,candidate,2026-08-26 06:54:00+00:00,0.72819,4,20,41,0.08611111111111111,0.743717,-0.06330000000000002,2.857142857142857,1,0.5548343864146842,0.5576808160511162,52,control,model-v1,0.5548343864146842,synthetic_demo
entity_0060,candidate,2026-08-26 07:10:00+00:00,0.749812,4,11,20,0.23402777777777778,0.782671,-0.130444,1.5714285714285714,1,0.5919097553838557,0.5985455967383277,1,permanent_holdout,non_ml_baseline,0.7662415,synthetic_demo
entity_0179,company,2026-08-26 07:10:00+00:00,0.251968,0,6,10,1.9118055555555555,0.721651,-0.01826099999999997,0.8571428571428571,1,0.29698925945841675,0.2969705262229012,80,control,model-v1,0.29698925945841675,synthetic_demo
entity_0111,candidate,2026-08-26 07:11:00+00:00,0.880153,3,28,44,0.02013888888888889,0.554652,-0.05302400000000007,4.0,0,0.5783323520922468,0.5809631932955351,29,control,model-v1,0.5783323520922468,synthetic_demo
entity_0167,company,2026-08-26 07:15:00+00:00,0.783643,3,16,34,0.10277777777777777,0.387923,-0.01933700000000005,2.2857142857142856,1,0.45021528566846114,0.45144840148694754,70,control,model-v1,0.45021528566846114,synthetic_demo
entity_0013,candidate,2026-08-26 07:16:00+00:00,0.996973,2,19,37,0.4236111111111111,0.575491,-0.003027000000000002,2.7142857142857144,0,0.6429006577146539,0.6437951191116303,58,control,model-v1,0.6429006577146539,synthetic_demo
entity_0175,company,2026-08-26 07:16:00+00:00,0.146106,2,7,15,0.11458333333333333,0.679942,0.028501000000000012,1.0,1,0.2281079115851373,0.2259584036481831,93,control,model-v1,0.2281079115851373,synthetic_demo
entity_0159,company,2026-08-26 07:33:00+00:00,0.500717,1,13,28,0.3076388888888889,0.729018,-0.12918700000000005,1.8571428571428572,0,0.414478102886814,0.4205497151231711,15,challenger,model-v2,0.4205497151231711,synthetic_demo
entity_0049,candidate,2026-08-26 07:46:00+00:00,0.767028,4,19,24,0.09444444444444444,0.578951,0.06661000000000006,2.7142857142857144,1,0.5339724469213061,0.5303005054829325,37,control,model-v1,0.5339724469213061,synthetic_demo
entity_0172,company,2026-08-26 07:47:00+00:00,0.326769,3,7,8,0.18472222222222223,0.729894,0.18549899999999997,1.0,1,0.33742414629196193,0.32778903214525407,42,control,model-v1,0.33742414629196193,synthetic_demo
entity_0077,candidate,2026-08-26 07:52:00+00:00,0.698954,1,13,28,0.2902777777777778,0.894463,-0.08760100000000004,1.8571428571428572,1,0.5908369555357964,0.5953112950295767,33,control,model-v1,0.5908369555357964,synthetic_demo
entity_0147,company,2026-08-26 07:53:00+00:00,0.834175,0,5,14,5.620833333333334,0.418903,-0.012151000000000023,0.7142857142857143,1,0.5276495449525703,0.5294302276114071,44,control,model-v1,0.5276495449525703,synthetic_demo
entity_0118,candidate,2026-08-26 07:54:00+00:00,0.403213,0,3,8,3.4583333333333335,0.833613,-0.07353100000000001,0.42857142857142855,1,0.4240569356247589,0.4274369382613818,75,control,model-v1,0.4240569356247589,synthetic_demo
entity_0196,company,2026-08-26 07:55:00+00:00,0.418112,0,6,14,3.479861111111111,0.970514,-0.0006400000000000294,0.8571428571428571,1,0.48265893245796804,0.48211582000171027,83,control,model-v1,0.48265893245796804,synthetic_demo
entity_0071,candidate,2026-08-26 07:58:00+00:00,0.84869,3,22,44,0.05138888888888889,0.794835,-0.05439999999999989,3.142857142857143,1,0.6378505165496614,0.6404456579672697,19,challenger,model-v2,0.6404456579672697,synthetic_demo
entity_0089,candidate,2026-08-26 08:03:00+00:00,0.747312,2,16,30,0.2263888888888889,0.874239,-0.09828900000000007,2.2857142857142856,1,0.6155245360605824,0.6203630495205157,26,control,model-v1,0.6155245360605824,synthetic_demo
entity_0068,candidate,2026-08-26 08:12:00+00:00,0.512419,1,13,17,0.09861111111111111,0.497299,0.07186999999999993,1.8571428571428572,0,0.3489504294784525,0.3451680112316683,3,permanent_holdout,non_ml_baseline,0.504859,synthetic_demo
entity_0049,candidate,2026-08-26 08:13:00+00:00,0.819063,5,20,25,0.01875,0.578951,0.05203499999999994,2.857142857142857,1,0.5667257545503293,0.5638757684050338,37,control,model-v1,0.5667257545503293,synthetic_demo
entity_0003,candidate,2026-08-26 08:19:00+00:00,0.771712,0,8,12,1.4430555555555555,0.649045,-0.027491000000000043,1.1428571428571428,1,0.5564350097454689,0.5585834145682571,47,control,model-v1,0.5564350097454689,synthetic_demo
entity_0132,candidate,2026-08-26 08:19:00+00:00,0.842889,1,6,27,0.13333333333333333,0.805617,0.160709,0.8571428571428571,1,0.6259444861075898,0.6188256230909687,23,control,model-v1,0.6259444861075898,synthetic_demo
entity_0200,company,2026-08-26 08:30:00+00:00,0.974467,1,21,43,0.3402777777777778,0.761143,-0.0031689999999999774,3.0,0,0.6879424591855461,0.6886494635161389,62,control,model-v1,0.6879424591855461,synthetic_demo
entity_0125,candidate,2026-08-26 08:42:00+00:00,0.999645,2,13,38,0.15069444444444444,0.946845,0.014604999999999979,1.8571428571428572,1,0.7509828924751246,0.7510850663023201,23,control,model-v1,0.7509828924751246,synthetic_demo
entity_0110,candidate,2026-08-26 08:52:00+00:00,0.579553,0,6,9,3.38125,0.976177,0.020437999999999956,0.8571428571428571,1,0.583323823024514,0.5822464646041743,43,control,model-v1,0.583323823024514,synthetic_demo
entity_0095,candidate,2026-08-26 08:57:00+00:00,0.790239,5,17,31,0.19791666666666666,0.975143,-0.10199099999999994,2.4285714285714284,1,0.6812999158802893,0.68565450370004,60,control,model-v1,0.6812999158802893,synthetic_demo
entity_0102,candidate,2026-08-26 08:57:00+00:00,0.636574,4,8,8,0.1951388888888889,0.662814,0.06104100000000001,1.1428571428571428,1,0.4904581045726273,0.487087923109433,32,control,model-v1,0.4904581045726273,synthetic_demo
entity_0069,candidate,2026-08-26 08:59:00+00:00,0.488015,1,10,19,0.1840277777777778,0.962872,-0.14924400000000004,1.4285714285714286,1,0.5002282398897769,0.5074967760419005,43,control,model-v1,0.5002282398897769,synthetic_demo
entity_0197,company,2026-08-26 09:01:00+00:00,0.821465,1,10,25,0.8854166666666666,0.825549,-0.03779699999999997,1.4285714285714286,1,0.6357738315884185,0.6381756883244967,15,challenger,model-v2,0.6381756883244967,synthetic_demo
entity_0094,candidate,2026-08-26 09:07:00+00:00,0.796223,4,22,33,0.10833333333333334,0.607268,-0.06471799999999994,3.142857142857143,1,0.5560534222557252,0.5591805990598511,86,control,model-v1,0.5560534222557252,synthetic_demo
entity_0010,candidate,2026-08-26 09:10:00+00:00,0.660819,1,16,25,0.1451388888888889,0.826775,0.12282400000000004,2.2857142857142856,0,0.5518810151449772,0.5452735291945023,50,control,model-v1,0.5518810151449772,synthetic_demo
entity_0110,candidate,2026-08-26 09:11:00+00:00,0.636726,1,7,10,0.013194444444444444,0.976177,0.05717300000000003,1.0,1,0.594919005184066,0.5920650250415308,43,control,model-v1,0.594919005184066,synthetic_demo
entity_0077,candidate,2026-08-26 09:13:00+00:00,0.706027,2,14,29,0.05625,0.894463,0.007072999999999996,2.0,1,0.5964471867092196,0.5959869985147027,33,control,model-v1,0.5964471867092196,synthetic_demo
entity_0010,candidate,2026-08-26 09:17:00+00:00,0.559122,2,17,26,0.004861111111111111,0.826775,-0.10169700000000004,2.4285714285714284,1,0.4953628108413797,0.500010781876138,50,control,model-v1,0.4953628108413797,synthetic_demo
entity_0090,candidate,2026-08-26 09:21:00+00:00,0.886847,0,10,22,1.4041666666666666,0.460823,0.07360700000000009,1.4285714285714286,1,0.5426360354962259,0.5399096329495302,33,control,model-v1,0.5426360354962259,synthetic_demo
entity_0125,candidate,2026-08-26 09:21:00+00:00,0.930784,3,14,39,0.027083333333333334,0.946845,-0.06886100000000006,2.0,1,0.7218889573563679,0.7252026776739,23,control,model-v1,0.7218889573563679,synthetic_demo
entity_0136,candidate,2026-08-26 09:24:00+00:00,0.588789,1,1,8,0.30694444444444446,0.635972,0.10904999999999998,0.14285714285714285,0,0.4322993450895965,0.42701390525643557,49,control,model-v1,0.4322993450895965,synthetic_demo
entity_0071,candidate,2026-08-26 09:34:00+00:00,0.8996,4,23,45,0.06666666666666667,0.794835,0.0509099999999999,3.2857142857142856,0,0.6678555425871109,0.6654424535663197,19,challenger,model-v2,0.6654424535663197,synthetic_demo
entity_0020,candidate,2026-08-26 09:37:00+00:00,0.752639,7,14,41,0.15416666666666667,0.73303,0.019233999999999973,2.0,1,0.5626663822638066,0.5612616720965126,40,control,model-v1,0.5626663822638066,synthetic_demo
entity_0053,candidate,2026-08-26 09:48:00+00:00,0.851668,2,12,26,0.5423611111111111,0.392836,-0.008994000000000058,1.7142857142857142,1,0.49438699902959754,0.49560554229510634,85,control,model-v1,0.49438699902959754,synthetic_demo
entity_0147,company,2026-08-26 09:48:00+00:00,0.853212,1,6,15,0.0798611111111111,0.418903,0.01903699999999997,0.8571428571428571,0,0.5015803654179262,0.501710322058709,44,control,model-v1,0.5015803654179262,synthetic_demo
entity_0086,candidate,2026-08-26 09:49:00+00:00,0.729286,0,18,36,1.7090277777777778,0.390953,-0.014036999999999966,2.5714285714285716,1,0.42475700241102077,0.4257309462566427,47,control,model-v1,0.42475700241102077,synthetic_demo
entity_0095,candidate,2026-08-26 09:49:00+00:00,0.811619,6,18,32,0.03611111111111111,0.975143,0.021379999999999955,2.5714285714285716,0,0.6938923549093253,0.6925792617205289,60,control,model-v1,0.6938923549093253,synthetic_demo
entity_0183,company,2026-08-26 09:52:00+00:00,0.678812,0,5,15,3.463888888888889,0.936954,-0.10243900000000006,0.7142857142857143,1,0.6159755915521103,0.621413251652518,9,permanent_holdout,non_ml_baseline,0.8078829999999999,synthetic_demo
entity_0082,candidate,2026-08-26 09:54:00+00:00,0.857999,3,12,36,0.1284722222222222,0.353741,-0.03752,1.7142857142857142,0,0.4705461527844692,0.47319536385405436,41,control,model-v1,0.4705461527844692,synthetic_demo
entity_0149,company,2026-08-26 09:57:00+00:00,0.674438,1,5,14,0.3090277777777778,0.958251,0.11628300000000003,0.7142857142857143,1,0.6031557629707811,0.5975482952719315,3,permanent_holdout,non_ml_baseline,0.8163445,synthetic_demo
entity_0015,candidate,2026-08-26 10:02:00+00:00,0.665781,3,14,20,0.6368055555555555,0.43755,0.04417599999999999,2.0,0,0.4188066672982841,0.4164348115269985,31,control,model-v1,0.4188066672982841,synthetic_demo
entity_0094,candidate,2026-08-26 10:04:00+00:00,0.710339,5,23,34,0.03958333333333333,0.607268,-0.08588399999999996,3.2857142857142856,1,0.5092960104630122,0.5131306522828761,86,control,model-v1,0.5092960104630122,synthetic_demo
entity_0086,candidate,2026-08-26 10:05:00+00:00,0.67966,1,19,37,0.011111111111111112,0.390953,-0.04962599999999995,2.7142857142857144,0,0.3882458592165298,0.3906886356135106,47,control,model-v1,0.3882458592165298,synthetic_demo
entity_0197,company,2026-08-26 10:10:00+00:00,0.791935,2,11,26,0.04791666666666667,0.825549,-0.029530000000000056,1.5714285714285714,1,0.6171731854317771,0.6189827678105669,15,challenger,model-v2,0.6189827678105669,synthetic_demo
entity_0009,candidate,2026-08-26 10:14:00+00:00,0.916197,0,10,38,2.6631944444444446,0.504183,0.14016400000000007,1.4285714285714286,0,0.5653431264795292,0.5592483730816801,49,control,model-v1,0.5653431264795292,synthetic_demo
entity_0098,candidate,2026-08-26 10:29:00+00:00,0.9212,2,17,31,0.16527777777777777,0.882429,0.139355,2.4285714285714284,1,0.7084648730222454,0.7027768081141119,57,control,model-v1,0.7084648730222454,synthetic_demo
entity_0166,company,2026-08-26 10:29:00+00:00,1.0,1,18,38,0.15347222222222223,0.627337,0.06148100000000001,2.5714285714285716,0,0.6553571132917645,0.6532959019054586,73,control,model-v1,0.6553571132917645,synthetic_demo
entity_0166,company,2026-08-26 10:31:00+00:00,0.931778,2,19,39,0.001388888888888889,0.627337,-0.068222,2.7142857142857144,0,0.6208864334021301,0.6247981953872804,73,control,model-v1,0.6208864334021301,synthetic_demo
entity_0167,company,2026-08-26 10:33:00+00:00,0.779687,4,17,35,0.1375,0.387923,-0.0039559999999999595,2.4285714285714284,0,0.45157541237542864,0.4518378252521501,70,control,model-v1,0.45157541237542864,synthetic_demo
entity_0009,candidate,2026-08-26 10:38:00+00:00,0.845226,1,11,38,0.016666666666666666,0.504183,-0.070971,1.5714285714285714,1,0.5097536863860519,0.5143132831694113,49,control,model-v1,0.5097536863860519,synthetic_demo
entity_0020,candidate,2026-08-26 10:51:00+00:00,0.786797,8,15,42,0.05138888888888889,0.73303,0.03415800000000002,2.142857142857143,1,0.5846881277051797,0.5824992788435357,40,control,model-v1,0.5846881277051797,synthetic_demo
entity_0166,company,2026-08-26 10:52:00+00:00,0.862375,3,20,40,0.014583333333333334,0.627337,-0.06940299999999999,2.857142857142857,1,0.5856592832249615,0.5893749709945635,73,control,model-v1,0.5856592832249615,synthetic_demo
entity_0200,company,2026-08-26 10:55:00+00:00,0.985337,2,22,44,0.10069444444444445,0.761143,0.010870000000000046,3.142857142857143,1,0.6947535300518618,0.694726610938466,62,control,model-v1,0.6947535300518618,synthetic_demo
entity_0013,candidate,2026-08-26 10:56:00+00:00,1.0,3,19,38,0.1527777777777778,0.575491,0.003027000000000002,2.7142857142857144,0,0.6441325359024056,0.6446453971645153,58,control,model-v1,0.6441325359024056,synthetic_demo
entity_0169,company,2026-08-26 10:56:00+00:00,1.0,2,13,29,0.30694444444444446,0.705053,0.05899399999999999,1.8571428571428572,0,0.6866938651798647,0.6849100821589946,57,control,model-v1,0.6866938651798647,synthetic_demo
entity_0003,candidate,2026-08-26 11:00:00+00:00,0.823888,1,9,13,0.11180555555555556,0.649045,0.052176,1.2857142857142858,0,0.5799723911275312,0.5780441586362177,47,control,model-v1,0.5799723911275312,synthetic_demo
entity_0191,company,2026-08-26 11:04:00+00:00,0.450887,2,3,7,0.3625,0.873377,0.06514899999999996,0.42857142857142855,1,0.4506927984624072,0.44685271965913376,49,control,model-v1,0.4506927984624072,synthetic_demo
entity_0112,candidate,2026-08-26 11:06:00+00:00,0.363504,2,10,16,0.8729166666666667,0.483073,-0.08282400000000001,1.4285714285714286,0,0.27391328144409727,0.2766991353789522,34,control,model-v1,0.27391328144409727,synthetic_demo
entity_0060,candidate,2026-08-26 11:09:00+00:00,0.728755,3,12,21,0.16597222222222222,0.782671,-0.021056999999999992,1.7142857142857142,1,0.5774074144776529,0.5785016771897373,1,permanent_holdout,non_ml_baseline,0.7557130000000001,synthetic_demo
entity_0057,candidate,2026-08-26 11:10:00+00:00,0.783853,4,13,29,0.4236111111111111,0.44916,-0.04785600000000001,1.8571428571428572,0,0.47936727350884983,0.48210161620074043,18,challenger,model-v2,0.48210161620074043,synthetic_demo
entity_0173,company,2026-08-26 11:12:00+00:00,0.461115,2,6,23,0.1986111111111111,0.738647,-0.007222000000000006,0.8571428571428571,0,0.3913087642986628,0.3912119266121157,59,control,model-v1,0.3913087642986628,synthetic_demo
entity_0013,candidate,2026-08-26 11:19:00+00:00,0.847344,4,20,39,0.01597222222222222,0.575491,-0.15265600000000001,2.857142857142857,0,0.5617273148815686,0.5696696822068877,58,control,model-v1,0.5617273148815686,synthetic_demo
entity_0077,candidate,2026-08-26 11:22:00+00:00,0.7363,3,15,30,0.08958333333333333,0.894463,0.030272999999999994,2.142857142857143,1,0.616731599033705,0.6150720944540771,33,control,model-v1,0.616731599033705,synthetic_demo
entity_0060,candidate,2026-08-26 11:23:00+00:00,0.742123,4,13,22,0.009722222222222222,0.782671,0.013367999999999935,1.8571428571428572,0,0.5871769082614724,0.5864012049374657,1,permanent_holdout,non_ml_baseline,0.762397,synthetic_demo
entity_0033,candidate,2026-08-26 11:24:00+00:00,0.736426,2,18,37,0.2902777777777778,0.760571,-0.04980799999999996,2.5714285714285716,1,0.5630783280473057,0.5655393023829273,20,control,model-v1,0.5630783280473057,synthetic_demo
entity_0178,company,2026-08-26 11:49:00+00:00,0.867481,5,20,39,0.3104166666666667,0.805549,0.06955499999999992,2.857142857142857,1,0.6606371515435208,0.6572345975176431,6,permanent_holdout,non_ml_baseline,0.8365149999999999,synthetic_demo
entity_0160,company,2026-08-26 11:59:00+00:00,0.472479,2,2,10,0.5743055555555555,0.746771,-0.007120000000000015,0.2857142857142857,0,0.41166247541305406,0.41176713219596134,73,control,model-v1,0.41166247541305406,synthetic_demo
entity_0160,company,2026-08-26 12:02:00+00:00,0.484059,3,3,11,0.0020833333333333333,0.746771,0.011580000000000035,0.42857142857142855,0,0.417445035539289,0.41648638384860165,73,control,model-v1,0.417445035539289,synthetic_demo
entity_0136,candidate,2026-08-26 12:06:00+00:00,0.601456,2,2,9,0.1125,0.635972,0.012666999999999984,0.2857142857142857,1,0.44150488830216106,0.44108071374769553,49,control,model-v1,0.44150488830216106,synthetic_demo
entity_0072,candidate,2026-08-26 12:07:00+00:00,0.549372,1,9,22,0.2722222222222222,0.720287,0.03372299999999995,1.2857142857142858,1,0.4386598834669406,0.43671298828199656,16,challenger,model-v2,0.43671298828199656,synthetic_demo
entity_0169,company,2026-08-26 12:11:00+00:00,0.936736,3,14,30,0.052083333333333336,0.705053,-0.06326399999999999,2.0,1,0.6556260436830713,0.6592277879642442,57,control,model-v1,0.6556260436830713,synthetic_demo
entity_0020,candidate,2026-08-26 12:17:00+00:00,0.736444,9,16,43,0.059722222222222225,0.73303,-0.05035299999999998,2.2857142857142856,1,0.5594483867477564,0.5612902232397314,40,control,model-v1,0.5594483867477564,synthetic_demo
entity_0132,candidate,2026-08-26 12:23:00+00:00,0.688895,2,7,28,0.16944444444444445,0.805617,-0.15399399999999996,1.0,1,0.5428053971254967,0.5510451433091395,23,control,model-v1,0.5428053971254967,synthetic_demo
entity_0169,company,2026-08-26 12:29:00+00:00,1.0,4,15,31,0.0125,0.705053,0.06326399999999999,2.142857142857143,1,0.6907068937720149,0.6884774899936795,57,control,model-v1,0.6907068937720149,synthetic_demo
entity_0076,candidate,2026-08-26 12:34:00+00:00,0.907728,4,31,64,0.32916666666666666,0.965334,-0.03295400000000004,4.428571428571429,1,0.7211930819777524,0.7222048295607042,44,control,model-v1,0.7211930819777524,synthetic_demo
entity_0185,company,2026-08-26 12:44:00+00:00,0.432354,0,7,12,2.7354166666666666,0.452308,0.008933000000000024,1.0,1,0.3032084913792382,0.3025708273267138,56,control,model-v1,0.3032084913792382,synthetic_demo
entity_0013,candidate,2026-08-26 12:47:00+00:00,0.927201,5,21,40,0.06111111111111111,0.575491,0.07985700000000007,3.0,1,0.6103514333242723,0.606498129968164,58,control,model-v1,0.6103514333242723,synthetic_demo
entity_0098,candidate,2026-08-26 12:50:00+00:00,0.837645,3,18,32,0.09791666666666667,0.882429,-0.08355500000000005,2.5714285714285716,1,0.669388890057644,0.6733147301756479,57,control,model-v1,0.669388890057644,synthetic_demo
entity_0037,candidate,2026-08-26 12:53:00+00:00,1.0,1,34,57,0.6895833333333333,0.890078,0.16995499999999997,4.857142857142857,1,0.7472061742510052,0.7404377862728583,94,control,model-v1,0.7472061742510052,synthetic_demo
entity_0013,candidate,2026-08-26 13:14:00+00:00,0.955883,6,22,41,0.01875,0.575491,0.028681999999999985,3.142857142857143,1,0.6289906903729747,0.6276746898041555,58,control,model-v1,0.6289906903729747,synthetic_demo
entity_0037,candidate,2026-08-26 13:20:00+00:00,0.996546,2,35,58,0.01875,0.890078,-0.003453999999999957,5.0,1,0.744551174183871,0.7446181994408207,94,control,model-v1,0.744551174183871,synthetic_demo
entity_0132,candidate,2026-08-26 13:21:00+00:00,0.67689,3,8,29,0.04027777777777778,0.805617,-0.012005000000000043,1.1428571428571428,1,0.5383309623446034,0.5389708138933569,23,control,model-v1,0.5383309623446034,synthetic_demo
entity_0077,candidate,2026-08-26 13:27:00+00:00,0.792108,4,16,31,0.08680555555555555,0.894463,0.05580800000000008,2.2857142857142856,0,0.649993234713507,0.6471985103786104,33,control,model-v1,0.649993234713507,synthetic_demo
entity_0156,company,2026-08-26 13:44:00+00:00,0.197316,0,6,7,1.95,0.807363,-0.15556400000000004,0.8571428571428571,0,0.30115114133927207,0.3070534918726791,15,challenger,model-v2,0.3070534918726791,synthetic_demo
entity_0053,candidate,2026-08-26 13:49:00+00:00,0.850583,3,13,27,0.1673611111111111,0.392836,-0.0010850000000000026,1.8571428571428572,1,0.49442822450093216,0.495075293934922,85,control,model-v1,0.49442822450093216,synthetic_demo
entity_0044,candidate,2026-08-26 13:53:00+00:00,0.36946,0,0,2,9.272916666666667,0.886079,0.038529000000000035,0.0,0,0.4683935078560755,0.4658777223988643,14,challenger,model-v2,0.4658777223988643,synthetic_demo
entity_0138,candidate,2026-08-26 13:54:00+00:00,0.652894,0,0,15,7.74375,0.721392,0.09673299999999996,0.0,1,0.5427559297464687,0.538265211391194,45,control,model-v1,0.5427559297464687,synthetic_demo
entity_0090,candidate,2026-08-26 14:02:00+00:00,0.90462,1,11,23,0.1951388888888889,0.460823,0.017772999999999928,1.5714285714285714,1,0.5474881512598654,0.5476012274541509,33,control,model-v1,0.5474881512598654,synthetic_demo
entity_0049,candidate,2026-08-26 14:04:00+00:00,0.731746,5,19,26,0.24375,0.578951,-0.08731699999999998,2.7142857142857144,1,0.5149376559580305,0.5191156889626907,37,control,model-v1,0.5149376559580305,synthetic_demo
entity_0009,candidate,2026-08-26 14:11:00+00:00,0.777373,2,12,38,0.14791666666666667,0.504183,-0.06785300000000005,1.7142857142857142,1,0.4759635832637612,0.4799654865939053,49,control,model-v1,0.4759635832637612,synthetic_demo
entity_0106,candidate,2026-08-26 14:13:00+00:00,0.837014,1,12,30,0.5729166666666666,0.633777,0.09498899999999999,1.7142857142857142,0,0.5698447964870932,0.5655992710025795,17,challenger,model-v2,0.5655992710025795,synthetic_demo
entity_0145,company,2026-08-26 14:16:00+00:00,0.774098,2,13,32,0.6784722222222223,0.712164,0.05867099999999992,1.8571428571428572,1,0.5662269925299165,0.56344743827366,18,challenger,model-v2,0.56344743827366,synthetic_demo
entity_0156,company,2026-08-26 14:19:00+00:00,0.211496,1,7,8,0.024305555555555556,0.807363,0.014179999999999998,1.0,0,0.2990974281753325,0.29738645739458486,15,challenger,model-v2,0.29738645739458486,synthetic_demo
entity_0087,candidate,2026-08-26 14:31:00+00:00,0.807476,2,19,42,0.3173611111111111,0.743717,0.07928599999999997,2.7142857142857144,1,0.5930201093250125,0.5890658490462316,52,control,model-v1,0.5930201093250125,synthetic_demo
entity_0082,candidate,2026-08-26 14:37:00+00:00,0.905118,3,12,37,0.19652777777777777,0.353741,0.04711900000000002,1.7142857142857142,1,0.49715084057680475,0.4955120798436575,41,control,model-v1,0.49715084057680475,synthetic_demo
entity_0158,company,2026-08-26 14:39:00+00:00,0.434468,0,3,8,1.9180555555555556,0.388375,-0.10817899999999997,0.42857142857142855,1,0.2771809342859777,0.28173015297435744,21,control,model-v1,0.2771809342859777,synthetic_demo
entity_0175,company,2026-08-26 14:46:00+00:00,0.25944,3,8,15,0.3125,0.679942,0.11333399999999999,1.1428571428571428,0,0.2826895064475979,0.2768037652010727,93,control,model-v1,0.2826895064475979,synthetic_demo
entity_0013,candidate,2026-08-26 14:51:00+00:00,0.979218,7,22,42,0.06736111111111111,0.575491,0.023334999999999995,3.142857142857143,1,0.6433240325770097,0.6422591873942624,58,control,model-v1,0.6433240325770097,synthetic_demo
entity_0158,company,2026-08-26 14:52:00+00:00,0.469517,1,4,9,0.009027777777777777,0.388375,0.035049,0.5714285714285714,0,0.2851067796104416,0.28355847953793106,21,control,model-v1,0.2851067796104416,synthetic_demo
entity_0187,company,2026-08-26 14:56:00+00:00,0.561509,2,5,17,0.73125,0.979069,-0.10344599999999993,0.7142857142857143,0,0.5490017985437696,0.5541588780340138,6,permanent_holdout,non_ml_baseline,0.770289,synthetic_demo
entity_0177,company,2026-08-26 14:59:00+00:00,0.62734,3,8,27,0.54375,0.854062,0.007917000000000063,1.1428571428571428,0,0.534221123696671,0.5336179939557467,4,permanent_holdout,non_ml_baseline,0.740701,synthetic_demo
entity_0127,candidate,2026-08-26 15:04:00+00:00,0.456424,1,7,10,0.6173611111111111,0.773714,0.05088300000000001,1.0,1,0.4191605276995747,0.41610956439978247,2,permanent_holdout,non_ml_baseline,0.615069,synthetic_demo
entity_0024,candidate,2026-08-26 15:06:00+00:00,0.333431,0,4,8,3.7430555555555554,0.356472,-0.14483800000000002,0.5714285714285714,0,0.23483796231212944,0.240038546233643,83,control,model-v1,0.23483796231212944,synthetic_demo
entity_0016,candidate,2026-08-26 15:07:00+00:00,0.972065,6,25,30,0.37222222222222223,0.704796,-0.027935000000000043,3.5714285714285716,1,0.7005888229598228,0.7017728855743853,86,control,model-v1,0.7005888229598228,synthetic_demo
entity_0176,company,2026-08-26 15:10:00+00:00,0.358108,1,4,9,0.4027777777777778,0.501088,0.06364799999999998,0.5714285714285714,1,0.2700077927257839,0.26698202456776676,33,control,model-v1,0.2700077927257839,synthetic_demo
entity_0111,candidate,2026-08-26 15:12:00+00:00,0.860145,4,28,45,0.33402777777777776,0.554652,-0.020007999999999915,4.0,0,0.570743834767386,0.5715069813641545,29,control,model-v1,0.570743834767386,synthetic_demo
entity_0019,candidate,2026-08-26 15:20:00+00:00,0.205852,0,5,10,1.6576388888888889,0.550086,-0.07565399999999997,0.7142857142857143,0,0.2234457694467305,0.22552441875655413,8,permanent_holdout,non_ml_baseline,0.377969,synthetic_demo
entity_0037,candidate,2026-08-26 15:20:00+00:00,0.860555,3,35,58,0.08333333333333333,0.890078,-0.13599100000000008,5.0,0,0.6828243877996417,0.688421882464496,94,control,model-v1,0.6828243877996417,synthetic_demo
entity_0019,candidate,2026-08-26 15:29:00+00:00,0.3653,1,6,11,0.00625,0.550086,0.159448,0.8571428571428571,1,0.28704539723627953,0.2797481305832704,8,permanent_holdout,non_ml_baseline,0.457693,synthetic_demo
entity_0081,candidate,2026-08-26 15:31:00+00:00,0.200925,0,5,7,2.0791666666666666,0.913974,-0.007946000000000009,0.7142857142857143,0,0.33754377659663426,0.3368302704846314,8,permanent_holdout,non_ml_baseline,0.5574494999999999,synthetic_demo
entity_0068,candidate,2026-08-26 15:34:00+00:00,0.529059,2,13,18,0.30694444444444446,0.497299,0.016639999999999988,1.8571428571428572,1,0.3606353555456468,0.3594163071144117,3,permanent_holdout,non_ml_baseline,0.5131789999999999,synthetic_demo
entity_0080,candidate,2026-08-26 15:41:00+00:00,0.711607,2,19,35,0.5798611111111112,0.693391,-0.06006299999999998,2.7142857142857144,0,0.5297655324623459,0.5326981569554686,51,control,model-v1,0.5297655324623459,synthetic_demo
entity_0136,candidate,2026-08-26 15:45:00+00:00,0.633186,3,3,9,0.15208333333333332,0.635972,0.031730000000000036,0.42857142857142855,1,0.46468148933238523,0.4632059065428416,49,control,model-v1,0.46468148933238523,synthetic_demo
entity_0087,candidate,2026-08-26 15:46:00+00:00,0.793663,3,20,43,0.052083333333333336,0.743717,-0.013812999999999964,2.857142857142857,1,0.5866802491756894,0.5872724217334313,52,control,model-v1,0.5866802491756894,synthetic_demo
entity_0106,candidate,2026-08-26 15:53:00+00:00,0.835159,2,13,31,0.06944444444444445,0.633777,-0.001855000000000051,1.8571428571428572,1,0.5685235380168981,0.569128459171441,17,challenger,model-v2,0.569128459171441,synthetic_demo
entity_0174,company,2026-08-26 15:54:00+00:00,0.854965,3,9,18,0.7013888888888888,0.480944,0.033731999999999984,1.2857142857142858,0,0.5382065200144326,0.5371726112642966,88,control,model-v1,0.5382065200144326,synthetic_demo
entity_0081,candidate,2026-08-26 16:03:00+00:00,0.266787,1,6,8,0.022222222222222223,0.913974,0.065862,0.8571428571428571,1,0.3617559133468123,0.35752942969128865,8,permanent_holdout,non_ml_baseline,0.5903805,synthetic_demo
entity_0132,candidate,2026-08-26 16:03:00+00:00,0.771885,4,9,30,0.1125,0.805617,0.09499500000000005,1.2857142857142858,1,0.5963356588593535,0.5916818686482238,23,control,model-v1,0.5963356588593535,synthetic_demo
entity_0138,candidate,2026-08-26 16:11:00+00:00,0.564761,1,1,16,0.09513888888888888,0.721392,-0.08813300000000002,0.14285714285714285,1,0.4393517958590572,0.4441474925528683,45,control,model-v1,0.4393517958590572,synthetic_demo
entity_0152,company,2026-08-26 16:14:00+00:00,0.275891,0,7,11,1.9326388888888888,0.650452,-0.09592499999999998,1.0,0,0.28664437336764265,0.29004114840224465,8,permanent_holdout,non_ml_baseline,0.4631715,synthetic_demo
entity_0009,candidate,2026-08-26 16:15:00+00:00,0.841793,3,13,39,0.08611111111111111,0.504183,0.06442000000000003,1.8571428571428572,1,0.5163391739702166,0.5134513902351738,49,control,model-v1,0.5163391739702166,synthetic_demo
entity_0176,company,2026-08-26 16:17:00+00:00,0.363901,2,5,10,0.04652777777777778,0.501088,0.005792999999999993,0.7142857142857143,0,0.27331232694602686,0.2725674830071173,33,control,model-v1,0.27331232694602686,synthetic_demo
entity_0125,candidate,2026-08-26 16:18:00+00:00,0.992975,4,15,38,0.28958333333333336,0.946845,0.06219100000000011,2.142857142857143,1,0.7557824085372513,0.7537789301091158,23,control,model-v1,0.7557824085372513,synthetic_demo
entity_0109,candidate,2026-08-26 16:19:00+00:00,0.474051,0,9,16,2.0597222222222222,0.733495,0.058686000000000016,1.2857142857142858,1,0.41809316683377823,0.41472195536227635,11,challenger,model-v2,0.41472195536227635,synthetic_demo
entity_0109,candidate,2026-08-26 16:19:00+00:00,0.37516,1,10,17,0.0,0.733495,-0.098891,1.4285714285714286,0,0.35271351184515687,0.35670817441261116,11,challenger,model-v2,0.35670817441261116,synthetic_demo
entity_0112,candidate,2026-08-26 16:51:00+00:00,0.401003,1,10,17,0.23958333333333334,0.483073,0.037499000000000005,1.4285714285714286,1,0.2844612035250161,0.2823520670154731,34,control,model-v1,0.2844612035250161,synthetic_demo
entity_0003,candidate,2026-08-26 16:52:00+00:00,0.69411,2,10,14,0.24444444444444444,0.649045,-0.12977799999999995,1.4285714285714286,0,0.5096387649708491,0.5166353297622113,47,control,model-v1,0.5096387649708491,synthetic_demo
entity_0025,candidate,2026-08-26 16:52:00+00:00,0.607602,4,17,25,0.4909722222222222,0.572241,-0.14670899999999998,2.4285714285714284,0,0.43711634374035785,0.4441080103819783,70,control,model-v1,0.43711634374035785,synthetic_demo
entity_0090,candidate,2026-08-26 16:53:00+00:00,0.802791,2,12,24,0.11875,0.460823,-0.10182899999999995,1.7142857142857142,1,0.4913180153050278,0.49722601754051493,33,control,model-v1,0.4913180153050278,synthetic_demo
entity_0010,candidate,2026-08-26 16:56:00+00:00,0.608689,3,17,26,0.31875,0.826775,0.04956700000000003,2.4285714285714284,0,0.5292388974579121,0.5259881207935372,50,control,model-v1,0.5292388974579121,synthetic_demo
entity_0080,candidate,2026-08-26 16:56:00+00:00,0.686054,3,20,36,0.052083333333333336,0.693391,-0.025552999999999937,2.857142857142857,1,0.5145006876449643,0.5153915390389008,51,control,model-v1,0.5145006876449643,synthetic_demo
entity_0016,candidate,2026-08-26 17:00:00+00:00,0.917278,7,25,31,0.07847222222222222,0.704796,-0.05478699999999992,3.5714285714285716,1,0.6726991723342615,0.6749271708223918,86,control,model-v1,0.6726991723342615,synthetic_demo
entity_0053,candidate,2026-08-26 17:03:00+00:00,0.906857,4,14,28,0.13472222222222222,0.392836,0.056274000000000046,2.0,0,0.5302708129222232,0.5279410210450269,85,control,model-v1,0.5302708129222232,synthetic_demo
entity_0095,candidate,2026-08-26 17:04:00+00:00,0.843799,5,19,32,0.3020833333333333,0.975143,0.032179999999999986,2.7142857142857144,1,0.7103625001737758,0.7087609658039301,60,control,model-v1,0.7103625001737758,synthetic_demo
entity_0102,candidate,2026-08-26 17:10:00+00:00,0.589302,3,9,9,0.3423611111111111,0.662814,-0.04727199999999998,1.2857142857142858,1,0.46194204882941514,0.46416092906381495,32,control,model-v1,0.46194204882941514,synthetic_demo
entity_0125,candidate,2026-08-26 17:11:00+00:00,0.92031,5,16,38,0.03680555555555556,0.946845,-0.07266500000000009,2.2857142857142856,1,0.7255219506225998,0.7286909984794676,23,control,model-v1,0.7255219506225998,synthetic_demo
entity_0019,candidate,2026-08-26 17:27:00+00:00,0.264526,2,7,12,0.08194444444444444,0.550086,-0.10077400000000003,1.0,0,0.24450665393326496,0.2476340823823341,8,permanent_holdout,non_ml_baseline,0.40730599999999995,synthetic_demo
entity_0075,candidate,2026-08-26 17:32:00+00:00,0.199473,1,4,11,0.73125,0.749604,-0.12112099999999998,0.5714285714285714,0,0.2720720748427865,0.2762090385732819,77,control,model-v1,0.2720720748427865,synthetic_demo
entity_0044,candidate,2026-08-26 17:33:00+00:00,0.461226,1,1,3,0.1527777777777778,0.886079,0.09176600000000001,0.14285714285714285,0,0.4584022340246958,0.45339408227700545,14,challenger,model-v2,0.45339408227700545,synthetic_demo
entity_0090,candidate,2026-08-26 17:34:00+00:00,0.895784,3,13,25,0.02847222222222222,0.460823,0.09299299999999999,1.8571428571428572,1,0.5479644849657589,0.5438133839540642,33,control,model-v1,0.5479644849657589,synthetic_demo
entity_0045,candidate,2026-08-26 17:44:00+00:00,0.891247,0,14,31,1.0597222222222222,0.734378,0.002234999999999987,2.0,1,0.6396330581769388,0.6402758763781693,98,control,model-v1,0.6396330581769388,synthetic_demo
entity_0053,candidate,2026-08-26 17:44:00+00:00,0.903166,5,15,29,0.02847222222222222,0.392836,-0.003691,2.142857142857143,1,0.530763963373832,0.531412277450458,85,control,model-v1,0.530763963373832,synthetic_demo
entity_0152,company,2026-08-26 17:48:00+00:00,0.321712,1,8,12,0.06527777777777778,0.650452,0.045821,1.1428571428571428,0,0.3002180764849178,0.2974538372785748,8,permanent_holdout,non_ml_baseline,0.486082,synthetic_demo
entity_0164,company,2026-08-26 17:52:00+00:00,0.851317,3,14,34,0.5618055555555556,0.975363,0.05188999999999999,2.0,1,0.7012293323587335,0.6991248988324983,47,control,model-v1,0.7012293323587335,synthetic_demo
entity_0060,candidate,2026-08-26 17:54:00+00:00,0.735926,4,14,21,0.27152777777777776,0.782671,-0.006197000000000008,2.0,0,0.588541247626227,0.5886953260745347,1,permanent_holdout,non_ml_baseline,0.7592985,synthetic_demo
entity_0185,company,2026-08-26 17:54:00+00:00,0.535729,1,8,13,0.2152777777777778,0.452308,0.103375,1.1428571428571428,1,0.3425547272175925,0.33761964708723396,56,control,model-v1,0.3425547272175925,synthetic_demo
entity_0082,candidate,2026-08-26 17:57:00+00:00,0.962211,4,12,38,0.1388888888888889,0.353741,0.05709300000000006,1.7142857142857142,1,0.5314309599104217,0.5293586114786377,41,control,model-v1,0.5314309599104217,synthetic_demo
entity_0145,company,2026-08-26 18:07:00+00:00,0.667683,3,14,33,0.16041666666666668,0.712164,-0.10641499999999993,2.0,1,0.5044043666136034,0.5097556318261137,18,challenger,model-v2,0.5097556318261137,synthetic_demo
entity_0147,company,2026-08-26 18:12:00+00:00,0.860398,2,7,16,0.35,0.418903,0.007186000000000026,1.0,1,0.5111505506459648,0.511767770679375,44,control,model-v1,0.5111505506459648,synthetic_demo
entity_0086,candidate,2026-08-26 18:14:00+00:00,0.697471,2,20,38,0.33958333333333335,0.390953,0.01781099999999991,2.857142857142857,1,0.40371779576655065,0.40267598246569397,47,control,model-v1,0.40371779576655065,synthetic_demo
entity_0073,candidate,2026-08-26 18:15:00+00:00,0.904521,2,27,39,0.5131944444444444,0.682864,0.053756000000000026,3.857142857142857,1,0.6431293061906457,0.6405934593992532,11,challenger,model-v2,0.6405934593992532,synthetic_demo
entity_0008,candidate,2026-08-26 18:19:00+00:00,0.768287,2,15,23,0.6041666666666666,0.621484,-0.13284699999999994,2.142857142857143,1,0.5428423394475267,0.5499721801283489,55,control,model-v1,0.5428423394475267,synthetic_demo
entity_0013,candidate,2026-08-26 18:21:00+00:00,0.955226,8,23,43,0.14583333333333334,0.575491,-0.023992000000000013,3.2857142857142856,1,0.6341411573091379,0.6351544899450082,58,control,model-v1,0.6341411573091379,synthetic_demo
entity_0003,candidate,2026-08-26 18:22:00+00:00,0.750716,3,11,15,0.0625,0.649045,0.056606000000000045,1.5714285714285714,1,0.5445013043529953,0.5417503604729412,47,control,model-v1,0.5445013043529953,synthetic_demo
entity_0158,company,2026-08-26 18:29:00+00:00,0.556459,2,5,10,0.15069444444444444,0.388375,0.08694200000000002,0.7142857142857143,0,0.33195437475640044,0.32797668809854036,21,control,model-v1,0.33195437475640044,synthetic_demo
entity_0034,candidate,2026-08-26 18:30:00+00:00,0.304628,1,2,7,0.5680555555555555,0.70669,0.01206400000000002,0.2857142857142857,1,0.30896098440391895,0.30781938063348746,41,control,model-v1,0.30896098440391895,synthetic_demo
entity_0068,candidate,2026-08-26 18:32:00+00:00,0.442867,3,13,19,0.12361111111111112,0.497299,-0.08619199999999994,1.8571428571428572,1,0.3160344975030313,0.31923372457994686,3,permanent_holdout,non_ml_baseline,0.47008300000000003,synthetic_demo
entity_0085,candidate,2026-08-26 18:34:00+00:00,0.87881,3,19,29,0.4888888888888889,0.606124,0.04920899999999995,2.7142857142857144,0,0.6017910245769481,0.5995817271959798,70,control,model-v1,0.6017910245769481,synthetic_demo
entity_0112,candidate,2026-08-26 18:44:00+00:00,0.41211,2,11,18,0.07847222222222222,0.483073,0.011106999999999978,1.5714285714285714,0,0.29159101957045586,0.2904981979238669,34,control,model-v1,0.29159101957045586,synthetic_demo
entity_0053,candidate,2026-08-26 18:47:00+00:00,0.923648,5,16,30,0.04375,0.392836,0.020482,2.2857142857142856,1,0.543318539421589,0.542724176943976,85,control,model-v1,0.543318539421589,synthetic_demo
entity_0109,candidate,2026-08-26 18:49:00+00:00,0.429792,2,11,17,0.10416666666666667,0.733495,0.054632000000000014,1.5714285714285714,1,0.3873511462852836,0.38385345121534625,11,challenger,model-v2,0.38385345121534625,synthetic_demo
entity_0057,candidate,2026-08-26 18:51:00+00:00,0.766926,3,14,28,0.32013888888888886,0.44916,-0.016927000000000025,2.0,0,0.46908517777058195,0.4701996266264834,18,challenger,model-v2,0.4701996266264834,synthetic_demo
entity_0085,candidate,2026-08-26 18:53:00+00:00,0.906843,4,20,30,0.013194444444444444,0.606124,0.028032999999999975,2.857142857142857,1,0.6172355174497486,0.6160599684772411,70,control,model-v1,0.6172355174497486,synthetic_demo
entity_0073,candidate,2026-08-26 18:56:00+00:00,0.778895,3,28,40,0.02847222222222222,0.682864,-0.12562600000000002,4.0,1,0.5735717020902387,0.57953699823952,11,challenger,model-v2,0.57953699823952,synthetic_demo
entity_0013,candidate,2026-08-26 19:02:00+00:00,0.944832,9,24,44,0.02847222222222222,0.575491,-0.010394000000000014,3.4285714285714284,1,0.6309042400201006,0.6310778990593338,58,control,model-v1,0.6309042400201006,synthetic_demo
entity_0087,candidate,2026-08-26 19:05:00+00:00,0.711172,4,20,44,0.13819444444444445,0.743717,-0.08249099999999998,2.857142857142857,0,0.5417290537426133,0.5455343687924793,52,control,model-v1,0.5417290537426133,synthetic_demo
entity_0149,company,2026-08-26 19:12:00+00:00,0.633731,2,6,14,0.3854166666666667,0.958251,-0.04070699999999994,0.8571428571428571,0,0.5853762935363812,0.5874376407599222,3,permanent_holdout,non_ml_baseline,0.795991,synthetic_demo
entity_0127,candidate,2026-08-26 19:13:00+00:00,0.430511,2,8,11,0.17291666666666666,0.773714,-0.02591300000000002,1.1428571428571428,1,0.40472871806990435,0.4053724712504436,2,permanent_holdout,non_ml_baseline,0.6021125,synthetic_demo
entity_0037,candidate,2026-08-26 19:20:00+00:00,0.865175,4,33,58,0.16666666666666666,0.890078,0.0046200000000000685,4.714285714285714,1,0.6849000522372153,0.6841122276848127,94,control,model-v1,0.6849000522372153,synthetic_demo
entity_0178,company,2026-08-26 19:20:00+00:00,0.839256,4,19,40,0.31319444444444444,0.805549,-0.028224999999999945,2.7142857142857144,1,0.6403799218349279,0.6416895092431999,6,permanent_holdout,non_ml_baseline,0.8224024999999999,synthetic_demo
entity_0185,company,2026-08-26 19:25:00+00:00,0.449914,2,9,14,0.06319444444444444,0.452308,-0.08581500000000003,1.2857142857142858,1,0.3010753034534244,0.3044659315156215,56,control,model-v1,0.3010753034534244,synthetic_demo
entity_0025,candidate,2026-08-26 19:28:00+00:00,0.566852,4,17,26,0.10833333333333334,0.572241,-0.04074999999999995,2.4285714285714284,0,0.4100486770939872,0.4113863692153412,70,control,model-v1,0.4100486770939872,synthetic_demo
entity_0200,company,2026-08-26 19:29:00+00:00,0.986534,3,23,45,0.35694444444444445,0.761143,0.0011970000000000036,3.2857142857142856,1,0.6998109904663347,0.7000807549373311,62,control,model-v1,0.6998109904663347,synthetic_demo
entity_0183,company,2026-08-26 19:30:00+00:00,0.725918,1,6,16,0.4013888888888889,0.936954,0.04710599999999998,0.8571428571428571,1,0.6238582524087334,0.6219194034370925,9,permanent_holdout,non_ml_baseline,0.831436,synthetic_demo
entity_0082,candidate,2026-08-26 19:37:00+00:00,0.858695,5,13,39,0.06944444444444445,0.353741,-0.10351600000000005,1.8571428571428572,1,0.47425121781520907,0.480106283170707,41,control,model-v1,0.47425121781520907,synthetic_demo
entity_0037,candidate,2026-08-26 19:46:00+00:00,0.974327,5,34,59,0.018055555555555554,0.890078,0.10915200000000003,4.857142857142857,1,0.7387372276759426,0.7339231318314047,94,control,model-v1,0.7387372276759426,synthetic_demo
entity_0174,company,2026-08-26 19:46:00+00:00,0.789978,3,9,19,0.16111111111111112,0.480944,-0.06498700000000002,1.2857142857142858,0,0.49532002357064303,0.49926361976462014,88,control,model-v1,0.49532002357064303,synthetic_demo
entity_0019,candidate,2026-08-26 19:58:00+00:00,0.267404,3,8,13,0.10486111111111111,0.550086,0.0028779999999999917,1.1428571428571428,1,0.2484127262541992,0.247377014648498,8,permanent_holdout,non_ml_baseline,0.40874499999999997,synthetic_demo
entity_0164,company,2026-08-26 20:00:00+00:00,0.782037,4,15,35,0.08888888888888889,0.975363,-0.06928000000000001,2.142857142857143,1,0.6663988364746323,0.6694923618236637,47,control,model-v1,0.6663988364746323,synthetic_demo
entity_0169,company,2026-08-26 20:03:00+00:00,0.868865,5,16,31,0.31527777777777777,0.705053,-0.131135,2.2857142857142856,1,0.6285772050843614,0.6351122043159457,57,control,model-v1,0.6285772050843614,synthetic_demo
entity_0033,candidate,2026-08-26 20:06:00+00:00,0.761771,3,19,38,0.3625,0.760571,0.02534499999999995,2.7142857142857144,1,0.581361341899711,0.5798756517564947,20,control,model-v1,0.581361341899711,synthetic_demo
entity_0183,company,2026-08-26 20:23:00+00:00,0.701085,2,7,17,0.03680555555555556,0.936954,-0.024832999999999994,1.0,1,0.6109309432384447,0.612344095157612,9,permanent_holdout,non_ml_baseline,0.8190195,synthetic_demo
entity_0073,candidate,2026-08-26 20:30:00+00:00,0.827529,4,29,40,0.06527777777777778,0.682864,0.048633999999999955,4.142857142857143,1,0.6056817225234444,0.6027581735021683,11,challenger,model-v2,0.6027581735021683,synthetic_demo
entity_0177,company,2026-08-26 20:33:00+00:00,0.688578,2,9,27,0.23194444444444445,0.854062,0.061238000000000015,1.2857142857142858,1,0.5662290401663509,0.5631448201076855,4,permanent_holdout,non_ml_baseline,0.77132,synthetic_demo
entity_0174,company,2026-08-26 20:41:00+00:00,0.773257,4,10,20,0.03819444444444445,0.480944,-0.016720999999999986,1.4285714285714286,0,0.4881232948147573,0.4893141481474781,88,control,model-v1,0.4881232948147573,synthetic_demo
entity_0193,company,2026-08-26 20:46:00+00:00,0.39543,1,4,17,0.6458333333333334,0.880355,-0.027391999999999972,0.5714285714285714,1,0.41065226452482323,0.41148315521373197,51,control,model-v1,0.41065226452482323,synthetic_demo
entity_0025,candidate,2026-08-26 20:53:00+00:00,0.744074,5,18,27,0.059027777777777776,0.572241,0.177222,2.5714285714285716,1,0.5150954040107881,0.505452541422393,70,control,model-v1,0.5150954040107881,synthetic_demo
entity_0185,company,2026-08-26 20:53:00+00:00,0.437779,3,10,15,0.06111111111111111,0.452308,-0.012135000000000007,1.4285714285714286,1,0.2980128285950507,0.29796205501080447,56,control,model-v1,0.2980128285950507,synthetic_demo
entity_0197,company,2026-08-26 21:00:00+00:00,0.876984,2,12,27,0.4513888888888889,0.825549,0.08504900000000004,1.7142857142857142,0,0.6658594027079324,0.662398849927467,15,challenger,model-v2,0.662398849927467,synthetic_demo
entity_0118,candidate,2026-08-26 21:01:00+00:00,0.499087,1,4,9,0.5465277777777777,0.833613,0.09587400000000001,0.5714285714285714,1,0.4613487531315353,0.45613259245306037,75,control,model-v1,0.4613487531315353,synthetic_demo
entity_0200,company,2026-08-26 21:03:00+00:00,0.83829,4,24,46,0.06527777777777778,0.761143,-0.14824400000000004,3.4285714285714284,1,0.6240902847038067,0.6311317226452404,62,control,model-v1,0.6240902847038067,synthetic_demo
entity_0060,candidate,2026-08-26 21:08:00+00:00,0.851804,5,15,22,0.13472222222222222,0.782671,0.11587800000000004,2.142857142857143,0,0.6540638129746158,0.6485872983103692,1,permanent_holdout,non_ml_baseline,0.8172375000000001,synthetic_demo
entity_0080,candidate,2026-08-26 21:13:00+00:00,0.791789,4,20,36,0.17847222222222223,0.693391,0.10573499999999991,2.857142857142857,1,0.579012898196805,0.5733742078092672,51,control,model-v1,0.579012898196805,synthetic_demo
entity_0098,candidate,2026-08-26 21:15:00+00:00,0.846113,4,19,33,0.3506944444444444,0.882429,0.008468000000000031,2.7142857142857144,0,0.6783461758644069,0.6778859756185297,57,control,model-v1,0.6783461758644069,synthetic_demo
entity_0173,company,2026-08-26 21:24:00+00:00,0.549159,3,6,23,0.425,0.738647,0.08804399999999996,0.8571428571428571,0,0.445393046472179,0.4405259036024393,59,control,model-v1,0.445393046472179,synthetic_demo
entity_0099,candidate,2026-08-26 21:37:00+00:00,0.187551,2,8,13,0.6465277777777778,0.659546,-0.020447999999999994,1.1428571428571428,1,0.24583985896077237,0.245552290457616,31,control,model-v1,0.24583985896077237,synthetic_demo
entity_0167,company,2026-08-26 21:37:00+00:00,0.849017,5,18,36,0.46111111111111114,0.387923,0.06933,2.5714285714285716,1,0.497498831617755,0.4939800421172574,70,control,model-v1,0.497498831617755,synthetic_demo
entity_0148,company,2026-08-26 21:39:00+00:00,0.586442,0,9,30,3.0868055555555554,0.949066,-0.11144699999999996,1.2857142857142858,1,0.5548849444555739,0.5605445531758969,9,permanent_holdout,non_ml_baseline,0.767754,synthetic_demo
entity_0166,company,2026-08-26 21:45:00+00:00,1.0,4,20,41,0.4534722222222222,0.627337,0.137625,2.857142857142857,0,0.6648694032263885,0.6588587987522186,73,control,model-v1,0.6648694032263885,synthetic_demo
entity_0138,candidate,2026-08-26 21:48:00+00:00,0.512502,2,2,15,0.23402777777777778,0.721392,-0.052258999999999944,0.2857142857142857,1,0.41639262579874486,0.4189588907407313,45,control,model-v1,0.41639262579874486,synthetic_demo
entity_0082,candidate,2026-08-26 21:56:00+00:00,0.791974,6,13,40,0.09652777777777778,0.353741,-0.06672100000000003,1.8571428571428572,0,0.4375496877465939,0.4410904956023481,41,control,model-v1,0.4375496877465939,synthetic_demo
entity_0165,company,2026-08-26 22:02:00+00:00,0.467094,2,7,20,0.6527777777777778,0.593834,0.12013000000000001,1.0,0,0.3512724237207331,0.34513652750121804,74,control,model-v1,0.3512724237207331,synthetic_demo
entity_0166,company,2026-08-26 22:02:00+00:00,0.895918,5,20,42,0.011805555555555555,0.627337,-0.10408200000000001,2.857142857142857,1,0.607417768428657,0.6127000990240028,73,control,model-v1,0.607417768428657,synthetic_demo
entity_0009,candidate,2026-08-26 22:07:00+00:00,0.889587,4,14,38,0.24444444444444444,0.504183,0.047794,2.0,0,0.5509988198111584,0.5490067634721422,49,control,model-v1,0.5509988198111584,synthetic_demo
entity_0095,candidate,2026-08-26 22:07:00+00:00,0.825345,5,20,32,0.21041666666666667,0.975143,-0.01845399999999997,2.857142857142857,1,0.7024453536234577,0.7029590880032475,60,control,model-v1,0.7024453536234577,synthetic_demo
entity_0019,candidate,2026-08-26 22:08:00+00:00,0.332465,4,9,14,0.09027777777777778,0.550086,0.06506100000000004,1.2857142857142858,1,0.28037086968629793,0.2766750450828212,8,permanent_holdout,non_ml_baseline,0.4412755,synthetic_demo
entity_0196,company,2026-08-26 22:08:00+00:00,0.344685,1,7,15,0.5923611111111111,0.970514,-0.07342699999999996,1.0,1,0.4228760096567676,0.4257312688780834,83,control,model-v1,0.4228760096567676,synthetic_demo
entity_0172,company,2026-08-26 22:29:00+00:00,0.250715,3,8,9,0.6125,0.729894,-0.07605399999999995,1.1428571428571428,1,0.3022508987572977,0.3044531746942521,42,control,model-v1,0.3022508987572977,synthetic_demo
entity_0037,candidate,2026-08-26 22:30:00+00:00,0.878932,5,35,60,0.11388888888888889,0.890078,-0.09539500000000001,5.0,1,0.6948574642026795,0.6984049855674104,94,control,model-v1,0.6948574642026795,synthetic_demo
entity_0045,candidate,2026-08-26 22:30:00+00:00,0.804993,1,15,32,0.1986111111111111,0.734378,-0.08625400000000005,2.142857142857143,1,0.5894590244211729,0.5942113106390375,98,control,model-v1,0.5894590244211729,synthetic_demo
entity_0072,candidate,2026-08-26 22:31:00+00:00,0.37632,2,10,22,0.43333333333333335,0.720287,-0.17305199999999998,1.4285714285714286,0,0.34853316433642806,0.3559814575353959,16,challenger,model-v2,0.3559814575353959,synthetic_demo
entity_0045,candidate,2026-08-26 22:34:00+00:00,0.855142,2,16,33,0.002777777777777778,0.734378,0.050149,2.2857142857142856,1,0.6192182806786393,0.6170980050419396,98,control,model-v1,0.6192182806786393,synthetic_demo
entity_0080,candidate,2026-08-26 22:38:00+00:00,0.866831,4,21,37,0.059027777777777776,0.693391,0.07504200000000005,3.0,1,0.620599636404462,0.6168745320703336,51,control,model-v1,0.620599636404462,synthetic_demo
entity_0197,company,2026-08-26 22:41:00+00:00,0.700467,3,13,28,0.07013888888888889,0.825549,-0.17651700000000003,1.8571428571428572,1,0.5699684779894304,0.5789056012749879,15,challenger,model-v2,0.5789056012749879,synthetic_demo
entity_0172,company,2026-08-26 22:46:00+00:00,0.253203,4,9,10,0.011805555555555555,0.729894,0.0024879999999999902,1.2857142857142858,0,0.3026430538162613,0.3012360454575291,42,control,model-v1,0.3026430538162613,synthetic_demo
entity_0196,company,2026-08-26 22:46:00+00:00,0.435637,2,8,16,0.02638888888888889,0.970514,0.09095199999999998,1.1428571428571428,0,0.4744035066341885,0.46885065592471337,83,control,model-v1,0.4744035066341885,synthetic_demo
entity_0148,company,2026-08-26 22:52:00+00:00,0.593536,1,10,31,0.050694444444444445,0.949066,0.007093999999999934,1.4285714285714286,0,0.5403253686156819,0.5397353291293038,9,permanent_holdout,non_ml_baseline,0.771301,synthetic_demo
entity_0010,candidate,2026-08-26 23:00:00+00:00,0.552213,4,15,27,0.25277777777777777,0.826775,-0.05647600000000008,2.142857142857143,1,0.49383583174699747,0.4959485091905069,50,control,model-v1,0.49383583174699747,synthetic_demo
entity_0165,company,2026-08-26 23:10:00+00:00,0.447053,3,8,21,0.04722222222222222,0.593834,-0.02004100000000003,1.1428571428571428,0,0.33981896861398075,0.34018063260803444,74,control,model-v1,0.33981896861398075,synthetic_demo
entity_0008,candidate,2026-08-26 23:13:00+00:00,0.878763,3,16,24,0.20416666666666666,0.621484,0.11047599999999991,2.2857142857142856,0,0.6060018358168815,0.6008399258003824,55,control,model-v1,0.6060018358168815,synthetic_demo
entity_0161,company,2026-08-26 23:42:00+00:00,0.456436,0,5,14,2.615972222222222,0.402824,-0.028088000000000002,0.7142857142857143,1,0.2932020035906256,0.29436078127074694,18,challenger,model-v2,0.29436078127074694,synthetic_demo
entity_0037,candidate,2026-08-26 23:45:00+00:00,0.879377,6,35,61,0.052083333333333336,0.890078,0.0004449999999999177,5.0,1,0.6960205483829357,0.6952107378807781,94,control,model-v1,0.6960205483829357,synthetic_demo
entity_0078,candidate,2026-08-26 23:48:00+00:00,0.232682,1,7,17,0.86875,0.64438,-0.115709,1.0,0,0.25518380959704023,0.25895824154108965,0,permanent_holdout,non_ml_baseline,0.438531,synthetic_demo
entity_0025,candidate,2026-08-26 23:56:00+00:00,0.572661,5,18,28,0.12708333333333333,0.572241,-0.17141300000000004,2.5714285714285716,1,0.4155658775303161,0.42347725557747,70,control,model-v1,0.4155658775303161,synthetic_demo
entity_0147,company,2026-08-26 23:56:00+00:00,0.85019,3,8,17,0.2388888888888889,0.418903,-0.010207999999999995,1.1428571428571428,1,0.5078241106447542,0.5091670121742807,44,control,model-v1,0.5078241106447542,synthetic_demo
entity_0136,candidate,2026-08-27 00:04:00+00:00,0.537329,4,4,9,0.34652777777777777,0.635972,-0.09585700000000008,0.5714285714285714,1,0.41581169064325485,0.42043257495936875,49,control,model-v1,0.41581169064325485,synthetic_demo
entity_0054,candidate,2026-08-27 00:08:00+00:00,0.607849,0,15,33,2.113888888888889,0.695234,-0.08679500000000007,2.142857142857143,1,0.4709390838704456,0.4753099480312798,9,permanent_holdout,non_ml_baseline,0.6515415,synthetic_demo
entity_0102,candidate,2026-08-27 00:08:00+00:00,0.487373,3,10,10,0.2902777777777778,0.662814,-0.10192899999999999,1.4285714285714286,0,0.4040699521077227,0.40862143005646756,32,control,model-v1,0.4040699521077227,synthetic_demo
entity_0066,candidate,2026-08-27 00:11:00+00:00,0.496045,0,6,19,2.4916666666666667,0.510268,0.01812600000000003,0.8571428571428571,1,0.34416298440652954,0.3432561063834263,99,control,model-v1,0.34416298440652954,synthetic_demo
entity_0044,candidate,2026-08-27 00:13:00+00:00,0.449612,2,2,4,0.2777777777777778,0.886079,-0.011614000000000013,0.2857142857142857,1,0.4560043505541228,0.4561990674914967,14,challenger,model-v2,0.4561990674914967,synthetic_demo
entity_0028,candidate,2026-08-27 00:19:00+00:00,0.572383,0,15,24,1.5611111111111111,0.506009,-0.044401000000000024,2.142857142857143,0,0.38715408423330544,0.3891894041629407,76,control,model-v1,0.38715408423330544,synthetic_demo
entity_0074,candidate,2026-08-27 00:28:00+00:00,0.575761,0,7,15,2.223611111111111,0.915232,-0.13890800000000003,1.0,1,0.5444513854004209,0.5516533994095033,74,control,model-v1,0.5444513854004209,synthetic_demo
entity_0016,candidate,2026-08-27 00:30:00+00:00,0.98342,5,25,32,0.3125,0.704796,0.06614199999999992,3.5714285714285716,1,0.7013203956099759,0.6984726299753613,86,control,model-v1,0.7013203956099759,synthetic_demo
entity_0088,candidate,2026-08-27 00:32:00+00:00,0.728648,0,17,28,3.1770833333333335,0.64556,-0.07094100000000003,2.4285714285714284,0,0.5397468267092131,0.5435977531654235,22,control,model-v1,0.5397468267092131,synthetic_demo
entity_0137,candidate,2026-08-27 00:46:00+00:00,0.639884,0,8,20,1.2090277777777778,0.708766,0.195897,1.1428571428571428,0,0.4912319320651015,0.4811826605999314,0,permanent_holdout,non_ml_baseline,0.6743250000000001,synthetic_demo
entity_0102,candidate,2026-08-27 00:55:00+00:00,0.526947,4,11,11,0.03263888888888889,0.662814,0.039574000000000054,1.5714285714285714,1,0.4278999942118933,0.42520900863748445,32,control,model-v1,0.4278999942118933,synthetic_demo
entity_0004,candidate,2026-08-27 01:03:00+00:00,0.94601,0,14,40,3.8569444444444443,0.421875,0.128069,2.0,1,0.5649191008879348,0.5593948633628708,43,control,model-v1,0.5649191008879348,synthetic_demo
entity_0028,candidate,2026-08-27 01:03:00+00:00,0.624199,1,16,24,0.030555555555555555,0.506009,0.05181599999999997,2.2857142857142856,0,0.40973776528672573,0.4069527645164237,76,control,model-v1,0.40973776528672573,synthetic_demo
entity_0153,company,2026-08-27 01:05:00+00:00,0.381373,0,17,22,1.4819444444444445,0.68925,-0.10466700000000001,2.4285714285714284,0,0.3541026701922002,0.3582090551175177,37,control,model-v1,0.3541026701922002,synthetic_demo
entity_0146,company,2026-08-27 01:06:00+00:00,0.76517,0,12,29,1.1069444444444445,0.812222,-0.04534399999999994,1.7142857142857142,1,0.5977464313232771,0.600460249303915,96,control,model-v1,0.5977464313232771,synthetic_demo
entity_0088,candidate,2026-08-27 01:13:00+00:00,0.750066,1,18,29,0.02847222222222222,0.64556,0.021418000000000048,2.5714285714285716,0,0.5325905951493125,0.531570976169262,22,control,model-v1,0.5325905951493125,synthetic_demo
entity_0021,candidate,2026-08-27 01:17:00+00:00,0.337211,0,4,13,1.4465277777777779,0.747318,0.0018199999999999883,0.5714285714285714,0,0.3390192724983792,0.3383872276131344,86,control,model-v1,0.3390192724983792,synthetic_demo
entity_0159,company,2026-08-27 01:17:00+00:00,0.487442,1,14,25,0.7388888888888889,0.729018,-0.013274999999999981,2.0,0,0.4154654700908895,0.41550740180711865,15,challenger,model-v2,0.41550740180711865,synthetic_demo
entity_0052,candidate,2026-08-27 01:21:00+00:00,0.304793,0,7,19,2.422222222222222,0.571215,-0.07098400000000005,1.0,0,0.27073255224578124,0.2730757933320213,70,control,model-v1,0.27073255224578124,synthetic_demo
entity_0119,candidate,2026-08-27 01:28:00+00:00,0.554074,0,14,29,1.3729166666666666,0.757125,-0.10198200000000002,2.0,0,0.4610483158674661,0.466045791262651,91,control,model-v1,0.4610483158674661,synthetic_demo
entity_0089,candidate,2026-08-27 01:43:00+00:00,0.923672,2,14,31,0.7361111111111112,0.874239,0.17636000000000007,2.0,1,0.7059279239406323,0.6986944626571066,26,control,model-v1,0.7059279239406323,synthetic_demo
entity_0016,candidate,2026-08-27 01:46:00+00:00,1.0,6,26,33,0.05277777777777778,0.704796,0.01658000000000004,3.7142857142857144,1,0.7105786085131383,0.7098560062740994,86,control,model-v1,0.7105786085131383,synthetic_demo
entity_0117,candidate,2026-08-27 01:49:00+00:00,0.940301,0,25,51,1.3138888888888889,0.543925,0.017834000000000017,3.5714285714285716,0,0.5954687008603694,0.5951130301813744,37,control,model-v1,0.5954687008603694,synthetic_demo
entity_0008,candidate,2026-08-27 01:53:00+00:00,0.761768,4,17,25,0.1111111111111111,0.621484,-0.11699499999999996,2.4285714285714284,1,0.5422833283365369,0.5482625872974868,55,control,model-v1,0.5422833283365369,synthetic_demo
entity_0139,candidate,2026-08-27 01:53:00+00:00,0.522757,0,6,15,2.1277777777777778,0.623747,-0.05974199999999996,0.8571428571428571,1,0.40125577409830043,0.40426549999400674,60,control,model-v1,0.40125577409830043,synthetic_demo
entity_0077,candidate,2026-08-27 01:55:00+00:00,0.702217,4,17,30,0.5194444444444445,0.894463,-0.08989100000000005,2.4285714285714284,1,0.6070922010024349,0.6111366469204813,33,control,model-v1,0.6070922010024349,synthetic_demo
entity_0081,candidate,2026-08-27 01:56:00+00:00,0.355284,2,7,9,0.41180555555555554,0.913974,0.08849699999999999,1.0,1,0.41654715908628703,0.41107297295728534,8,permanent_holdout,non_ml_baseline,0.634629,synthetic_demo
entity_0069,candidate,2026-08-27 01:57:00+00:00,0.554138,2,11,20,0.7069444444444445,0.962872,0.06612300000000004,1.5714285714285714,1,0.5457713610769054,0.5417949592372133,43,control,model-v1,0.5457713610769054,synthetic_demo
entity_0174,company,2026-08-27 02:06:00+00:00,0.775109,3,10,20,0.22569444444444445,0.480944,0.0018520000000000758,1.4285714285714286,0,0.4877653866082326,0.4880930567681212,88,control,model-v1,0.4877653866082326,synthetic_demo
entity_0077,candidate,2026-08-27 02:14:00+00:00,0.750475,5,18,31,0.013194444444444444,0.894463,0.04825800000000002,2.5714285714285716,0,0.6332347747677635,0.6304329326398583,33,control,model-v1,0.6332347747677635,synthetic_demo
entity_0040,candidate,2026-08-27 02:17:00+00:00,0.640654,0,7,28,4.133333333333334,0.655067,-0.042128000000000054,1.0,0,0.48082808666481686,0.4833331526427211,88,control,model-v1,0.48082808666481686,synthetic_demo
entity_0159,company,2026-08-27 02:22:00+00:00,0.657857,2,15,26,0.04513888888888889,0.729018,0.17041500000000004,2.142857142857143,1,0.5120096549380957,0.5028165384477384,15,challenger,model-v2,0.5028165384477384,synthetic_demo
entity_0099,candidate,2026-08-27 02:28:00+00:00,0.159015,2,8,14,0.20208333333333334,0.659546,-0.028536000000000006,1.1428571428571428,1,0.23054523209672317,0.23050782748182655,31,control,model-v1,0.23054523209672317,synthetic_demo
entity_0177,company,2026-08-27 02:31:00+00:00,0.622886,2,10,28,0.24861111111111112,0.854062,-0.06569199999999997,1.4285714285714286,1,0.5291461952996901,0.5324089928348925,4,permanent_holdout,non_ml_baseline,0.7384740000000001,synthetic_demo
entity_0077,candidate,2026-08-27 02:34:00+00:00,0.765646,6,19,32,0.013888888888888888,0.894463,0.015171000000000046,2.7142857142857144,1,0.6445287459982221,0.6432676325892384,33,control,model-v1,0.6445287459982221,synthetic_demo
entity_0110,candidate,2026-08-27 02:35:00+00:00,0.580155,2,8,8,0.725,0.976177,-0.05657100000000004,1.1428571428571428,0,0.5749932803397286,0.5776025617143362,43,control,model-v1,0.5749932803397286,synthetic_demo
entity_0107,candidate,2026-08-27 02:45:00+00:00,0.364623,0,3,16,5.247916666666667,0.585041,-0.10772100000000001,0.42857142857142855,0,0.31806360813627443,0.32262194385160703,34,control,model-v1,0.31806360813627443,synthetic_demo
entity_0020,candidate,2026-08-27 02:53:00+00:00,0.83404,5,17,43,0.6083333333333333,0.73303,0.09759600000000002,2.4285714285714284,1,0.6092909599647859,0.6043279513691491,40,control,model-v1,0.6092909599647859,synthetic_demo
entity_0186,company,2026-08-27 02:57:00+00:00,0.672018,0,15,22,3.5791666666666666,0.52191,0.006205000000000016,2.142857142857143,1,0.46645593251922113,0.46623658418377667,94,control,model-v1,0.46645593251922113,synthetic_demo
entity_0119,candidate,2026-08-27 02:58:00+00:00,0.592495,1,15,29,0.0625,0.757125,0.03842100000000004,2.142857142857143,1,0.4783713007927736,0.4760018754811757,91,control,model-v1,0.4783713007927736,synthetic_demo
entity_0102,candidate,2026-08-27 03:02:00+00:00,0.647153,5,12,12,0.08819444444444445,0.662814,0.12020599999999992,1.7142857142857142,1,0.5010707284474571,0.4943261297843281,32,control,model-v1,0.5010707284474571,synthetic_demo
entity_0134,candidate,2026-08-27 03:04:00+00:00,0.915877,0,15,37,2.44375,0.883304,0.041964,2.142857142857143,1,0.7061181609884445,0.70490742289035,87,control,model-v1,0.7061181609884445,synthetic_demo
entity_0022,candidate,2026-08-27 03:05:00+00:00,0.784993,0,9,14,2.2875,0.690281,-0.08679399999999993,1.2857142857142858,0,0.5848607735379922,0.5899630051245013,2,permanent_holdout,non_ml_baseline,0.7376370000000001,synthetic_demo
entity_0041,candidate,2026-08-27 03:05:00+00:00,0.483639,0,3,14,4.149305555555555,0.399266,0.11131599999999997,0.42857142857142855,0,0.31174410243897255,0.3068085567801527,36,control,model-v1,0.31174410243897255,synthetic_demo
entity_0042,candidate,2026-08-27 03:05:00+00:00,0.421717,0,5,12,2.279861111111111,0.585954,-0.031725999999999976,0.7142857142857143,1,0.33606798022356343,0.33729709901056026,27,control,model-v1,0.33606798022356343,synthetic_demo
entity_0030,candidate,2026-08-27 03:06:00+00:00,0.38466,0,10,15,3.1840277777777777,0.913777,0.09750399999999998,1.4285714285714286,1,0.4457651138900327,0.4398695471284558,6,permanent_holdout,non_ml_baseline,0.6492184999999999,synthetic_demo
entity_0153,company,2026-08-27 03:06:00+00:00,0.37637,1,18,23,0.08402777777777778,0.68925,-0.005003000000000035,2.5714285714285716,0,0.3452555857610576,0.3444212617854785,37,control,model-v1,0.3452555857610576,synthetic_demo
entity_0005,candidate,2026-08-27 03:13:00+00:00,0.478664,0,2,6,2.321527777777778,0.703408,-0.007476000000000038,0.2857142857142857,0,0.41087123200942,0.41122731864041373,40,control,model-v1,0.41087123200942,synthetic_demo
entity_0134,candidate,2026-08-27 03:14:00+00:00,0.78416,1,16,38,0.006944444444444444,0.883304,-0.13171700000000008,2.2857142857142856,1,0.6254464800713382,0.6320904763070291,87,control,model-v1,0.6254464800713382,synthetic_demo
entity_0122,candidate,2026-08-27 03:15:00+00:00,0.197239,0,3,12,3.7930555555555556,0.819313,-0.11459200000000003,0.42857142857142855,0,0.30644562443622186,0.310646409200472,68,control,model-v1,0.30644562443622186,synthetic_demo
entity_0007,candidate,2026-08-27 03:18:00+00:00,0.675366,0,8,15,2.1638888888888888,0.571475,-0.0014440000000000008,1.1428571428571428,0,0.472661714580362,0.47317171500623895,4,permanent_holdout,non_ml_baseline,0.6234204999999999,synthetic_demo
entity_0077,candidate,2026-08-27 03:20:00+00:00,0.709851,7,20,33,0.03194444444444444,0.894463,-0.05579500000000004,2.857142857142857,1,0.6176499215315046,0.6195509268727208,33,control,model-v1,0.6176499215315046,synthetic_demo
entity_0135,candidate,2026-08-27 03:22:00+00:00,0.846627,0,12,25,2.4055555555555554,0.460149,-0.06095399999999995,1.7142857142857142,1,0.5263998702277091,0.5304815404804128,92,control,model-v1,0.5263998702277091,synthetic_demo
entity_0128,candidate,2026-08-27 03:23:00+00:00,0.464909,0,9,25,1.2430555555555556,0.693581,0.012169000000000041,1.2857142857142858,1,0.3819245995004771,0.3809636915054668,99,control,model-v1,0.3819245995004771,synthetic_demo
entity_0077,candidate,2026-08-27 03:24:00+00:00,0.748164,8,21,34,0.002777777777777778,0.894463,0.03831300000000004,3.0,1,0.6414027573037852,0.6386696483941398,33,control,model-v1,0.6414027573037852,synthetic_demo
entity_0145,company,2026-08-27 03:24:00+00:00,0.627881,2,15,30,0.38680555555555557,0.712164,-0.039802000000000004,2.142857142857143,1,0.48570257368999853,0.4874735683509976,18,challenger,model-v2,0.4874735683509976,synthetic_demo
entity_0174,company,2026-08-27 03:25:00+00:00,0.821933,4,11,21,0.05486111111111111,0.480944,0.04682399999999998,1.5714285714285714,0,0.517132669220765,0.5150997123435134,88,control,model-v1,0.517132669220765,synthetic_demo
entity_0073,candidate,2026-08-27 03:27:00+00:00,0.813352,5,29,41,0.28958333333333336,0.682864,-0.014176999999999995,4.142857142857143,1,0.6008675182274059,0.6009521498455139,11,challenger,model-v2,0.6009521498455139,synthetic_demo
entity_0093,candidate,2026-08-27 03:28:00+00:00,0.3622,0,1,3,4.333333333333333,0.541548,0.08644800000000002,0.14285714285714285,1,0.3075026093530958,0.30337455925413537,28,control,model-v1,0.3075026093530958,synthetic_demo
entity_0162,company,2026-08-27 03:32:00+00:00,0.277249,0,5,8,2.270138888888889,0.826128,0.07287700000000003,0.7142857142857143,1,0.3474289673784113,0.3431347189159489,74,control,model-v1,0.3474289673784113,synthetic_demo
entity_0177,company,2026-08-27 03:36:00+00:00,0.728115,3,11,29,0.04513888888888889,0.854062,0.1052289999999999,1.5714285714285714,1,0.5912231096862549,0.5858773529775221,4,permanent_holdout,non_ml_baseline,0.7910885,synthetic_demo
entity_0178,company,2026-08-27 03:36:00+00:00,0.842443,3,18,40,0.34444444444444444,0.805549,0.003187000000000051,2.5714285714285716,1,0.6380020134786532,0.6379433100671983,6,permanent_holdout,non_ml_baseline,0.823996,synthetic_demo
entity_0102,candidate,2026-08-27 03:38:00+00:00,0.562625,6,13,13,0.025,0.662814,-0.08452799999999994,1.8571428571428572,1,0.4550283000869315,0.45859088232629386,32,control,model-v1,0.4550283000869315,synthetic_demo
entity_0004,candidate,2026-08-27 03:41:00+00:00,0.888772,1,15,41,0.10972222222222222,0.421875,-0.05723800000000001,2.142857142857143,0,0.5080019793352638,0.5118449854804139,43,control,model-v1,0.5080019793352638,synthetic_demo
entity_0197,company,2026-08-27 03:44:00+00:00,0.752795,4,14,29,0.21041666666666667,0.825549,0.05232800000000004,2.0,0,0.6037548589797074,0.6009887810624128,15,challenger,model-v2,0.6009887810624128,synthetic_demo
entity_0172,company,2026-08-27 04:02:00+00:00,0.236452,3,10,11,0.21944444444444444,0.729894,-0.016751000000000016,1.4285714285714286,0,0.2939274927475134,0.29338661189120147,42,control,model-v1,0.2939274927475134,synthetic_demo
entity_0149,company,2026-08-27 04:23:00+00:00,0.636451,2,7,14,0.38263888888888886,0.958251,0.0027199999999999447,1.0,0,0.5886842599964451,0.5884923295329928,3,permanent_holdout,non_ml_baseline,0.7973509999999999,synthetic_demo
entity_0161,company,2026-08-27 04:25:00+00:00,0.549279,1,6,14,0.19652777777777777,0.402824,0.09284299999999995,0.8571428571428571,0,0.32820464762090285,0.32400506737386275,18,challenger,model-v2,0.32400506737386275,synthetic_demo
entity_0126,candidate,2026-08-27 04:29:00+00:00,0.47666,0,2,7,6.225694444444445,0.538424,-0.14169200000000004,0.2857142857142857,0,0.37576776617255775,0.38279300283646894,57,control,model-v1,0.37576776617255775,synthetic_demo
entity_0121,candidate,2026-08-27 04:45:00+00:00,0.289912,0,10,15,2.6256944444444446,0.874267,-0.12806299999999998,1.4285714285714286,1,0.3740885045910215,0.3793550320282585,36,control,model-v1,0.3740885045910215,synthetic_demo
entity_0053,candidate,2026-08-27 04:46:00+00:00,0.825161,5,17,31,0.41597222222222224,0.392836,-0.09848699999999999,2.4285714285714284,0,0.48953426878547196,0.49481097200315177,85,control,model-v1,0.48953426878547196,synthetic_demo
entity_0151,company,2026-08-27 05:18:00+00:00,0.676375,0,11,23,2.3520833333333333,0.857793,0.03902899999999998,1.5714285714285714,0,0.5788654613689163,0.5769994576135691,74,control,model-v1,0.5788654613689163,synthetic_demo
entity_0179,company,2026-08-27 05:18:00+00:00,0.31569,1,6,9,0.9222222222222223,0.721651,0.063722,0.8571428571428571,1,0.32599490131512643,0.32229838733181243,80,control,model-v1,0.32599490131512643,synthetic_demo
entity_0132,candidate,2026-08-27 05:26:00+00:00,0.684298,4,10,24,0.5576388888888889,0.805617,-0.08758700000000008,1.4285714285714286,1,0.5589370144615519,0.5633078138356458,23,control,model-v1,0.5589370144615519,synthetic_demo
entity_0146,company,2026-08-27 05:26:00+00:00,0.700488,1,13,30,0.18055555555555555,0.812222,-0.06468200000000002,1.8571428571428572,1,0.5578082322335658,0.5612386075623215,96,control,model-v1,0.5578082322335658,synthetic_demo
entity_0142,company,2026-08-27 05:35:00+00:00,0.841455,0,5,17,1.5270833333333333,0.414668,-0.02075500000000008,0.7142857142857143,1,0.49659040009252237,0.4989136882791333,30,control,model-v1,0.49659040009252237,synthetic_demo
entity_0009,candidate,2026-08-27 05:57:00+00:00,0.820357,5,15,38,0.3263888888888889,0.504183,-0.06923000000000001,2.142857142857143,1,0.5161999790353538,0.5199501986317739,49,control,model-v1,0.5161999790353538,synthetic_demo
entity_0103,candidate,2026-08-27 06:05:00+00:00,0.870069,0,7,18,3.759027777777778,0.637277,-0.07513100000000006,1.0,1,0.6149155096716883,0.6196762939854475,69,control,model-v1,0.6149155096716883,synthetic_demo
entity_0177,company,2026-08-27 06:10:00+00:00,0.665256,4,12,30,0.10694444444444444,0.854062,-0.062859,1.7142857142857142,1,0.5593183418807682,0.5622326854817462,4,permanent_holdout,non_ml_baseline,0.759659,synthetic_demo
entity_0134,candidate,2026-08-27 06:19:00+00:00,0.777376,2,17,39,0.1284722222222222,0.883304,-0.006784000000000012,2.4285714285714284,1,0.6257891089704609,0.6261249528301468,87,control,model-v1,0.6257891089704609,synthetic_demo
entity_0088,candidate,2026-08-27 06:27:00+00:00,0.815964,2,18,30,0.21805555555555556,0.64556,0.06589800000000001,2.5714285714285716,1,0.5733524503565431,0.5701645834302046,22,control,model-v1,0.5733524503565431,synthetic_demo
entity_0038,candidate,2026-08-27 06:41:00+00:00,0.707627,0,8,18,1.4076388888888889,0.693873,-0.04111600000000004,1.1428571428571428,1,0.5288149100076617,0.5314584507585784,66,control,model-v1,0.5288149100076617,synthetic_demo
entity_0142,company,2026-08-27 06:41:00+00:00,0.888364,1,6,18,0.04583333333333333,0.414668,0.04690900000000009,0.8571428571428571,1,0.5164137974312156,0.5151995734474266,30,control,model-v1,0.5164137974312156,synthetic_demo
entity_0021,candidate,2026-08-27 06:50:00+00:00,0.319612,1,4,13,0.23125,0.747318,-0.017598999999999976,0.5714285714285714,1,0.32454894227047854,0.3246924775432857,86,control,model-v1,0.32454894227047854,synthetic_demo
entity_0069,candidate,2026-08-27 06:54:00+00:00,0.609596,2,12,21,0.20625,0.962872,0.05545800000000001,1.7142857142857142,1,0.5745114208169412,0.5712841985426156,43,control,model-v1,0.5745114208169412,synthetic_demo
entity_0174,company,2026-08-27 06:59:00+00:00,0.82807,5,12,22,0.1486111111111111,0.480944,0.006136999999999948,1.7142857142857142,0,0.5247897535496908,0.5247590786885935,88,control,model-v1,0.5247897535496908,synthetic_demo
entity_0074,candidate,2026-08-27 07:00:00+00:00,0.64554,1,8,16,0.2722222222222222,0.915232,0.06977900000000004,1.1428571428571428,0,0.5737043684541475,0.570170663328559,74,control,model-v1,0.5737043684541475,synthetic_demo
entity_0178,company,2026-08-27 07:02:00+00:00,0.847549,3,18,40,0.14305555555555555,0.805549,0.005105999999999944,2.5714285714285716,1,0.639379487863997,0.6392462602595704,6,permanent_holdout,non_ml_baseline,0.826549,synthetic_demo
entity_0126,candidate,2026-08-27 07:14:00+00:00,0.458309,1,3,8,0.11458333333333333,0.538424,-0.01835099999999995,0.42857142857142855,1,0.3283743416773782,0.3291108532395508,57,control,model-v1,0.3283743416773782,synthetic_demo
entity_0009,candidate,2026-08-27 07:19:00+00:00,0.809828,6,16,38,0.05694444444444444,0.504183,-0.01052900000000001,2.2857142857142856,0,0.5127697419829654,0.5132461089756253,49,control,model-v1,0.5127697419829654,synthetic_demo
entity_0179,company,2026-08-27 07:23:00+00:00,0.253838,1,7,10,0.08680555555555555,0.721651,-0.06185200000000002,1.0,0,0.2906652901474568,0.29243924950758743,80,control,model-v1,0.2906652901474568,synthetic_demo
entity_0157,company,2026-08-27 07:26:00+00:00,0.639442,0,0,14,8.317361111111111,0.724008,-0.11355700000000002,0.0,1,0.5413885929894882,0.547830389558197,2,permanent_holdout,non_ml_baseline,0.6817249999999999,synthetic_demo
entity_0125,candidate,2026-08-27 07:28:00+00:00,0.857512,4,16,38,0.5951388888888889,0.946845,-0.06279799999999991,2.2857142857142856,1,0.6966037887649247,0.6994395256073886,23,control,model-v1,0.6966037887649247,synthetic_demo
entity_0074,candidate,2026-08-27 07:35:00+00:00,0.599792,2,9,17,0.024305555555555556,0.915232,-0.04574800000000001,1.2857142857142858,1,0.5491045995508206,0.5512470209441441,74,control,model-v1,0.5491045995508206,synthetic_demo
entity_0038,candidate,2026-08-27 07:46:00+00:00,0.757488,1,9,19,0.04513888888888889,0.693873,0.049861000000000044,1.2857142857142858,0,0.5510824236895226,0.5489991384870785,66,control,model-v1,0.5510824236895226,synthetic_demo
entity_0018,candidate,2026-08-27 08:12:00+00:00,0.252855,0,1,6,5.126388888888889,0.622119,-0.094142,0.14285714285714285,0,0.28199085717035494,0.28541760075416234,27,control,model-v1,0.28199085717035494,synthetic_demo
entity_0016,candidate,2026-08-27 08:17:00+00:00,1.0,4,27,34,0.27152777777777776,0.704796,0.0,3.857142857142857,1,0.7077717213354651,0.7079092099742206,86,control,model-v1,0.7077717213354651,synthetic_demo
entity_0119,candidate,2026-08-27 08:23:00+00:00,0.631659,2,16,29,0.22569444444444445,0.757125,0.03916399999999998,2.2857142857142856,1,0.5069692575534872,0.5045297803431832,91,control,model-v1,0.5069692575534872,synthetic_demo
entity_0121,candidate,2026-08-27 08:38:00+00:00,0.288881,1,11,16,0.16180555555555556,0.874267,-0.0010310000000000041,1.5714285714285714,0,0.3599420305058363,0.3588323972335536,36,control,model-v1,0.3599420305058363,synthetic_demo
entity_0008,candidate,2026-08-27 08:41:00+00:00,0.88454,3,18,26,0.2833333333333333,0.621484,0.12277199999999999,2.5714285714285716,1,0.6109169042280658,0.6050879917440951,55,control,model-v1,0.6109169042280658,synthetic_demo
entity_0136,candidate,2026-08-27 08:46:00+00:00,0.634839,4,5,10,0.3625,0.635972,0.0975100000000001,0.7142857142857143,1,0.4724210968058696,0.46729363035832233,49,control,model-v1,0.4724210968058696,synthetic_demo
entity_0102,candidate,2026-08-27 08:48:00+00:00,0.48473,6,14,14,0.2152777777777778,0.662814,-0.07789500000000005,2.0,1,0.4125537228511175,0.415394328691756,32,control,model-v1,0.4125537228511175,synthetic_demo
entity_0021,candidate,2026-08-27 08:50:00+00:00,0.290896,2,5,14,0.08333333333333333,0.747318,-0.02871600000000002,0.7142857142857143,0,0.3120928171184434,0.3125196350964239,86,control,model-v1,0.3120928171184434,synthetic_demo
entity_0151,company,2026-08-27 08:56:00+00:00,0.718428,1,12,24,0.15138888888888888,0.857793,0.04205300000000001,1.7142857142857142,1,0.5902679502232725,0.5882782472951594,74,control,model-v1,0.5902679502232725,synthetic_demo
entity_0182,company,2026-08-27 08:57:00+00:00,0.974418,0,18,43,2.658333333333333,0.88819,0.13939199999999996,2.5714285714285716,1,0.734751302625413,0.7296281350051512,31,control,model-v1,0.734751302625413,synthetic_demo
entity_0170,company,2026-08-27 08:58:00+00:00,0.816909,0,7,21,1.7819444444444446,0.387302,-0.007963999999999971,1.0,0,0.47251368839313757,0.4739946366012127,2,permanent_holdout,non_ml_baseline,0.6021055,synthetic_demo
entity_0182,company,2026-08-27 08:59:00+00:00,0.935145,1,19,44,0.001388888888888889,0.88819,-0.039273,2.7142857142857144,0,0.7033746438715126,0.705556260208879,31,control,model-v1,0.7033746438715126,synthetic_demo
entity_0103,candidate,2026-08-27 09:05:00+00:00,0.981758,1,8,19,0.125,0.637277,0.11168900000000004,1.1428571428571428,1,0.6535892080347377,0.6494815801163702,69,control,model-v1,0.6535892080347377,synthetic_demo
entity_0126,candidate,2026-08-27 09:14:00+00:00,0.58874,2,4,9,0.08333333333333333,0.538424,0.13043100000000002,0.5714285714285714,1,0.4014047587427192,0.39497170498869727,57,control,model-v1,0.4014047587427192,synthetic_demo
entity_0146,company,2026-08-27 09:14:00+00:00,0.765656,2,13,30,0.15833333333333333,0.812222,0.065168,1.8571428571428572,0,0.5973240228664634,0.5941986176298041,96,control,model-v1,0.5973240228664634,synthetic_demo
entity_0117,candidate,2026-08-27 09:22:00+00:00,0.942639,1,25,50,0.3145833333333333,0.543925,0.0023379999999999512,3.5714285714285716,1,0.5936255168861635,0.5939710596290062,37,control,model-v1,0.5936255168861635,synthetic_demo
entity_0003,candidate,2026-08-27 09:25:00+00:00,0.761067,3,9,16,0.6270833333333333,0.649045,0.010350999999999999,1.2857142857142858,1,0.5496619365141724,0.5494470585579496,47,control,model-v1,0.5496619365141724,synthetic_demo
entity_0093,candidate,2026-08-27 09:26:00+00:00,0.347001,1,2,4,0.24861111111111112,0.541548,-0.015199000000000018,0.2857142857142857,1,0.2782555369522034,0.27852426019466475,28,control,model-v1,0.2782555369522034,synthetic_demo
entity_0073,candidate,2026-08-27 09:31:00+00:00,0.841417,4,29,42,0.25277777777777777,0.682864,0.028065000000000007,4.142857142857143,1,0.6123130694869606,0.6104794918480096,11,challenger,model-v2,0.6104794918480096,synthetic_demo
entity_0142,company,2026-08-27 09:34:00+00:00,0.898986,2,7,19,0.12013888888888889,0.414668,0.01062199999999991,1.0,1,0.5265293256288546,0.527100427816672,30,control,model-v1,0.5265293256288546,synthetic_demo
entity_0137,candidate,2026-08-27 09:55:00+00:00,0.523477,1,9,21,0.38125,0.708766,-0.11640700000000004,1.2857142857142858,1,0.4215948503406544,0.42730315315451733,0,permanent_holdout,non_ml_baseline,0.6161215,synthetic_demo
entity_0107,candidate,2026-08-27 10:03:00+00:00,0.395442,1,4,17,0.30416666666666664,0.585041,0.03081900000000004,0.5714285714285714,0,0.3052981208558668,0.3035689838402372,34,control,model-v1,0.3052981208558668,synthetic_demo
entity_0030,candidate,2026-08-27 10:09:00+00:00,0.378005,1,10,15,0.29375,0.913777,-0.006655000000000022,1.4285714285714286,1,0.42392035792447075,0.42335022179770004,6,permanent_holdout,non_ml_baseline,0.645891,synthetic_demo
entity_0139,candidate,2026-08-27 10:09:00+00:00,0.655813,1,6,16,0.34444444444444444,0.623747,0.13305599999999995,0.8571428571428571,0,0.4658208240728215,0.4592034127990642,60,control,model-v1,0.4658208240728215,synthetic_demo
entity_0132,candidate,2026-08-27 10:10:00+00:00,0.811269,4,11,25,0.19722222222222222,0.805617,0.12697100000000006,1.5714285714285714,1,0.6280513749390402,0.6219881490043588,23,control,model-v1,0.6280513749390402,synthetic_demo
entity_0053,candidate,2026-08-27 10:11:00+00:00,0.866768,5,15,32,0.22569444444444445,0.392836,0.04160699999999995,2.142857142857143,1,0.5073739772941931,0.5055145540450982,85,control,model-v1,0.5073739772941931,synthetic_demo
entity_0159,company,2026-08-27 10:15:00+00:00,0.649957,2,16,27,0.3284722222222222,0.729018,-0.007900000000000018,2.2857142857142856,1,0.5101053062401434,0.5102186125301186,15,challenger,model-v2,0.5102186125301186,synthetic_demo
entity_0012,candidate,2026-08-27 10:16:00+00:00,0.587118,0,12,25,2.5416666666666665,0.458486,0.013548000000000004,1.7142857142857142,1,0.37846703433665463,0.3778022468233627,50,control,model-v1,0.37846703433665463,synthetic_demo
entity_0137,candidate,2026-08-27 10:20:00+00:00,0.629313,2,10,22,0.017361111111111112,0.708766,0.10583600000000004,1.4285714285714286,0,0.48320354836427004,0.47756280333863377,0,permanent_holdout,non_ml_baseline,0.6690395,synthetic_demo
entity_0110,candidate,2026-08-27 10:28:00+00:00,0.660362,1,8,9,0.3284722222222222,0.976177,0.08020700000000003,1.1428571428571428,0,0.6132229082741617,0.6092874781223326,43,control,model-v1,0.6132229082741617,synthetic_demo
entity_0182,company,2026-08-27 10:30:00+00:00,0.839436,2,20,45,0.06319444444444444,0.88819,-0.09570900000000004,2.857142857142857,1,0.6584590984382669,0.6630394383114769,31,control,model-v1,0.6584590984382669,synthetic_demo
entity_0044,candidate,2026-08-27 10:32:00+00:00,0.293233,3,3,5,0.42986111111111114,0.886079,-0.156379,0.42857142857142855,1,0.3724311544958732,0.3791185224368101,14,challenger,model-v2,0.3791185224368101,synthetic_demo
entity_0186,company,2026-08-27 10:37:00+00:00,0.660844,1,16,23,0.3194444444444444,0.52191,-0.011174000000000017,2.2857142857142856,1,0.43975262479116956,0.44029007968283335,94,control,model-v1,0.43975262479116956,synthetic_demo
entity_0071,candidate,2026-08-27 10:45:00+00:00,1.0,0,18,44,1.0493055555555555,0.794835,0.10040000000000004,2.5714285714285716,1,0.707584022112076,0.7039959415626584,19,challenger,model-v2,0.7039959415626584,synthetic_demo
entity_0135,candidate,2026-08-27 10:45:00+00:00,0.859692,1,13,26,0.3076388888888889,0.460149,0.013064999999999993,1.8571428571428572,1,0.5220566427414307,0.5221720263280549,92,control,model-v1,0.5220566427414307,synthetic_demo
entity_0007,candidate,2026-08-27 10:53:00+00:00,0.710618,1,9,16,0.3159722222222222,0.571475,0.03525199999999995,1.2857142857142858,1,0.483011218526282,0.4815814135229999,4,permanent_holdout,non_ml_baseline,0.6410465,synthetic_demo
entity_0103,candidate,2026-08-27 10:54:00+00:00,0.922594,2,9,20,0.07569444444444444,0.637277,-0.059163999999999994,1.2857142857142858,0,0.6247032576345469,0.6285528600360076,69,control,model-v1,0.6247032576345469,synthetic_demo
entity_0194,company,2026-08-27 10:54:00+00:00,0.778026,0,12,25,1.229861111111111,0.937393,-0.07577,1.7142857142857142,1,0.6548782502361782,0.6588457703636056,58,control,model-v1,0.6548782502361782,synthetic_demo
entity_0139,candidate,2026-08-27 10:55:00+00:00,0.582495,2,7,17,0.03194444444444444,0.623747,-0.073318,1.0,1,0.4248649154326147,0.4285902248572763,60,control,model-v1,0.4248649154326147,synthetic_demo
entity_0161,company,2026-08-27 10:55:00+00:00,0.399203,2,6,14,0.2708333333333333,0.402824,-0.150076,0.8571428571428571,0,0.2588895146805535,0.2646006444162345,18,challenger,model-v2,0.2646006444162345,synthetic_demo
entity_0004,candidate,2026-08-27 10:59:00+00:00,0.759429,2,16,42,0.30416666666666664,0.421875,-0.12934299999999999,2.2857142857142856,0,0.43800368091649733,0.4449492862019411,43,control,model-v1,0.43800368091649733,synthetic_demo
entity_0103,candidate,2026-08-27 11:03:00+00:00,0.805507,3,10,21,0.00625,0.637277,-0.11708700000000005,1.4285714285714286,1,0.5619399491876942,0.5684373326035005,69,control,model-v1,0.5619399491876942,synthetic_demo
entity_0073,candidate,2026-08-27 11:10:00+00:00,0.83863,5,30,43,0.06875,0.682864,-0.002786999999999984,4.285714285714286,1,0.6127409673541677,0.6122956631105378,11,challenger,model-v2,0.6122956631105378,synthetic_demo
entity_0151,company,2026-08-27 11:12:00+00:00,0.6854,2,13,25,0.09444444444444444,0.857793,-0.033027999999999946,1.8571428571428572,1,0.5745173750208235,0.5761093161620982,74,control,model-v1,0.5745173750208235,synthetic_demo
entity_0157,company,2026-08-27 11:25:00+00:00,0.757532,1,1,15,0.16597222222222222,0.724008,0.11809000000000003,0.14285714285714285,1,0.5536223816556413,0.5483355566652581,2,permanent_holdout,non_ml_baseline,0.7407699999999999,synthetic_demo
entity_0126,candidate,2026-08-27 11:29:00+00:00,0.532622,3,5,10,0.09375,0.538424,-0.056118,0.7142857142857143,1,0.3737693776220118,0.37635780905692656,57,control,model-v1,0.3737693776220118,synthetic_demo
entity_0005,candidate,2026-08-27 11:32:00+00:00,0.57968,1,3,7,0.34652777777777777,0.703408,0.101016,0.42857142857142855,1,0.4576655963681802,0.45257707301760863,40,control,model-v1,0.4576655963681802,synthetic_demo
entity_0135,candidate,2026-08-27 11:32:00+00:00,0.904864,2,14,27,0.03263888888888889,0.460149,0.04517199999999999,2.0,1,0.5495613025650059,0.5480019907000794,92,control,model-v1,0.5495613025650059,synthetic_demo
entity_0088,candidate,2026-08-27 11:36:00+00:00,0.70778,3,19,31,0.21458333333333332,0.64556,-0.10818400000000006,2.7142857142857144,0,0.5144081032884703,0.5197866644293246,22,control,model-v1,0.5144081032884703,synthetic_demo
entity_0117,candidate,2026-08-27 11:43:00+00:00,0.999428,2,25,50,0.09791666666666667,0.543925,0.05678899999999998,3.5714285714285716,1,0.6261785826725859,0.6239072128329748,37,control,model-v1,0.6261785826725859,synthetic_demo
entity_0008,candidate,2026-08-27 11:45:00+00:00,0.843612,4,19,27,0.12777777777777777,0.621484,-0.040927999999999964,2.7142857142857144,0,0.5902864368902396,0.59242175029716,55,control,model-v1,0.5902864368902396,synthetic_demo
entity_0007,candidate,2026-08-27 11:47:00+00:00,0.643477,2,10,17,0.0375,0.571475,-0.067141,1.4285714285714286,1,0.44558386973670855,0.4491218445979262,4,permanent_holdout,non_ml_baseline,0.6074759999999999,synthetic_demo
entity_0038,candidate,2026-08-27 11:57:00+00:00,0.666758,2,8,19,0.17430555555555555,0.693873,-0.09073000000000009,1.1428571428571428,0,0.5004400939021115,0.5053625640615725,66,control,model-v1,0.5004400939021115,synthetic_demo
entity_0089,candidate,2026-08-27 12:04:00+00:00,0.757166,1,15,32,0.43125,0.874239,-0.16650600000000004,2.142857142857143,1,0.6156067011106491,0.6239969131713423,26,control,model-v1,0.6156067011106491,synthetic_demo
entity_0174,company,2026-08-27 12:17:00+00:00,0.766123,6,13,23,0.22083333333333333,0.480944,-0.061946999999999974,1.8571428571428572,1,0.49275987423159834,0.49594475471452737,88,control,model-v1,0.49275987423159834,synthetic_demo
entity_0066,candidate,2026-08-27 12:19:00+00:00,0.41124,1,7,18,0.5055555555555555,0.510268,-0.08480500000000002,1.0,1,0.29390331628917965,0.29723178039188825,99,control,model-v1,0.29390331628917965,synthetic_demo
entity_0128,candidate,2026-08-27 12:31:00+00:00,0.440744,1,10,26,0.38055555555555554,0.693581,-0.024164999999999992,1.4285714285714286,1,0.3660616341266011,0.36668167870882307,99,control,model-v1,0.3660616341266011,synthetic_demo
entity_0180,company,2026-08-27 12:34:00+00:00,0.359245,0,2,9,5.086111111111111,0.609243,0.13233399999999998,0.2857142857142857,0,0.32835434549023756,0.32187403373015266,61,control,model-v1,0.32835434549023756,synthetic_demo
entity_0122,candidate,2026-08-27 12:42:00+00:00,0.284051,1,4,12,0.39375,0.819313,0.086812,0.5714285714285714,1,0.3327120787129923,0.3278513294001565,68,control,model-v1,0.3327120787129923,synthetic_demo
entity_0053,candidate,2026-08-27 12:45:00+00:00,0.808798,6,16,33,0.10694444444444444,0.392836,-0.057969999999999966,2.2857142857142856,1,0.47625417339065423,0.47927830977105973,85,control,model-v1,0.47625417339065423,synthetic_demo
entity_0194,company,2026-08-27 12:51:00+00:00,0.771127,1,13,24,0.08125,0.937393,-0.0068989999999999885,1.8571428571428572,1,0.6489589001195384,0.6495159608241541,58,control,model-v1,0.6489589001195384,synthetic_demo
entity_0110,candidate,2026-08-27 12:56:00+00:00,0.491414,2,9,10,0.10277777777777777,0.976177,-0.168948,1.2857142857142858,1,0.5188001236453746,0.5270308150529677,43,control,model-v1,0.5188001236453746,synthetic_demo
entity_0089,candidate,2026-08-27 12:59:00+00:00,0.834178,2,16,33,0.03819444444444445,0.874239,0.07701199999999997,2.2857142857142856,1,0.6574852377081921,0.6540478902658489,26,control,model-v1,0.6574852377081921,synthetic_demo
entity_0117,candidate,2026-08-27 13:13:00+00:00,0.960304,3,25,51,0.0625,0.543925,-0.03912399999999994,3.5714285714285716,0,0.6059088090827948,0.6081827202613163,37,control,model-v1,0.6059088090827948,synthetic_demo
entity_0153,company,2026-08-27 13:14:00+00:00,0.391866,2,18,24,0.4222222222222222,0.68925,0.01549600000000001,2.5714285714285716,0,0.35714742332361327,0.3552533470236378,37,control,model-v1,0.35714742332361327,synthetic_demo
entity_0104,candidate,2026-08-27 13:16:00+00:00,0.455327,0,5,11,1.7104166666666667,0.559171,0.106234,0.7142857142857143,0,0.3417829424462656,0.3366281588407638,5,permanent_holdout,non_ml_baseline,0.507249,synthetic_demo
entity_0052,candidate,2026-08-27 13:20:00+00:00,0.338675,1,7,18,0.49930555555555556,0.571215,0.03388200000000002,1.0,1,0.2784246605144511,0.276396562217729,70,control,model-v1,0.2784246605144511,synthetic_demo
entity_0028,candidate,2026-08-27 13:24:00+00:00,0.647211,2,14,25,0.5145833333333333,0.506009,0.023012000000000032,2.0,1,0.4241102464410928,0.4228287972894253,76,control,model-v1,0.4241102464410928,synthetic_demo
entity_0128,candidate,2026-08-27 13:28:00+00:00,0.570306,2,11,27,0.03958333333333333,0.693581,0.12956199999999995,1.5714285714285714,1,0.4392242323721752,0.43220532998789146,99,control,model-v1,0.4392242323721752,synthetic_demo
entity_0042,candidate,2026-08-27 13:30:00+00:00,0.355262,1,6,13,0.4340277777777778,0.585954,-0.06645499999999999,0.8571428571428571,1,0.29406276895731953,0.29643298603710505,27,control,model-v1,0.29406276895731953,synthetic_demo
entity_0054,candidate,2026-08-27 13:33:00+00:00,0.685742,1,14,32,0.5590277777777778,0.695234,0.07789299999999999,2.0,1,0.5069799757551342,0.5029170005660256,9,permanent_holdout,non_ml_baseline,0.690488,synthetic_demo
entity_0088,candidate,2026-08-27 13:42:00+00:00,0.724866,4,19,32,0.0875,0.64556,0.017086000000000046,2.7142857142857144,1,0.524956257572737,0.5236996074188272,22,control,model-v1,0.524956257572737,synthetic_demo
entity_0146,company,2026-08-27 13:45:00+00:00,0.731592,3,13,30,0.18819444444444444,0.812222,-0.03406399999999998,1.8571428571428572,0,0.5810908883727651,0.5827964336447311,96,control,model-v1,0.5810908883727651,synthetic_demo
entity_0187,company,2026-08-27 13:45:00+00:00,0.676349,1,6,18,0.9506944444444444,0.979069,0.11483999999999994,0.8571428571428571,1,0.6133021773204999,0.6077597377279663,6,permanent_holdout,non_ml_baseline,0.827709,synthetic_demo
entity_0009,candidate,2026-08-27 13:49:00+00:00,0.791437,5,17,38,0.2708333333333333,0.504183,-0.018391000000000046,2.4285714285714284,1,0.5026954453676906,0.5035846354999229,49,control,model-v1,0.5026954453676906,synthetic_demo
entity_0022,candidate,2026-08-27 13:50:00+00:00,0.847008,1,6,15,0.4479166666666667,0.690281,0.06201499999999993,0.8571428571428571,1,0.6027833421509252,0.6005734795158105,2,permanent_holdout,non_ml_baseline,0.7686445,synthetic_demo
entity_0003,candidate,2026-08-27 13:52:00+00:00,0.768777,3,10,17,0.18541666666666667,0.649045,0.007709999999999995,1.4285714285714286,1,0.5514993263196297,0.5514081739735959,47,control,model-v1,0.5514993263196297,synthetic_demo
entity_0187,company,2026-08-27 13:55:00+00:00,0.533146,2,7,19,0.006944444444444444,0.979069,-0.14320299999999997,1.0,1,0.5285634177817194,0.5356603594100228,6,permanent_holdout,non_ml_baseline,0.7561074999999999,synthetic_demo
entity_0174,company,2026-08-27 14:11:00+00:00,0.822629,7,14,24,0.07916666666666666,0.480944,0.056506000000000056,2.0,0,0.5279464766650973,0.524941882639573,88,control,model-v1,0.5279464766650973,synthetic_demo
entity_0117,candidate,2026-08-27 14:17:00+00:00,0.892572,4,26,52,0.044444444444444446,0.543925,-0.06773200000000001,3.7142857142857144,1,0.5709805865850707,0.5744095013662176,37,control,model-v1,0.5709805865850707,synthetic_demo
entity_0135,candidate,2026-08-27 14:17:00+00:00,0.996797,3,15,28,0.11458333333333333,0.460149,0.09193300000000004,2.142857142857143,1,0.6055537648016702,0.6018386553777403,92,control,model-v1,0.6055537648016702,synthetic_demo
entity_0036,candidate,2026-08-27 14:18:00+00:00,0.3127,0,11,25,1.9541666666666666,0.963067,-0.009856000000000031,1.5714285714285714,1,0.40418929270413567,0.4035893977497894,86,control,model-v1,0.40418929270413567,synthetic_demo
entity_0071,candidate,2026-08-27 14:34:00+00:00,0.976613,1,18,43,0.15902777777777777,0.794835,-0.023387000000000047,2.5714285714285716,1,0.6941155747480346,0.6958273320823375,19,challenger,model-v2,0.6958273320823375,synthetic_demo
entity_0071,candidate,2026-08-27 14:36:00+00:00,0.894472,2,19,44,0.001388888888888889,0.794835,-0.08214099999999991,2.7142857142857144,1,0.6542007345881009,0.6584219164714039,19,challenger,model-v2,0.6584219164714039,synthetic_demo
entity_0036,candidate,2026-08-27 14:37:00+00:00,0.410274,1,12,26,0.013194444444444444,0.963067,0.09757400000000005,1.7142857142857142,1,0.44907156923699953,0.4430655759032093,86,control,model-v1,0.44907156923699953,synthetic_demo
entity_0021,candidate,2026-08-27 14:43:00+00:00,0.406717,3,6,14,0.24513888888888888,0.747318,0.11582100000000001,0.8571428571428571,0,0.378066285803281,0.37161964195104147,86,control,model-v1,0.378066285803281,synthetic_demo
entity_0053,candidate,2026-08-27 14:51:00+00:00,0.835877,6,17,34,0.0875,0.392836,0.027078999999999964,2.4285714285714284,0,0.49244066819388344,0.49104009378251573,85,control,model-v1,0.49244066819388344,synthetic_demo
entity_0170,company,2026-08-27 14:56:00+00:00,0.89097,1,6,22,0.24861111111111112,0.387302,0.07406100000000004,0.8571428571428571,1,0.5040097407989127,0.5013857716672944,2,permanent_holdout,non_ml_baseline,0.639136,synthetic_demo
entity_0005,candidate,2026-08-27 14:59:00+00:00,0.494614,2,4,8,0.14375,0.703408,-0.08506599999999997,0.5714285714285714,1,0.41102238016249115,0.4151173892145028,40,control,model-v1,0.41102238016249115,synthetic_demo
entity_0082,candidate,2026-08-27 15:10:00+00:00,0.820678,3,14,37,0.7180555555555556,0.353741,0.028704000000000063,2.0,1,0.45572023118623706,0.4546730780033768,41,control,model-v1,0.45572023118623706,synthetic_demo
entity_0148,company,2026-08-27 15:11:00+00:00,0.693534,2,8,30,0.6798611111111111,0.949066,0.09999800000000003,1.1428571428571428,1,0.6020232385678506,0.5970566734907707,9,permanent_holdout,non_ml_baseline,0.8212999999999999,synthetic_demo
entity_0021,candidate,2026-08-27 15:13:00+00:00,0.463226,4,7,15,0.020833333333333332,0.747318,0.05650900000000003,1.0,0,0.41112595717740824,0.40753031478415264,86,control,model-v1,0.41112595717740824,synthetic_demo
entity_0145,company,2026-08-27 15:14:00+00:00,0.691665,2,16,31,0.4930555555555556,0.712164,0.06378399999999995,2.2857142857142856,1,0.5241335636648079,0.5206286644977548,18,challenger,model-v2,0.5206286644977548,synthetic_demo
entity_0121,candidate,2026-08-27 15:17:00+00:00,0.317505,2,12,17,0.27708333333333335,0.874267,0.028623999999999983,1.7142857142857142,1,0.3794147003977953,0.37675551469986296,36,control,model-v1,0.3794147003977953,synthetic_demo
entity_0018,candidate,2026-08-27 15:19:00+00:00,0.208914,1,2,7,0.2965277777777778,0.622119,-0.04394100000000001,0.2857142857142857,0,0.2378408741548079,0.23881026857732757,27,control,model-v1,0.2378408741548079,synthetic_demo
entity_0157,company,2026-08-27 15:24:00+00:00,0.78534,2,2,14,0.16597222222222222,0.724008,0.027808000000000055,0.2857142857142857,0,0.5753103640214561,0.5746723075003561,2,permanent_holdout,non_ml_baseline,0.7546740000000001,synthetic_demo
entity_0027,candidate,2026-08-27 15:28:00+00:00,0.45063,0,3,7,2.1145833333333335,0.577832,0.07119199999999998,0.42857142857142855,0,0.3495763983121242,0.34608874692386304,55,control,model-v1,0.3495763983121242,synthetic_demo
entity_0197,company,2026-08-27 15:35:00+00:00,0.841754,3,13,30,0.49375,0.825549,0.08895900000000001,1.8571428571428572,1,0.6485372760932367,0.6445507859302376,15,challenger,model-v2,0.6445507859302376,synthetic_demo
entity_0125,candidate,2026-08-27 15:44:00+00:00,0.875301,3,16,38,0.34444444444444444,0.946845,0.017788999999999944,2.2857142857142856,1,0.7013956939316848,0.7008052355966594,23,control,model-v1,0.7013956939316848,synthetic_demo
entity_0031,candidate,2026-08-27 15:56:00+00:00,0.260774,0,6,10,2.76875,0.361382,0.01990900000000001,0.8571428571428571,0,0.2032287973945887,0.2020532643208571,91,control,model-v1,0.2032287973945887,synthetic_demo
entity_0149,company,2026-08-27 16:02:00+00:00,0.745219,2,8,15,0.48541666666666666,0.958251,0.10876799999999998,1.1428571428571428,1,0.649491099337445,0.6445035278917148,3,permanent_holdout,non_ml_baseline,0.8517349999999999,synthetic_demo
entity_0146,company,2026-08-27 16:04:00+00:00,0.710207,4,14,31,0.09652777777777778,0.812222,-0.021384999999999987,2.0,0,0.5716367646765865,0.5724762489773254,96,control,model-v1,0.5716367646765865,synthetic_demo
entity_0008,candidate,2026-08-27 16:06:00+00:00,0.792797,5,20,28,0.18125,0.621484,-0.050815000000000055,2.857142857142857,1,0.5651949145476801,0.5675524149216047,55,control,model-v1,0.5651949145476801,synthetic_demo
entity_0049,candidate,2026-08-27 16:23:00+00:00,0.788033,0,13,27,1.0965277777777778,0.578951,0.056286999999999976,1.8571428571428572,1,0.527483837158612,0.5251232078715592,37,control,model-v1,0.527483837158612,synthetic_demo
entity_0107,candidate,2026-08-27 16:26:00+00:00,0.415105,2,5,18,0.2659722222222222,0.585041,0.019662999999999986,0.7142857142857143,0,0.31779227402658716,0.3164549351384415,34,control,model-v1,0.31779227402658716,synthetic_demo
entity_0066,candidate,2026-08-27 16:36:00+00:00,0.367298,2,8,19,0.17847222222222223,0.510268,-0.04394199999999998,1.1428571428571428,0,0.2739745129191821,0.27520521341477805,99,control,model-v1,0.2739745129191821,synthetic_demo
entity_0178,company,2026-08-27 16:42:00+00:00,0.703618,3,17,38,0.4027777777777778,0.805549,-0.14393100000000003,2.4285714285714284,1,0.5617446001631503,0.5688762585158316,6,permanent_holdout,non_ml_baseline,0.7545835,synthetic_demo
entity_0113,candidate,2026-08-27 16:44:00+00:00,0.381192,0,0,7,7.715277777777778,0.545515,-0.14741900000000008,0.0,0,0.3340765810683296,0.3407892775825964,45,control,model-v1,0.3340765810683296,synthetic_demo
entity_0003,candidate,2026-08-27 16:45:00+00:00,0.816328,4,11,18,0.12013888888888889,0.649045,0.04755100000000001,1.5714285714285714,1,0.5815204341713833,0.5793929924196586,47,control,model-v1,0.5815204341713833,synthetic_demo
entity_0116,candidate,2026-08-27 16:48:00+00:00,0.358413,0,3,5,5.914583333333334,0.450912,-0.016920000000000046,0.42857142857142855,1,0.28744595040657533,0.28785373207467074,61,control,model-v1,0.28744595040657533,synthetic_demo
entity_0088,candidate,2026-08-27 17:00:00+00:00,0.698981,5,20,33,0.1375,0.64556,-0.025885000000000047,2.857142857142857,1,0.5137158278541102,0.5144722631257761,22,control,model-v1,0.5137158278541102,synthetic_demo
entity_0072,candidate,2026-08-27 17:07:00+00:00,0.499026,1,9,20,0.775,0.720287,0.12270600000000004,1.2857142857142858,1,0.4160584661569987,0.4094280070655177,16,challenger,model-v2,0.4094280070655177,synthetic_demo
entity_0187,company,2026-08-27 17:15:00+00:00,0.540581,2,8,20,0.1388888888888889,0.979069,0.007434999999999969,1.1428571428571428,1,0.5344372128859611,0.5336153543241845,6,permanent_holdout,non_ml_baseline,0.759825,synthetic_demo
entity_0187,company,2026-08-27 17:22:00+00:00,0.580097,3,9,21,0.004861111111111111,0.979069,0.039515999999999996,1.2857142857142858,1,0.5596062939903764,0.5571054828494849,6,permanent_holdout,non_ml_baseline,0.7795829999999999,synthetic_demo
entity_0135,candidate,2026-08-27 17:35:00+00:00,0.95854,4,16,28,0.1375,0.460149,-0.038257000000000096,2.2857142857142856,1,0.5888082270929443,0.5914050444597883,92,control,model-v1,0.5888082270929443,synthetic_demo
entity_0149,company,2026-08-27 17:36:00+00:00,0.55207,3,9,16,0.06527777777777778,0.958251,-0.19314900000000002,1.2857142857142858,1,0.5422018854066304,0.5517436947052925,3,permanent_holdout,non_ml_baseline,0.7551604999999999,synthetic_demo
entity_0040,candidate,2026-08-27 17:53:00+00:00,0.58025,1,7,29,0.65,0.655067,-0.0604039999999999,1.0,1,0.42240740941886634,0.4255371788617656,88,control,model-v1,0.42240740941886634,synthetic_demo
entity_0146,company,2026-08-27 17:53:00+00:00,0.764306,5,15,31,0.07569444444444444,0.812222,0.05409900000000001,2.142857142857143,1,0.6064237709842709,0.6034707885343616,96,control,model-v1,0.6064237709842709,synthetic_demo
entity_0157,company,2026-08-27 18:02:00+00:00,0.698942,3,3,15,0.10972222222222222,0.724008,-0.08639800000000009,0.42857142857142855,1,0.5286562192444655,0.53354715042352,2,permanent_holdout,non_ml_baseline,0.711475,synthetic_demo
entity_0003,candidate,2026-08-27 18:07:00+00:00,0.742842,4,12,19,0.05694444444444444,0.649045,-0.07348600000000005,1.7142857142857142,1,0.5396161175803195,0.5434816972438753,47,control,model-v1,0.5396161175803195,synthetic_demo
entity_0148,company,2026-08-27 18:07:00+00:00,0.654024,3,9,31,0.12222222222222222,0.949066,-0.039509999999999934,1.2857142857142858,1,0.5791784729942366,0.5810187905259178,9,permanent_holdout,non_ml_baseline,0.801545,synthetic_demo
entity_0139,candidate,2026-08-27 18:09:00+00:00,0.633115,3,8,18,0.3013888888888889,0.623747,0.05062,1.1428571428571428,1,0.45918913015402485,0.4565027334941306,60,control,model-v1,0.45918913015402485,synthetic_demo
entity_0107,candidate,2026-08-27 18:16:00+00:00,0.440401,3,6,19,0.0763888888888889,0.585041,0.025295999999999985,0.8571428571428571,1,0.3324733379288799,0.3307809855393164,34,control,model-v1,0.3324733379288799,synthetic_demo
entity_0040,candidate,2026-08-27 18:21:00+00:00,0.644493,2,8,30,0.019444444444444445,0.655067,0.06424299999999994,1.1428571428571428,1,0.45800654795479684,0.45474412114716745,88,control,model-v1,0.45800654795479684,synthetic_demo
entity_0194,company,2026-08-27 18:23:00+00:00,0.754169,2,14,24,0.23055555555555557,0.937393,-0.01695800000000003,2.0,1,0.6452114969553995,0.6460577920614429,58,control,model-v1,0.6452114969553995,synthetic_demo
entity_0048,candidate,2026-08-27 18:28:00+00:00,0.491137,0,6,12,1.8645833333333333,0.930972,0.10167199999999998,0.8571428571428571,0,0.5006439341923123,0.49500641386859495,7,permanent_holdout,non_ml_baseline,0.7110545,synthetic_demo
entity_0082,candidate,2026-08-27 18:32:00+00:00,0.895198,3,15,38,0.14027777777777778,0.353741,0.07452000000000003,2.142857142857143,1,0.4952871474213797,0.49203456822555436,41,control,model-v1,0.4952871474213797,synthetic_demo
entity_0004,candidate,2026-08-27 18:43:00+00:00,0.822473,3,17,43,0.32222222222222224,0.421875,0.06304399999999999,2.4285714285714284,1,0.47788264231207067,0.4748615748879463,43,control,model-v1,0.47788264231207067,synthetic_demo
entity_0016,candidate,2026-08-27 18:45:00+00:00,0.875204,3,28,35,0.4361111111111111,0.704796,-0.12479600000000002,4.0,1,0.6434896547534984,0.6493169788332838,86,control,model-v1,0.6434896547534984,synthetic_demo
entity_0142,company,2026-08-27 18:51:00+00:00,0.935833,3,8,20,0.38680555555555557,0.414668,0.036847000000000074,1.1428571428571428,0,0.5531355531626831,0.5523016108376176,30,control,model-v1,0.5531355531626831,synthetic_demo
entity_0112,candidate,2026-08-27 18:52:00+00:00,0.35177,0,12,18,1.0055555555555555,0.483073,-0.06033999999999995,1.7142857142857142,1,0.26584194018593277,0.26771479806687,34,control,model-v1,0.26584194018593277,synthetic_demo
entity_0008,candidate,2026-08-27 19:04:00+00:00,0.869933,5,21,29,0.12361111111111112,0.621484,0.07713599999999998,3.0,1,0.6088122191126003,0.6048809608338569,55,control,model-v1,0.6088122191126003,synthetic_demo
entity_0177,company,2026-08-27 19:12:00+00:00,0.645545,4,13,29,0.5430555555555555,0.854062,-0.019710999999999923,1.8571428571428572,1,0.5542162819667458,0.554777255979546,4,permanent_holdout,non_ml_baseline,0.7498035000000001,synthetic_demo
entity_0089,candidate,2026-08-27 19:17:00+00:00,0.87071,3,17,34,0.2625,0.874239,0.03653200000000001,2.4285714285714284,0,0.6807596910703976,0.6792693834177751,26,control,model-v1,0.6807596910703976,synthetic_demo
entity_0027,candidate,2026-08-27 19:18:00+00:00,0.324107,1,4,7,0.1597222222222222,0.577832,-0.126523,0.5714285714285714,0,0.27815685764419407,0.28300556706665153,55,control,model-v1,0.27815685764419407,synthetic_demo
entity_0049,candidate,2026-08-27 19:25:00+00:00,0.833524,1,14,28,0.12638888888888888,0.578951,0.04549100000000006,2.0,1,0.5500912993052399,0.5483205791437701,37,control,model-v1,0.5500912993052399,synthetic_demo
entity_0022,candidate,2026-08-27 19:28:00+00:00,0.88432,2,7,16,0.23472222222222222,0.690281,0.03731200000000001,1.0,1,0.6250950124709841,0.6241268190135061,2,permanent_holdout,non_ml_baseline,0.7873005,synthetic_demo
entity_0197,company,2026-08-27 19:30:00+00:00,0.716915,4,12,31,0.16319444444444445,0.825549,-0.12483900000000003,1.7142857142857142,1,0.5772803769431863,0.5835245982869273,15,challenger,model-v2,0.5835245982869273,synthetic_demo
entity_0021,candidate,2026-08-27 19:36:00+00:00,0.387,5,8,15,0.18263888888888888,0.747318,-0.07622600000000002,1.1428571428571428,1,0.3744625419917797,0.3771381435776923,86,control,model-v1,0.3744625419917797,synthetic_demo
entity_0179,company,2026-08-27 19:39:00+00:00,0.247161,2,6,11,0.5111111111111111,0.721651,-0.006677000000000016,0.8571428571428571,0,0.28979437605043407,0.28909537025080534,80,control,model-v1,0.28979437605043407,synthetic_demo
entity_0009,candidate,2026-08-27 19:42:00+00:00,0.91406,4,18,38,0.24513888888888888,0.504183,0.12262300000000004,2.5714285714285716,1,0.5722972366008804,0.5663602197038473,49,control,model-v1,0.5722972366008804,synthetic_demo
entity_0066,candidate,2026-08-27 19:42:00+00:00,0.385169,3,9,20,0.12916666666666668,0.510268,0.01787099999999997,1.2857142857142858,1,0.2847983690829957,0.28333039917718267,99,control,model-v1,0.2847983690829957,synthetic_demo
entity_0148,company,2026-08-27 19:43:00+00:00,0.636147,4,10,31,0.06666666666666667,0.949066,-0.017877000000000032,1.4285714285714286,1,0.5731842967715465,0.573706372477683,9,permanent_holdout,non_ml_baseline,0.7926065,synthetic_demo
entity_0049,candidate,2026-08-27 20:04:00+00:00,0.82771,2,15,29,0.027083333333333334,0.578951,-0.005814000000000097,2.142857142857143,0,0.5494102786617625,0.5501403575744052,37,control,model-v1,0.5494102786617625,synthetic_demo
entity_0182,company,2026-08-27 20:16:00+00:00,0.934282,3,21,45,0.40694444444444444,0.88819,0.09484599999999999,3.0,1,0.7120988292116526,0.7081780334293172,31,control,model-v1,0.7120988292116526,synthetic_demo
entity_0012,candidate,2026-08-27 20:40:00+00:00,0.53855,1,12,23,0.43333333333333335,0.458486,-0.048568000000000056,1.7142857142857142,1,0.3430893821346852,0.34518162426790805,50,control,model-v1,0.3430893821346852,synthetic_demo
entity_0007,candidate,2026-08-27 20:42:00+00:00,0.67984,3,11,18,0.3715277777777778,0.571475,0.036363000000000034,1.5714285714285714,0,0.4723903335579779,0.47048787025268707,4,permanent_holdout,non_ml_baseline,0.6256575,synthetic_demo
entity_0009,candidate,2026-08-27 20:57:00+00:00,0.844074,5,19,39,0.052083333333333336,0.504183,-0.06998599999999999,2.7142857142857144,1,0.5340896364398203,0.5377641582364812,49,control,model-v1,0.5340896364398203,synthetic_demo
entity_0186,company,2026-08-27 20:59:00+00:00,0.810853,2,14,24,0.43194444444444446,0.52191,0.15000900000000006,2.0,1,0.5252960586958423,0.5178602025915027,94,control,model-v1,0.5252960586958423,synthetic_demo
entity_0012,candidate,2026-08-27 21:05:00+00:00,0.511326,2,12,24,0.017361111111111112,0.458486,-0.027224000000000026,1.7142857142857142,1,0.32766735168710265,0.3285466290050195,50,control,model-v1,0.32766735168710265,synthetic_demo
entity_0117,candidate,2026-08-27 21:10:00+00:00,0.994256,5,24,53,0.28680555555555554,0.543925,0.101684,3.4285714285714284,1,0.6273270250220644,0.6225538796037418,37,control,model-v1,0.6273270250220644,synthetic_demo
entity_0180,company,2026-08-27 21:11:00+00:00,0.278159,1,2,10,0.3590277777777778,0.609243,-0.08108599999999999,0.2857142857142857,1,0.26186120125279827,0.26460021188221694,61,control,model-v1,0.26186120125279827,synthetic_demo
entity_0177,company,2026-08-27 21:15:00+00:00,0.726405,4,14,30,0.08541666666666667,0.854062,0.08085999999999993,2.0,1,0.5974158822602442,0.5930868585417388,4,permanent_holdout,non_ml_baseline,0.7902335,synthetic_demo
entity_0135,candidate,2026-08-27 21:18:00+00:00,0.855433,5,17,27,0.15486111111111112,0.460149,-0.10310699999999995,2.4285714285714284,1,0.5358092497911925,0.5413671338946074,92,control,model-v1,0.5358092497911925,synthetic_demo
entity_0157,company,2026-08-27 21:19:00+00:00,0.80396,4,4,16,0.13680555555555557,0.724008,0.10501800000000006,0.5714285714285714,0,0.5922611248119253,0.587454702005831,2,permanent_holdout,non_ml_baseline,0.763984,synthetic_demo
entity_0151,company,2026-08-27 21:21:00+00:00,0.68888,3,14,26,0.42291666666666666,0.857793,0.0034800000000000386,2.0,1,0.5821702387563251,0.5817397871270904,74,control,model-v1,0.5821702387563251,synthetic_demo
entity_0022,candidate,2026-08-27 21:37:00+00:00,0.861113,3,8,17,0.08958333333333333,0.690281,-0.023206999999999978,1.1428571428571428,0,0.614604441453894,0.6164217934824029,2,permanent_holdout,non_ml_baseline,0.7756970000000001,synthetic_demo
entity_0077,candidate,2026-08-27 21:52:00+00:00,0.78696,5,22,35,0.7694444444444445,0.894463,0.03879599999999994,3.142857142857143,1,0.659899505301627,0.6575743562525364,33,control,model-v1,0.659899505301627,synthetic_demo
entity_0179,company,2026-08-27 21:52:00+00:00,0.230706,3,7,12,0.09236111111111112,0.721651,-0.016454999999999997,1.0,0,0.2822707387436302,0.2818319761323908,80,control,model-v1,0.2822707387436302,synthetic_demo
entity_0008,candidate,2026-08-27 21:53:00+00:00,0.810271,6,22,30,0.11736111111111111,0.621484,-0.05966199999999999,3.142857142857143,1,0.5786251065093997,0.5812778510529777,55,control,model-v1,0.5786251065093997,synthetic_demo
entity_0182,company,2026-08-27 21:53:00+00:00,0.963026,4,22,45,0.06736111111111111,0.88819,0.028744000000000103,3.142857142857143,1,0.7273262111064573,0.7262641491143457,31,control,model-v1,0.7273262111064573,synthetic_demo
entity_0113,candidate,2026-08-27 21:57:00+00:00,0.455997,1,1,8,0.21736111111111112,0.545515,0.07480500000000001,0.14285714285714285,0,0.32697672200615946,0.3234747994040903,45,control,model-v1,0.32697672200615946,synthetic_demo
entity_0089,candidate,2026-08-27 22:07:00+00:00,0.826689,4,18,35,0.11805555555555555,0.874239,-0.04402099999999998,2.5714285714285716,1,0.6602442587789794,0.6622368608101183,26,control,model-v1,0.6602442587789794,synthetic_demo
entity_0155,company,2026-08-27 22:29:00+00:00,0.460084,0,15,28,2.954861111111111,0.593472,-0.03798800000000002,2.142857142857143,1,0.3622097647801521,0.36346509799686244,78,control,model-v1,0.3622097647801521,synthetic_demo
entity_0159,company,2026-08-27 22:38:00+00:00,0.501886,3,17,26,0.5159722222222223,0.729018,-0.14807099999999995,2.4285714285714284,1,0.43176284714316027,0.438478266930367,15,challenger,model-v2,0.438478266930367,synthetic_demo
entity_0174,company,2026-08-27 22:53:00+00:00,0.775896,5,15,25,0.3625,0.480944,-0.046733000000000025,2.142857142857143,0,0.49788955741658675,0.5003226864263633,88,control,model-v1,0.49788955741658675,synthetic_demo
entity_0049,candidate,2026-08-27 23:00:00+00:00,0.690494,3,16,30,0.12222222222222222,0.578951,-0.1372159999999999,2.2857142857142856,1,0.4739736933658278,0.4809902714602441,37,control,model-v1,0.4739736933658278,synthetic_demo
entity_0187,company,2026-08-27 23:04:00+00:00,0.674233,4,10,21,0.2375,0.979069,0.094136,1.4285714285714286,1,0.6186503917307273,0.6136824927727098,6,permanent_holdout,non_ml_baseline,0.826651,synthetic_demo
entity_0082,candidate,2026-08-27 23:09:00+00:00,0.974625,2,16,39,0.19236111111111112,0.353741,0.07942699999999991,2.2857142857142856,0,0.5395439954263377,0.5363832384494636,41,control,model-v1,0.5395439954263377,synthetic_demo
entity_0125,candidate,2026-08-27 23:25:00+00:00,0.849409,2,16,37,0.32013888888888886,0.946845,-0.025892000000000026,2.2857142857142856,1,0.687141630622315,0.6885311520510924,23,control,model-v1,0.687141630622315,synthetic_demo
entity_0093,candidate,2026-08-27 23:31:00+00:00,0.428434,2,3,5,0.5868055555555556,0.541548,0.08143299999999998,0.42857142857142855,1,0.3229453041039331,0.3189026405922639,28,control,model-v1,0.3229453041039331,synthetic_demo
entity_0003,candidate,2026-08-27 23:36:00+00:00,0.718983,4,13,20,0.22847222222222222,0.649045,-0.023858999999999964,1.8571428571428572,1,0.5276731458251237,0.5288201104160078,47,control,model-v1,0.5276731458251237,synthetic_demo
entity_0028,candidate,2026-08-27 23:36:00+00:00,0.619039,3,14,25,0.425,0.506009,-0.028171999999999975,2.0,0,0.4102817986390209,0.4114217715291542,76,control,model-v1,0.4102817986390209,synthetic_demo
entity_0155,company,2026-08-27 23:44:00+00:00,0.498729,1,16,29,0.052083333333333336,0.593472,0.038644999999999985,2.2857142857142856,0,0.36648684208689564,0.3640186160564048,78,control,model-v1,0.36648684208689564,synthetic_demo
entity_0036,candidate,2026-08-27 23:46:00+00:00,0.288539,2,13,27,0.38125,0.963067,-0.12173500000000004,1.8571428571428572,1,0.3862906010395896,0.3909403186013301,86,control,model-v1,0.3862906010395896,synthetic_demo
entity_0134,candidate,2026-08-27 23:47:00+00:00,0.902653,3,16,34,0.7277777777777777,0.883304,0.12527700000000008,2.2857142857142856,1,0.7008987180479622,0.6956397577228189,87,control,model-v1,0.7008987180479622,synthetic_demo
entity_0187,company,2026-08-28 00:02:00+00:00,0.662944,5,11,22,0.04027777777777778,0.979069,-0.011288999999999993,1.5714285714285714,0,0.6143129080189665,0.6144129073887978,6,permanent_holdout,non_ml_baseline,0.8210065,synthetic_demo
entity_0147,company,2026-08-28 00:08:00+00:00,0.74701,0,4,18,1.0083333333333333,0.418903,-0.10318000000000005,0.5714285714285714,1,0.4367745134379274,0.44307533217010997,44,control,model-v1,0.4367745134379274,synthetic_demo
entity_0153,company,2026-08-28 00:14:00+00:00,0.522557,3,17,25,0.4583333333333333,0.68925,0.13069100000000006,2.4285714285714284,1,0.42945714884694397,0.4218784605695575,37,control,model-v1,0.42945714884694397,synthetic_demo
entity_0087,candidate,2026-08-28 00:16:00+00:00,0.85097,0,19,39,1.2159722222222222,0.743717,0.13979799999999998,2.7142857142857144,0,0.6215924234925299,0.6150607297441193,52,control,model-v1,0.6215924234925299,synthetic_demo
entity_0065,candidate,2026-08-28 00:25:00+00:00,0.335245,0,2,10,2.1055555555555556,0.714939,0.06238199999999999,0.2857142857142857,0,0.331303104888742,0.3279455072667654,65,control,model-v1,0.331303104888742,synthetic_demo
entity_0084,candidate,2026-08-28 00:28:00+00:00,0.752042,0,6,29,2.0305555555555554,0.886024,-0.017674999999999996,0.8571428571428571,1,0.6132262462051266,0.6146950521225217,99,control,model-v1,0.6132262462051266,synthetic_demo
entity_0001,candidate,2026-08-28 00:50:00+00:00,0.726883,0,8,30,2.2375,0.365757,0.124938,1.1428571428571428,0,0.40706203581884404,0.401420055612346,2,permanent_holdout,non_ml_baseline,0.5463199999999999,synthetic_demo
entity_0088,candidate,2026-08-28 00:50:00+00:00,0.793982,5,18,34,0.3263888888888889,0.64556,0.095001,2.5714285714285716,1,0.5649953146040728,0.5598822597546904,22,control,model-v1,0.5649953146040728,synthetic_demo
entity_0094,candidate,2026-08-28 00:58:00+00:00,0.831345,0,19,30,1.6208333333333333,0.607268,0.12100599999999995,2.7142857142857144,1,0.5741634850122602,0.5683559454342638,86,control,model-v1,0.5741634850122602,synthetic_demo
entity_0099,candidate,2026-08-28 00:58:00+00:00,0.291116,1,7,14,0.9375,0.659546,0.132101,1.0,1,0.2900235550271968,0.28354877058128364,31,control,model-v1,0.2900235550271968,synthetic_demo
entity_0124,candidate,2026-08-28 01:02:00+00:00,1.0,0,13,26,2.183333333333333,0.900952,0.03198500000000004,1.8571428571428572,0,0.756067198461884,0.7556544486009388,61,control,model-v1,0.756067198461884,synthetic_demo
entity_0022,candidate,2026-08-28 01:06:00+00:00,0.774217,4,9,18,0.1451388888888889,0.690281,-0.08689599999999997,1.2857142857142858,0,0.5695525495139442,0.5742730404709256,2,permanent_holdout,non_ml_baseline,0.732249,synthetic_demo
entity_0010,candidate,2026-08-28 01:12:00+00:00,0.551436,0,11,28,1.0916666666666666,0.826775,-0.0007769999999999166,1.5714285714285714,0,0.47966403502982624,0.47945798317799687,50,control,model-v1,0.47966403502982624,synthetic_demo
entity_0050,candidate,2026-08-28 01:25:00+00:00,0.585569,0,4,20,4.688888888888889,0.946818,0.13709300000000002,0.5714285714285714,0,0.56819651826449,0.5611781877599695,49,control,model-v1,0.56819651826449,synthetic_demo
entity_0180,company,2026-08-28 01:27:00+00:00,0.357442,2,3,11,0.17777777777777778,0.609243,0.07928299999999999,0.42857142857142855,0,0.3007626897231765,0.2967435584812932,61,control,model-v1,0.3007626897231765,synthetic_demo
entity_0182,company,2026-08-28 01:36:00+00:00,0.904058,5,23,46,0.15486111111111112,0.88819,-0.05896800000000002,3.2857142857142856,1,0.7027166350870917,0.705152443702648,31,control,model-v1,0.7027166350870917,synthetic_demo
entity_0064,candidate,2026-08-28 01:40:00+00:00,0.459374,0,1,13,6.920833333333333,0.359236,-0.14312399999999997,0.14285714285714285,0,0.3019212163966897,0.30837559019945404,68,control,model-v1,0.3019212163966897,synthetic_demo
entity_0007,candidate,2026-08-28 01:43:00+00:00,0.716302,4,12,19,0.20902777777777778,0.571475,0.036461999999999994,1.7142857142857142,1,0.49577839691353337,0.4938337197170945,4,permanent_holdout,non_ml_baseline,0.6438885,synthetic_demo
entity_0147,company,2026-08-28 01:44:00+00:00,0.832397,1,5,19,0.06666666666666667,0.418903,0.0853870000000001,0.7142857142857143,1,0.4825818138582775,0.4792001010531911,44,control,model-v1,0.4825818138582775,synthetic_demo
entity_0082,candidate,2026-08-28 01:47:00+00:00,0.885167,3,17,39,0.10972222222222222,0.353741,-0.08945799999999993,2.4285714285714284,0,0.4916965562156332,0.49694761664852743,41,control,model-v1,0.4916965562156332,synthetic_demo
entity_0022,candidate,2026-08-28 01:52:00+00:00,0.866632,5,10,19,0.03194444444444444,0.690281,0.09241499999999991,1.4285714285714286,1,0.6236787282818674,0.6194822926696976,2,permanent_holdout,non_ml_baseline,0.7784565,synthetic_demo
entity_0057,candidate,2026-08-28 01:58:00+00:00,0.827037,0,11,25,1.2965277777777777,0.44916,0.060111000000000026,1.5714285714285714,1,0.5008728576147079,0.4985967825937602,18,challenger,model-v2,0.4985967825937602,synthetic_demo
entity_0103,candidate,2026-08-28 02:11:00+00:00,0.926097,4,11,22,0.6305555555555555,0.637277,0.12058999999999997,1.5714285714285714,1,0.636753079661263,0.6315026570956975,69,control,model-v1,0.636753079661263,synthetic_demo
entity_0143,company,2026-08-28 02:12:00+00:00,0.60744,0,14,22,2.152083333333333,0.636349,-0.10991899999999999,2.0,1,0.4603475717962993,0.4659943388988925,12,challenger,model-v2,0.4659943388988925,synthetic_demo
entity_0080,candidate,2026-08-28 02:14:00+00:00,0.811997,0,19,33,1.15,0.693391,-0.05483400000000005,2.7142857142857144,1,0.5882454312713986,0.5913633545088097,51,control,model-v1,0.5882454312713986,synthetic_demo
entity_0022,candidate,2026-08-28 02:17:00+00:00,0.716717,6,11,20,0.017361111111111112,0.690281,-0.1499149999999999,1.5714285714285714,1,0.54239116775477,0.5499567008631113,2,permanent_holdout,non_ml_baseline,0.7034990000000001,synthetic_demo
entity_0120,candidate,2026-08-28 02:18:00+00:00,0.886207,0,17,42,2.2263888888888888,0.89865,0.020552999999999932,2.4285714285714284,1,0.6931107942781831,0.6926608153763913,77,control,model-v1,0.6931107942781831,synthetic_demo
entity_0146,company,2026-08-28 02:23:00+00:00,0.811813,5,15,31,0.3541666666666667,0.812222,0.047506999999999966,2.142857142857143,0,0.6343414258177764,0.6319396814180289,96,control,model-v1,0.6343414258177764,synthetic_demo
entity_0181,company,2026-08-28 02:33:00+00:00,0.760183,0,6,18,3.53125,0.92619,0.12006800000000006,0.8571428571428571,1,0.6546845056000112,0.6494979025827486,72,control,model-v1,0.6546845056000112,synthetic_demo
entity_0090,candidate,2026-08-28 02:35:00+00:00,0.769742,0,13,26,1.3756944444444446,0.460823,-0.126042,1.8571428571428572,1,0.4750929071339431,0.4823077348663091,33,control,model-v1,0.4750929071339431,synthetic_demo
entity_0036,candidate,2026-08-28 02:39:00+00:00,0.282347,3,13,28,0.12013888888888889,0.963067,-0.006191999999999975,1.8571428571428572,0,0.3825578256721264,0.3813142768294054,86,control,model-v1,0.3825578256721264,synthetic_demo
entity_0089,candidate,2026-08-28 02:45:00+00:00,0.917437,4,19,36,0.19305555555555556,0.874239,0.09074799999999994,2.7142857142857144,1,0.7068134205086115,0.7029776753897601,26,control,model-v1,0.7068134205086115,synthetic_demo
entity_0026,candidate,2026-08-28 02:56:00+00:00,0.855848,0,0,13,8.484722222222222,0.52703,0.021658000000000066,0.0,1,0.5933979111636517,0.5936041781158611,58,control,model-v1,0.5933979111636517,synthetic_demo
entity_0183,company,2026-08-28 02:58:00+00:00,0.658536,0,8,14,1.2743055555555556,0.936954,-0.04254899999999995,1.1428571428571428,1,0.5958992524969821,0.5982404581470668,9,permanent_holdout,non_ml_baseline,0.7977449999999999,synthetic_demo
entity_0172,company,2026-08-28 03:00:00+00:00,0.260284,1,10,12,0.9569444444444445,0.729894,0.02383200000000002,1.4285714285714286,0,0.3043205110289979,0.30221014604664476,42,control,model-v1,0.3043205110289979,synthetic_demo
entity_0061,candidate,2026-08-28 03:11:00+00:00,0.567423,0,2,18,5.401388888888889,0.825203,0.11885699999999999,0.2857142857142857,1,0.515644695318029,0.5095577828450593,63,control,model-v1,0.515644695318029,synthetic_demo
entity_0182,company,2026-08-28 03:19:00+00:00,0.99357,6,24,47,0.07152777777777777,0.88819,0.08951199999999992,3.4285714285714284,1,0.7464109473922728,0.7428008885627325,31,control,model-v1,0.7464109473922728,synthetic_demo
entity_0085,candidate,2026-08-28 03:20:00+00:00,0.914457,0,15,24,1.3520833333333333,0.606124,0.00761400000000001,2.142857142857143,0,0.6183573930506039,0.6188408493991033,70,control,model-v1,0.6183573930506039,synthetic_demo
entity_0082,candidate,2026-08-28 03:24:00+00:00,0.831365,4,18,40,0.06736111111111111,0.353741,-0.053802000000000016,2.5714285714285716,1,0.46360351757785573,0.46662523681400575,41,control,model-v1,0.46360351757785573,synthetic_demo
entity_0026,candidate,2026-08-28 03:26:00+00:00,1.0,1,1,14,0.020833333333333332,0.52703,0.14415199999999995,0.14285714285714285,1,0.6174735421779513,0.6119940271136668,58,control,model-v1,0.6174735421779513,synthetic_demo
entity_0071,candidate,2026-08-28 03:28:00+00:00,0.94987,3,18,44,0.5361111111111111,0.794835,0.05539799999999995,2.5714285714285716,1,0.6869314732294916,0.6848244664180976,19,challenger,model-v2,0.6848244664180976,synthetic_demo
entity_0171,company,2026-08-28 03:30:00+00:00,0.559652,0,7,14,4.394444444444445,0.404979,-0.148814,1.0,1,0.3612897072650379,0.36868940325644994,68,control,model-v1,0.3612897072650379,synthetic_demo
entity_0183,company,2026-08-28 03:33:00+00:00,0.833323,1,9,15,0.024305555555555556,0.936954,0.17478700000000003,1.2857142857142858,1,0.6838971150618074,0.6764540551681849,9,permanent_holdout,non_ml_baseline,0.8851385,synthetic_demo
entity_0196,company,2026-08-28 03:36:00+00:00,0.259808,0,9,13,1.2013888888888888,0.970514,-0.175829,1.2857142857142858,1,0.38297886274527626,0.39060082617708025,83,control,model-v1,0.38297886274527626,synthetic_demo
entity_0013,candidate,2026-08-28 03:37:00+00:00,0.987218,0,20,44,1.3576388888888888,0.575491,0.042386000000000035,2.857142857142857,1,0.6324800578656943,0.6312817243271651,58,control,model-v1,0.6324800578656943,synthetic_demo
entity_0109,candidate,2026-08-28 03:53:00+00:00,0.517436,0,9,16,1.3777777777777778,0.733495,0.087644,1.2857142857142858,0,0.43788807445764055,0.43313265333281137,11,challenger,model-v2,0.43313265333281137,synthetic_demo
entity_0009,candidate,2026-08-28 03:59:00+00:00,0.828821,5,20,39,0.29305555555555557,0.504183,-0.015252999999999961,2.857142857142857,1,0.5288626949465395,0.5295715140764383,49,control,model-v1,0.5288626949465395,synthetic_demo
entity_0171,company,2026-08-28 03:59:00+00:00,0.664851,1,8,15,0.02013888888888889,0.404979,0.10519899999999993,1.1428571428571428,0,0.3918101802482441,0.3869334384673512,68,control,model-v1,0.3918101802482441,synthetic_demo
entity_0198,company,2026-08-28 04:03:00+00:00,0.795441,0,4,23,5.2868055555555555,0.843666,-0.09354300000000004,0.5714285714285714,1,0.6473567213203524,0.6525986349311755,18,challenger,model-v2,0.6525986349311755,synthetic_demo
entity_0157,company,2026-08-28 04:07:00+00:00,0.758547,5,5,17,0.2833333333333333,0.724008,-0.04541300000000004,0.7142857142857143,1,0.5709495125669314,0.5735330285218976,2,permanent_holdout,non_ml_baseline,0.7412775,synthetic_demo
entity_0071,candidate,2026-08-28 04:29:00+00:00,0.846843,4,19,45,0.04236111111111111,0.794835,-0.10302699999999998,2.7142857142857144,1,0.6331010952101891,0.6380993397282082,19,challenger,model-v2,0.6380993397282082,synthetic_demo
entity_0090,candidate,2026-08-28 04:34:00+00:00,0.932064,1,14,26,0.08263888888888889,0.460823,0.16232199999999997,2.0,1,0.5642303236314188,0.5568017445084105,33,control,model-v1,0.5642303236314188,synthetic_demo
entity_0170,company,2026-08-28 04:34:00+00:00,0.727804,2,5,23,0.5680555555555555,0.387302,-0.16316600000000003,0.7142857142857143,1,0.41216928186941143,0.42115372674189694,2,permanent_holdout,non_ml_baseline,0.557553,synthetic_demo
entity_0124,candidate,2026-08-28 04:38:00+00:00,0.932144,1,12,27,0.15,0.900952,-0.06785600000000003,1.7142857142857142,1,0.7135754773746377,0.7171838948860585,61,control,model-v1,0.7135754773746377,synthetic_demo
entity_0073,candidate,2026-08-28 04:39:00+00:00,0.919836,2,28,42,0.7284722222222222,0.682864,0.081206,4.0,1,0.6509901335976402,0.6471631730758877,11,challenger,model-v2,0.6471631730758877,synthetic_demo
entity_0043,candidate,2026-08-28 04:50:00+00:00,0.943735,0,9,32,3.3381944444444445,0.771115,0.07140599999999997,1.2857142857142858,1,0.6849538101899775,0.6827177787418941,69,control,model-v1,0.6849538101899775,synthetic_demo
entity_0163,company,2026-08-28 04:50:00+00:00,0.683582,0,8,21,2.359027777777778,0.91545,0.05921399999999999,1.1428571428571428,1,0.601286137417646,0.5985570709774882,59,control,model-v1,0.601286137417646,synthetic_demo
entity_0103,candidate,2026-08-28 04:59:00+00:00,0.934977,5,12,21,0.11666666666666667,0.637277,0.008879999999999999,1.7142857142857142,1,0.6434759256717265,0.6435704393002568,69,control,model-v1,0.6434759256717265,synthetic_demo
entity_0106,candidate,2026-08-28 05:00:00+00:00,0.878708,0,13,26,1.5465277777777777,0.633777,0.04354900000000006,1.8571428571428572,0,0.6041232857026295,0.6027589074107433,17,challenger,model-v2,0.6027589074107433,synthetic_demo
entity_0114,candidate,2026-08-28 05:04:00+00:00,0.811429,0,2,22,6.388194444444444,0.977759,0.0023099999999999232,0.2857142857142857,1,0.7051158285993765,0.7057591001580663,83,control,model-v1,0.7051158285993765,synthetic_demo
entity_0037,candidate,2026-08-28 05:07:00+00:00,0.932252,0,30,56,1.2236111111111112,0.890078,0.052875000000000005,4.285714285714286,1,0.7121914578872829,0.710006563138153,94,control,model-v1,0.7121914578872829,synthetic_demo
entity_0173,company,2026-08-28 05:07:00+00:00,0.46879,0,4,23,1.3215277777777779,0.738647,-0.08036899999999997,0.5714285714285714,0,0.3945206751667594,0.3984183909208974,59,control,model-v1,0.3945206751667594,synthetic_demo
entity_0077,candidate,2026-08-28 05:09:00+00:00,0.724064,1,23,34,0.3034722222222222,0.894463,-0.06289599999999995,3.2857142857142856,0,0.61548987935963,0.6182838626887011,33,control,model-v1,0.61548987935963,synthetic_demo
entity_0129,candidate,2026-08-28 05:18:00+00:00,0.514254,0,11,24,2.2256944444444446,0.551726,0.043783000000000016,1.5714285714285714,0,0.3694105669119523,0.3670426253073948,52,control,model-v1,0.3694105669119523,synthetic_demo
entity_0147,company,2026-08-28 05:27:00+00:00,0.767972,2,6,20,0.15486111111111112,0.418903,-0.06442500000000007,0.8571428571428571,0,0.4493750970455473,0.45345878932526273,44,control,model-v1,0.4493750970455473,synthetic_demo
entity_0045,candidate,2026-08-28 05:31:00+00:00,0.803774,0,15,27,1.2895833333333333,0.734378,-0.05136799999999997,2.142857142857143,1,0.599752828804258,0.6027958760164438,98,control,model-v1,0.599752828804258,synthetic_demo
entity_0061,candidate,2026-08-28 05:33:00+00:00,0.586036,1,3,19,0.09861111111111111,0.825203,0.01861299999999999,0.42857142857142855,0,0.49105131388864554,0.49021757017833295,63,control,model-v1,0.49105131388864554,synthetic_demo
entity_0133,candidate,2026-08-28 05:35:00+00:00,0.253303,0,7,14,2.2819444444444446,0.958165,0.034054,1.0,1,0.3777712519524893,0.3750003780197545,10,challenger,model-v2,0.3750003780197545,synthetic_demo
entity_0134,candidate,2026-08-28 05:36:00+00:00,0.837,2,16,35,0.2423611111111111,0.883304,-0.06565300000000007,2.2857142857142856,1,0.6611818551499414,0.6644932041660665,87,control,model-v1,0.6611818551499414,synthetic_demo
entity_0087,candidate,2026-08-28 05:37:00+00:00,0.723022,1,19,40,0.22291666666666668,0.743717,-0.12794799999999995,2.7142857142857144,0,0.5439083618764019,0.5504929298103572,52,control,model-v1,0.5439083618764019,synthetic_demo
entity_0077,candidate,2026-08-28 05:40:00+00:00,0.686248,2,24,35,0.021527777777777778,0.894463,-0.03781600000000007,3.4285714285714284,0,0.5957918180564932,0.5970958497680731,33,control,model-v1,0.5957918180564932,synthetic_demo
entity_0163,company,2026-08-28 05:45:00+00:00,0.623928,1,9,22,0.03819444444444445,0.91545,-0.059653999999999985,1.2857142857142858,0,0.5542491882510521,0.5572984843066578,59,control,model-v1,0.5542491882510521,synthetic_demo
entity_0071,candidate,2026-08-28 05:54:00+00:00,0.968375,5,20,46,0.059027777777777776,0.794835,0.12153199999999997,2.857142857142857,1,0.6989270949112616,0.6937082196544427,19,challenger,model-v2,0.6937082196544427,synthetic_demo
entity_0181,company,2026-08-28 06:03:00+00:00,0.610463,1,7,18,0.14583333333333334,0.92619,-0.14972000000000008,1.0,1,0.5525921306975768,0.5603600880418569,72,control,model-v1,0.5525921306975768,synthetic_demo
entity_0045,candidate,2026-08-28 06:13:00+00:00,0.767859,1,16,28,0.029166666666666667,0.734378,-0.03591500000000003,2.2857142857142856,0,0.5738812938265148,0.5759331722854524,98,control,model-v1,0.5738812938265148,synthetic_demo
entity_0186,company,2026-08-28 06:16:00+00:00,0.654,2,13,25,0.38680555555555557,0.52191,-0.15685300000000002,1.8571428571428572,1,0.4311872419770518,0.43926697094075706,94,control,model-v1,0.4311872419770518,synthetic_demo
entity_0188,company,2026-08-28 06:20:00+00:00,0.635032,0,14,15,2.6131944444444444,0.398168,-0.030549999999999966,2.0,1,0.39884804476623503,0.40049512186235453,90,control,model-v1,0.39884804476623503,synthetic_demo
entity_0162,company,2026-08-28 06:23:00+00:00,0.262473,0,4,9,1.11875,0.826128,-0.014776000000000011,0.5714285714285714,1,0.3294222387008971,0.32931362255548197,74,control,model-v1,0.3294222387008971,synthetic_demo
entity_0087,candidate,2026-08-28 06:30:00+00:00,0.804899,2,20,41,0.03680555555555556,0.743717,0.08187699999999998,2.857142857142857,1,0.5925755363256978,0.5884383289796897,52,control,model-v1,0.5925755363256978,synthetic_demo
entity_0188,company,2026-08-28 06:32:00+00:00,0.712484,1,15,16,0.008333333333333333,0.398168,0.07745199999999997,2.142857142857143,1,0.42730158434720333,0.42356002836220913,90,control,model-v1,0.42730158434720333,synthetic_demo
entity_0038,candidate,2026-08-28 06:36:00+00:00,0.658544,3,9,19,0.7770833333333333,0.693873,-0.008213999999999944,1.2857142857142858,1,0.5047395542505175,0.5051258612941455,66,control,model-v1,0.5047395542505175,synthetic_demo
entity_0186,company,2026-08-28 06:40:00+00:00,0.628185,3,14,26,0.016666666666666666,0.52191,-0.025815000000000032,2.0,1,0.417222885367541,0.41827499124027484,94,control,model-v1,0.417222885367541,synthetic_demo
entity_0050,candidate,2026-08-28 06:49:00+00:00,0.591228,1,4,21,0.225,0.946818,0.00565899999999997,0.5714285714285714,0,0.5406991919830902,0.5404522181530916,49,control,model-v1,0.5406991919830902,synthetic_demo
entity_0042,candidate,2026-08-28 06:56:00+00:00,0.281178,1,7,14,0.7263888888888889,0.585954,-0.07408400000000004,1.0,0,0.2617430673267386,0.26402796057692635,27,control,model-v1,0.2617430673267386,synthetic_demo
entity_0085,candidate,2026-08-28 07:00:00+00:00,0.740964,1,15,25,0.1527777777777778,0.606124,-0.173493,2.142857142857143,1,0.5126096631267857,0.521961881033612,70,control,model-v1,0.5126096631267857,synthetic_demo
entity_0187,company,2026-08-28 07:06:00+00:00,0.664176,6,12,22,0.29444444444444445,0.979069,0.0012320000000000109,1.7142857142857142,1,0.6211473477091496,0.6204791343087263,6,permanent_holdout,non_ml_baseline,0.8216224999999999,synthetic_demo
entity_0047,candidate,2026-08-28 07:19:00+00:00,0.881949,0,8,27,2.533333333333333,0.855194,-0.036739999999999995,1.1428571428571428,1,0.6803182713427901,0.6828444304855922,78,control,model-v1,0.6803182713427901,synthetic_demo
entity_0167,company,2026-08-28 07:21:00+00:00,0.918275,0,14,36,1.4055555555555554,0.387923,0.06925799999999993,2.0,1,0.5232030938405114,0.5206514685174246,70,control,model-v1,0.5232030938405114,synthetic_demo
entity_0030,candidate,2026-08-28 07:24:00+00:00,0.337655,1,8,15,0.8854166666666666,0.913777,-0.04035,1.1428571428571428,1,0.40180082556728325,0.4028950334236413,6,permanent_holdout,non_ml_baseline,0.6257159999999999,synthetic_demo
entity_0182,company,2026-08-28 07:32:00+00:00,0.836086,7,24,48,0.17569444444444443,0.88819,-0.15748399999999996,3.4285714285714284,1,0.6732282660686337,0.6798888947497128,31,control,model-v1,0.6732282660686337,synthetic_demo
entity_0083,candidate,2026-08-28 07:35:00+00:00,0.658611,0,8,21,2.172222222222222,0.418995,-0.02579100000000001,1.1428571428571428,1,0.39872656864347983,0.4004715517516285,80,control,model-v1,0.39872656864347983,synthetic_demo
entity_0160,company,2026-08-28 07:37:00+00:00,0.478382,0,4,12,1.8159722222222223,0.746771,-0.005677000000000043,0.5714285714285714,1,0.4195601488932512,0.4197185679418801,73,control,model-v1,0.4195601488932512,synthetic_demo
entity_0040,candidate,2026-08-28 07:42:00+00:00,0.70405,2,8,29,0.55625,0.655067,0.05955699999999997,1.1428571428571428,1,0.497687848242482,0.4948415373851836,88,control,model-v1,0.497687848242482,synthetic_demo
entity_0137,candidate,2026-08-28 07:43:00+00:00,0.538242,2,10,21,0.8909722222222223,0.708766,-0.09107100000000001,1.4285714285714286,1,0.4382309860250937,0.44256284046730965,0,permanent_holdout,non_ml_baseline,0.6235040000000001,synthetic_demo
entity_0114,candidate,2026-08-28 07:47:00+00:00,0.669238,1,3,23,0.11319444444444444,0.977759,-0.14219099999999996,0.42857142857142855,1,0.591731500146975,0.5992747699942739,83,control,model-v1,0.591731500146975,synthetic_demo
entity_0077,candidate,2026-08-28 07:48:00+00:00,0.674591,3,25,36,0.08888888888888889,0.894463,-0.011656999999999917,3.5714285714285716,1,0.593031217167934,0.5928190949852766,33,control,model-v1,0.593031217167934,synthetic_demo
entity_0113,candidate,2026-08-28 07:51:00+00:00,0.386722,2,2,7,0.4125,0.545515,-0.06927499999999998,0.2857142857142857,1,0.29867779551312107,0.3013662287134492,45,control,model-v1,0.29867779551312107,synthetic_demo
entity_0110,candidate,2026-08-28 07:54:00+00:00,0.567291,2,10,11,0.7902777777777777,0.976177,0.07587699999999997,1.4285714285714286,1,0.5681203180895796,0.5637600263860539,43,control,model-v1,0.5681203180895796,synthetic_demo
entity_0143,company,2026-08-28 07:58:00+00:00,0.739428,1,15,23,0.24027777777777778,0.636349,0.131988,2.142857142857143,1,0.52635560274211,0.5196315054005511,12,challenger,model-v2,0.5196315054005511,synthetic_demo
entity_0054,candidate,2026-08-28 08:00:00+00:00,0.711891,1,11,32,0.76875,0.695234,0.02614900000000009,1.5714285714285714,1,0.5181503153680108,0.5170366790919323,9,permanent_holdout,non_ml_baseline,0.7035625000000001,synthetic_demo
entity_0129,candidate,2026-08-28 08:00:00+00:00,0.643459,1,11,25,0.1125,0.551726,0.12920500000000001,1.5714285714285714,1,0.4279903952511043,0.42145780518330717,52,control,model-v1,0.4279903952511043,synthetic_demo
entity_0001,candidate,2026-08-28 08:04:00+00:00,0.774811,1,9,30,0.3013888888888889,0.365757,0.04792800000000008,1.2857142857142858,0,0.4248731038598396,0.4231433530737412,2,permanent_holdout,non_ml_baseline,0.570284,synthetic_demo
entity_0143,company,2026-08-28 08:07:00+00:00,0.733985,2,16,24,0.00625,0.636349,-0.005442999999999976,2.2857142857142856,1,0.5249005934312618,0.5252232714863101,12,challenger,model-v2,0.5252232714863101,synthetic_demo
entity_0065,candidate,2026-08-28 08:25:00+00:00,0.225992,1,3,10,0.3333333333333333,0.714939,-0.10925300000000002,0.42857142857142855,1,0.27100579728929897,0.2747625818243749,65,control,model-v1,0.27100579728929897,synthetic_demo
entity_0133,candidate,2026-08-28 08:32:00+00:00,0.410821,1,8,15,0.12291666666666666,0.958165,0.157518,1.1428571428571428,1,0.454512397309776,0.4455599715560337,10,challenger,model-v2,0.4455599715560337,synthetic_demo
entity_0183,company,2026-08-28 08:35:00+00:00,0.709803,2,10,16,0.20972222222222223,0.936954,-0.12352000000000007,1.4285714285714286,0,0.6233358929680528,0.6294857746150503,9,permanent_holdout,non_ml_baseline,0.8233785,synthetic_demo
entity_0171,company,2026-08-28 08:48:00+00:00,0.730127,2,8,16,0.20069444444444445,0.404979,0.065276,1.1428571428571428,0,0.43133047887046255,0.42846964402286547,68,control,model-v1,0.43133047887046255,synthetic_demo
entity_0043,candidate,2026-08-28 08:57:00+00:00,0.929024,1,10,33,0.17152777777777778,0.771115,-0.01471100000000003,1.4285714285714286,1,0.6600122060800828,0.6616125032777137,69,control,model-v1,0.6600122060800828,synthetic_demo
entity_0089,candidate,2026-08-28 09:02:00+00:00,0.813368,5,20,37,0.26180555555555557,0.874239,-0.10406899999999997,2.857142857142857,1,0.6578536882186113,0.6624611101603199,26,control,model-v1,0.6578536882186113,synthetic_demo
entity_0078,candidate,2026-08-28 09:07:00+00:00,0.378163,0,5,18,1.3881944444444445,0.64438,0.14548100000000003,0.7142857142857143,1,0.32108712165952064,0.3140494489083657,0,permanent_holdout,non_ml_baseline,0.5112715,synthetic_demo
entity_0181,company,2026-08-28 09:07:00+00:00,0.619632,2,8,19,0.12777777777777777,0.92619,0.009168999999999983,1.1428571428571428,1,0.5610944237082016,0.5604832656224248,72,control,model-v1,0.5610944237082016,synthetic_demo
entity_0125,candidate,2026-08-28 09:19:00+00:00,1.0,2,17,36,0.4125,0.946845,0.15059100000000003,2.4285714285714284,1,0.7598572822720233,0.754556083964832,23,control,model-v1,0.7598572822720233,synthetic_demo
entity_0032,candidate,2026-08-28 09:20:00+00:00,0.984663,0,11,30,3.65625,0.476883,0.04018999999999995,1.5714285714285714,1,0.6121891996984065,0.6114845958910002,65,control,model-v1,0.6121891996984065,synthetic_demo
entity_0032,candidate,2026-08-28 09:23:00+00:00,0.899259,1,12,31,0.0020833333333333333,0.476883,-0.08540399999999992,1.7142857142857142,1,0.5410673799372002,0.546499378332097,65,control,model-v1,0.5410673799372002,synthetic_demo
entity_0061,candidate,2026-08-28 09:27:00+00:00,0.422972,2,4,18,0.1625,0.825203,-0.163064,0.5714285714285714,0,0.40387173966932793,0.4116173752345804,63,control,model-v1,0.40387173966932793,synthetic_demo
entity_0082,candidate,2026-08-28 09:28:00+00:00,0.880264,5,19,40,0.25277777777777777,0.353741,0.048899000000000026,2.7142857142857144,0,0.4979707237999578,0.49560785555574666,41,control,model-v1,0.4979707237999578,synthetic_demo
entity_0184,company,2026-08-28 09:30:00+00:00,0.240663,0,0,10,8.809027777777779,0.717211,-0.04358799999999999,0.0,1,0.3236343116642684,0.3249110516775978,38,control,model-v1,0.3236343116642684,synthetic_demo
entity_0045,candidate,2026-08-28 09:32:00+00:00,0.806719,2,17,26,0.13819444444444445,0.734378,0.038860000000000006,2.4285714285714284,1,0.6034314308088681,0.6016464094883119,98,control,model-v1,0.6034314308088681,synthetic_demo
entity_0153,company,2026-08-28 09:38:00+00:00,0.385106,2,18,26,0.39166666666666666,0.68925,-0.13745100000000005,2.5714285714285716,0,0.3510790805555822,0.3565323499242512,37,control,model-v1,0.3510790805555822,synthetic_demo
entity_0025,candidate,2026-08-28 09:39:00+00:00,0.646371,0,19,29,1.4048611111111111,0.572241,0.07371000000000005,2.7142857142857144,1,0.453646682281391,0.44964134742318895,70,control,model-v1,0.453646682281391,synthetic_demo
entity_0037,candidate,2026-08-28 09:39:00+00:00,0.818131,1,28,56,0.18888888888888888,0.890078,-0.11412099999999992,4.0,1,0.6472329392849683,0.6524586342724844,94,control,model-v1,0.6472329392849683,synthetic_demo
entity_0108,candidate,2026-08-28 09:44:00+00:00,0.493785,0,5,18,2.76875,0.557515,0.11145499999999997,0.7142857142857143,0,0.36072253112796776,0.3552908401595541,39,control,model-v1,0.36072253112796776,synthetic_demo
entity_0037,candidate,2026-08-28 09:50:00+00:00,0.96745,2,29,57,0.007638888888888889,0.890078,0.14931899999999998,4.142857142857143,1,0.7235899407175305,0.7173278586716443,94,control,model-v1,0.7235899407175305,synthetic_demo
entity_0009,candidate,2026-08-28 10:09:00+00:00,0.888581,4,21,40,0.2569444444444444,0.504183,0.059759999999999924,3.0,1,0.5608569345900765,0.5579285831184466,49,control,model-v1,0.5608569345900765,synthetic_demo
entity_0044,candidate,2026-08-28 10:14:00+00:00,0.38514,1,4,6,0.9875,0.886079,0.09190699999999996,0.5714285714285714,1,0.4226622506559169,0.41733860453177707,14,challenger,model-v2,0.41733860453177707,synthetic_demo
entity_0050,candidate,2026-08-28 10:21:00+00:00,0.517398,2,5,22,0.14722222222222223,0.946818,-0.07382999999999995,0.7142857142857143,1,0.5007349831993836,0.504264473662051,49,control,model-v1,0.5007349831993836,synthetic_demo
entity_0085,candidate,2026-08-28 10:21:00+00:00,0.863014,2,16,26,0.13958333333333334,0.606124,0.12204999999999999,2.2857142857142856,0,0.5859939546422336,0.580222226960699,70,control,model-v1,0.5859939546422336,synthetic_demo
entity_0044,candidate,2026-08-28 10:29:00+00:00,0.334942,2,5,7,0.010416666666666666,0.886079,-0.050197999999999965,0.7142857142857143,1,0.39091095520766433,0.3925342290837741,14,challenger,model-v2,0.3925342290837741,synthetic_demo
entity_0182,company,2026-08-28 10:32:00+00:00,0.950788,5,25,48,0.125,0.88819,0.11470199999999997,3.5714285714285716,1,0.7256965644156189,0.720769672729695,31,control,model-v1,0.7256965644156189,synthetic_demo
entity_0186,company,2026-08-28 10:32:00+00:00,0.756527,4,15,27,0.16111111111111112,0.52191,0.12834199999999996,2.142857142857143,1,0.4955096733497843,0.4887545302113248,94,control,model-v1,0.4955096733497843,synthetic_demo
entity_0125,candidate,2026-08-28 10:35:00+00:00,0.921011,3,18,37,0.05277777777777778,0.946845,-0.07898899999999998,2.5714285714285716,1,0.7254041967628532,0.7289402451251255,23,control,model-v1,0.7254041967628532,synthetic_demo
entity_0183,company,2026-08-28 10:37:00+00:00,0.650158,3,11,17,0.08472222222222223,0.936954,-0.05964499999999995,1.5714285714285714,1,0.5926913132344945,0.5954410700254512,9,permanent_holdout,non_ml_baseline,0.7935559999999999,synthetic_demo
entity_0163,company,2026-08-28 10:38:00+00:00,0.650716,2,10,23,0.20347222222222222,0.91545,0.026787999999999923,1.4285714285714286,0,0.5741085113150527,0.572610841368545,59,control,model-v1,0.5741085113150527,synthetic_demo
entity_0170,company,2026-08-28 10:45:00+00:00,0.739537,2,6,22,0.25763888888888886,0.387302,0.011732999999999993,0.8571428571428571,0,0.41958944014415495,0.41962173733554814,2,permanent_holdout,non_ml_baseline,0.5634195,synthetic_demo
entity_0036,candidate,2026-08-28 10:48:00+00:00,0.247702,4,14,27,0.33958333333333335,0.963067,-0.03464500000000001,2.0,1,0.3707010734396772,0.3706111059208929,86,control,model-v1,0.3707010734396772,synthetic_demo
entity_0036,candidate,2026-08-28 10:48:00+00:00,0.376004,5,15,28,0.0,0.963067,0.128302,2.142857142857143,1,0.44342839535617307,0.43516152061645824,86,control,model-v1,0.44342839535617307,synthetic_demo
entity_0084,candidate,2026-08-28 10:48:00+00:00,0.707665,1,7,30,0.4305555555555556,0.886024,-0.044377,1.0,1,0.5804319338096608,0.5830305907285788,99,control,model-v1,0.5804319338096608,synthetic_demo
entity_0087,candidate,2026-08-28 10:48:00+00:00,0.825459,3,20,42,0.17916666666666667,0.743717,0.020560000000000023,2.857142857142857,1,0.6065540863974676,0.6055105998237599,52,control,model-v1,0.6065540863974676,synthetic_demo
entity_0010,candidate,2026-08-28 10:55:00+00:00,0.671732,1,11,28,0.4048611111111111,0.826775,0.12029599999999996,1.5714285714285714,1,0.5471940166383008,0.5409703664910238,50,control,model-v1,0.5471940166383008,synthetic_demo
entity_0047,candidate,2026-08-28 10:55:00+00:00,0.933309,1,9,27,0.15,0.855194,0.05136000000000007,1.2857142857142858,1,0.6949651764754095,0.6935414927135838,78,control,model-v1,0.6949651764754095,synthetic_demo
entity_0089,candidate,2026-08-28 10:56:00+00:00,0.777068,6,20,38,0.07916666666666666,0.874239,-0.0363,2.857142857142857,1,0.6388290282906542,0.6400613726345212,26,control,model-v1,0.6388290282906542,synthetic_demo
entity_0198,company,2026-08-28 10:56:00+00:00,0.865139,1,5,24,0.28680555555555554,0.843666,0.06969800000000004,0.7142857142857143,1,0.6539968046224574,0.6515642914809926,18,challenger,model-v2,0.6515642914809926,synthetic_demo
entity_0082,candidate,2026-08-28 11:00:00+00:00,0.930734,6,20,41,0.06388888888888888,0.353741,0.050469999999999904,2.857142857142857,1,0.5293000154806704,0.5268788645692385,41,control,model-v1,0.5293000154806704,synthetic_demo
entity_0137,candidate,2026-08-28 11:01:00+00:00,0.602751,1,10,22,0.1375,0.708766,0.06450900000000004,1.4285714285714286,1,0.4658874346129926,0.4624497016901656,0,permanent_holdout,non_ml_baseline,0.6557585,synthetic_demo
entity_0168,company,2026-08-28 11:09:00+00:00,0.552159,0,6,9,3.4819444444444443,0.926902,-0.04489600000000005,0.8571428571428571,1,0.5499490913987022,0.5521891425699422,22,control,model-v1,0.5499490913987022,synthetic_demo
entity_0173,company,2026-08-28 11:09:00+00:00,0.61125,1,5,23,0.2513888888888889,0.738647,0.14245999999999998,0.7142857142857143,1,0.47254593385210775,0.46525860174440276,59,control,model-v1,0.47254593385210775,synthetic_demo
entity_0007,candidate,2026-08-28 11:10:00+00:00,0.65529,3,12,20,0.39375,0.571475,-0.061011999999999955,1.7142857142857142,0,0.457729974494858,0.4607963089789655,4,permanent_holdout,non_ml_baseline,0.6133824999999999,synthetic_demo
entity_0064,candidate,2026-08-28 11:10:00+00:00,0.552221,1,1,13,0.3958333333333333,0.359236,0.09284699999999996,0.14285714285714285,0,0.3095427507553138,0.30569612713458005,68,control,model-v1,0.3095427507553138,synthetic_demo
entity_0192,company,2026-08-28 11:15:00+00:00,0.340342,0,8,21,3.7041666666666666,0.418068,-0.011284000000000016,1.1428571428571428,0,0.24841153608506975,0.24837834681306828,28,control,model-v1,0.24841153608506975,synthetic_demo
entity_0110,candidate,2026-08-28 11:21:00+00:00,0.544833,2,11,12,0.14375,0.976177,-0.022457999999999978,1.5714285714285714,1,0.5511919817634144,0.5518103900984657,43,control,model-v1,0.5511919817634144,synthetic_demo
entity_0057,candidate,2026-08-28 11:23:00+00:00,0.892158,1,11,26,0.3923611111111111,0.44916,0.06512099999999998,1.5714285714285714,1,0.5336095267955765,0.5312027232603762,18,challenger,model-v2,0.5312027232603762,synthetic_demo
entity_0124,candidate,2026-08-28 11:28:00+00:00,0.845624,2,13,28,0.2847222222222222,0.900952,-0.08651999999999993,1.8571428571428572,1,0.6746567618311944,0.6789973976325336,61,control,model-v1,0.6746567618311944,synthetic_demo
entity_0108,candidate,2026-08-28 11:31:00+00:00,0.501544,1,6,18,0.07430555555555556,0.557515,0.007759000000000016,0.8571428571428571,0,0.3510359816418186,0.3505414512721036,39,control,model-v1,0.3510359816418186,synthetic_demo
entity_0105,candidate,2026-08-28 11:38:00+00:00,0.313412,0,3,5,3.658333333333333,0.826603,0.03541700000000003,0.42857142857142855,0,0.3764052453457288,0.37398461472772354,21,control,model-v1,0.3764052453457288,synthetic_demo
entity_0073,candidate,2026-08-28 11:39:00+00:00,0.864022,1,29,42,0.2916666666666667,0.682864,-0.05581400000000003,4.142857142857143,0,0.6170484237085527,0.6197790479824861,11,challenger,model-v2,0.6197790479824861,synthetic_demo
entity_0045,candidate,2026-08-28 11:44:00+00:00,0.865011,3,18,27,0.09166666666666666,0.734378,0.05829200000000001,2.5714285714285716,1,0.6382061566321092,0.6355745322886759,98,control,model-v1,0.6382061566321092,synthetic_demo
entity_0188,company,2026-08-28 11:46:00+00:00,0.682754,2,15,17,0.21805555555555556,0.398168,-0.029730000000000034,2.142857142857143,0,0.41348836912840714,0.415042231147671,90,control,model-v1,0.41348836912840714,synthetic_demo
entity_0009,candidate,2026-08-28 11:52:00+00:00,0.923263,5,22,41,0.07152777777777777,0.504183,0.03468199999999999,3.142857142857143,1,0.5826098038079487,0.5809679978014923,49,control,model-v1,0.5826098038079487,synthetic_demo
entity_0110,candidate,2026-08-28 11:58:00+00:00,0.511966,3,12,13,0.025694444444444443,0.976177,-0.03286699999999998,1.7142857142857142,0,0.5347700670769115,0.5356720189700639,43,control,model-v1,0.5347700670769115,synthetic_demo
entity_0153,company,2026-08-28 11:58:00+00:00,0.423588,3,18,27,0.09722222222222222,0.68925,0.038482000000000016,2.5714285714285716,1,0.3711680585509949,0.368117265950023,37,control,model-v1,0.3711680585509949,synthetic_demo
entity_0082,candidate,2026-08-28 12:09:00+00:00,0.926903,7,21,42,0.04791666666666667,0.353741,-0.003830999999999918,3.0,1,0.5303709529988485,0.5306298443909024,41,control,model-v1,0.5303709529988485,synthetic_demo
entity_0168,company,2026-08-28 12:19:00+00:00,0.427879,1,7,10,0.04861111111111111,0.926902,-0.12427999999999995,1.0,0,0.45628358497992844,0.46215647032889573,22,control,model-v1,0.45628358497992844,synthetic_demo
entity_0095,candidate,2026-08-28 12:21:00+00:00,0.894265,0,21,28,1.5930555555555554,0.975143,0.06891999999999998,3.0,1,0.7370660126135314,0.7345276092192077,60,control,model-v1,0.7370660126135314,synthetic_demo
entity_0088,candidate,2026-08-28 12:24:00+00:00,0.788933,3,18,35,0.48194444444444445,0.64556,-0.00504899999999997,2.5714285714285716,1,0.5564729375995321,0.5567430116792857,22,control,model-v1,0.5564729375995321,synthetic_demo
entity_0089,candidate,2026-08-28 12:27:00+00:00,0.899898,6,21,39,0.06319444444444444,0.874239,0.12283,3.0,1,0.7021938908289523,0.6965848419669513,26,control,model-v1,0.7021938908289523,synthetic_demo
entity_0192,company,2026-08-28 12:28:00+00:00,0.483284,1,9,22,0.050694444444444445,0.418068,0.142942,1.2857142857142858,1,0.29562995706839545,0.2891880382812022,28,control,model-v1,0.29562995706839545,synthetic_demo
entity_0083,candidate,2026-08-28 12:32:00+00:00,0.537363,1,9,22,0.20625,0.418995,-0.12124799999999991,1.2857142857142858,1,0.3237653026906755,0.32930935016858287,80,control,model-v1,0.3237653026906755,synthetic_demo
entity_0088,candidate,2026-08-28 12:32:00+00:00,0.830676,4,19,36,0.005555555555555556,0.64556,0.041742999999999975,2.7142857142857144,1,0.5802024492979707,0.5780594081687384,22,control,model-v1,0.5802024492979707,synthetic_demo
entity_0068,candidate,2026-08-28 12:37:00+00:00,0.482344,0,13,19,1.7534722222222223,0.497299,0.039476999999999984,1.8571428571428572,1,0.3393390403375831,0.3371163593954481,3,permanent_holdout,non_ml_baseline,0.4898215,synthetic_demo
entity_0095,candidate,2026-08-28 12:43:00+00:00,0.874078,1,22,29,0.015277777777777777,0.975143,-0.020186999999999955,3.142857142857143,1,0.7213776747654466,0.7223596325888881,60,control,model-v1,0.7213776747654466,synthetic_demo
entity_0147,company,2026-08-28 12:43:00+00:00,0.739807,3,7,21,0.30277777777777776,0.418903,-0.028164999999999996,1.0,0,0.4376614904483828,0.4395917295775133,44,control,model-v1,0.4376614904483828,synthetic_demo
entity_0084,candidate,2026-08-28 12:45:00+00:00,0.706914,2,8,31,0.08125,0.886024,-0.0007509999999999462,1.1428571428571428,1,0.5808444040684891,0.5810578909063762,99,control,model-v1,0.5808444040684891,synthetic_demo
entity_0042,candidate,2026-08-28 12:46:00+00:00,0.358613,2,8,15,0.24305555555555555,0.585954,0.07743500000000003,1.1428571428571428,0,0.297877761744861,0.2937821157756449,27,control,model-v1,0.297877761744861,synthetic_demo
entity_0182,company,2026-08-28 12:50:00+00:00,0.992826,6,24,49,0.09583333333333334,0.88819,0.04203800000000002,3.4285714285714284,1,0.7443342702629978,0.7426177647696254,31,control,model-v1,0.7443342702629978,synthetic_demo
entity_0038,candidate,2026-08-28 12:52:00+00:00,0.657183,1,10,20,0.2611111111111111,0.693873,-0.0013610000000000566,1.4285714285714286,1,0.49516605084987947,0.4953685606322084,66,control,model-v1,0.49516605084987947,synthetic_demo
entity_0106,candidate,2026-08-28 12:53:00+00:00,0.765209,1,14,26,0.3284722222222222,0.633777,-0.11349900000000002,2.0,1,0.5353934059529237,0.5416726460367888,17,challenger,model-v2,0.5416726460367888,synthetic_demo
entity_0186,company,2026-08-28 12:56:00+00:00,0.710719,4,16,28,0.1,0.52191,-0.04580799999999996,2.2857142857142856,1,0.46909284254150996,0.4712939703931032,94,control,model-v1,0.46909284254150996,synthetic_demo
entity_0110,candidate,2026-08-28 12:57:00+00:00,0.661855,3,13,14,0.04097222222222222,0.976177,0.14988899999999994,1.8571428571428572,0,0.6202473574502816,0.6124423393956698,43,control,model-v1,0.6202473574502816,synthetic_demo
entity_0088,candidate,2026-08-28 12:59:00+00:00,0.852816,5,19,37,0.01875,0.64556,0.02214000000000005,2.7142857142857144,1,0.5942880990475756,0.5931284534567732,22,control,model-v1,0.5942880990475756,synthetic_demo
entity_0159,company,2026-08-28 12:59:00+00:00,0.640747,1,17,27,0.5979166666666667,0.729018,0.1388609999999999,2.4285714285714284,1,0.5057713273050413,0.49818898450660093,15,challenger,model-v2,0.49818898450660093,synthetic_demo
entity_0163,company,2026-08-28 13:00:00+00:00,0.625533,3,11,24,0.09861111111111111,0.91545,-0.025182999999999955,1.5714285714285714,1,0.5623483594866774,0.563297454987039,59,control,model-v1,0.5623483594866774,synthetic_demo
entity_0088,candidate,2026-08-28 13:08:00+00:00,0.722797,6,20,38,0.00625,0.64556,-0.130019,2.857142857142857,1,0.5231856025242873,0.5293785330186707,22,control,model-v1,0.5231856025242873,synthetic_demo
entity_0065,candidate,2026-08-28 13:11:00+00:00,0.240006,2,4,11,0.1986111111111111,0.714939,0.014013999999999999,0.5714285714285714,0,0.27944305090609717,0.2779455820138288,65,control,model-v1,0.27944305090609717,synthetic_demo
entity_0124,candidate,2026-08-28 13:13:00+00:00,0.918098,3,13,29,0.07291666666666667,0.900952,0.07247399999999993,1.8571428571428572,1,0.7105065890802874,0.7078091108740158,61,control,model-v1,0.7105065890802874,synthetic_demo
entity_0048,candidate,2026-08-28 13:15:00+00:00,0.366351,1,6,13,0.7826388888888889,0.930972,-0.12478600000000001,0.8571428571428571,1,0.4224060615618449,0.4280412864561939,7,permanent_holdout,non_ml_baseline,0.6486615,synthetic_demo
entity_0170,company,2026-08-28 13:23:00+00:00,0.847378,3,7,23,0.10972222222222222,0.387302,0.10784099999999996,1.0,0,0.4838922227940356,0.47908385402980735,2,permanent_holdout,non_ml_baseline,0.61734,synthetic_demo
entity_0007,candidate,2026-08-28 13:25:00+00:00,0.810661,3,13,21,0.09375,0.571475,0.15537099999999993,1.8571428571428572,1,0.5461967493786092,0.538434235126484,4,permanent_holdout,non_ml_baseline,0.691068,synthetic_demo
entity_0030,candidate,2026-08-28 13:25:00+00:00,0.303339,1,9,16,0.25069444444444444,0.913777,-0.03431599999999996,1.2857142857142858,1,0.37897936893662687,0.37960672033004644,6,permanent_holdout,non_ml_baseline,0.6085579999999999,synthetic_demo
entity_0106,candidate,2026-08-28 13:36:00+00:00,0.900417,2,14,27,0.029861111111111113,0.633777,0.135208,2.0,0,0.611497188312395,0.6053769361325597,17,challenger,model-v2,0.6053769361325597,synthetic_demo
entity_0043,candidate,2026-08-28 13:38:00+00:00,0.870342,2,11,34,0.1951388888888889,0.771115,-0.05868200000000001,1.5714285714285714,1,0.6321173234019333,0.6355925127777386,69,control,model-v1,0.6321173234019333,synthetic_demo
entity_0010,candidate,2026-08-28 13:41:00+00:00,0.681931,2,12,28,0.11527777777777778,0.826775,0.010198999999999958,1.7142857142857142,1,0.5555689053071695,0.5549806913854369,50,control,model-v1,0.5555689053071695,synthetic_demo
entity_0048,candidate,2026-08-28 13:51:00+00:00,0.470363,2,7,14,0.025,0.930972,0.104012,1.0,1,0.4800957435032286,0.47403584328698134,7,permanent_holdout,non_ml_baseline,0.7006675,synthetic_demo
entity_0109,candidate,2026-08-28 13:52:00+00:00,0.374721,1,10,17,0.41597222222222224,0.733495,-0.14271499999999998,1.4285714285714286,1,0.3552666411251524,0.36139419734778166,11,challenger,model-v2,0.36139419734778166,synthetic_demo
entity_0071,candidate,2026-08-28 14:07:00+00:00,0.953542,5,21,47,0.3423611111111111,0.794835,-0.014832999999999985,3.0,1,0.6939088595349359,0.69467888064909,19,challenger,model-v2,0.69467888064909,synthetic_demo
entity_0082,candidate,2026-08-28 14:09:00+00:00,0.838646,8,22,43,0.08333333333333333,0.353741,-0.08825700000000003,3.142857142857143,1,0.48280609701126603,0.48704968388865566,41,control,model-v1,0.48280609701126603,synthetic_demo
entity_0054,candidate,2026-08-28 14:13:00+00:00,0.70009,1,10,33,0.2590277777777778,0.695234,-0.011801000000000061,1.4285714285714286,1,0.504476130315746,0.5053720284457774,9,permanent_holdout,non_ml_baseline,0.697662,synthetic_demo
entity_0084,candidate,2026-08-28 14:30:00+00:00,0.797726,3,9,32,0.07291666666666667,0.886024,0.090812,1.2857142857142858,1,0.634310210215913,0.6301721431018149,99,control,model-v1,0.634310210215913,synthetic_demo
entity_0040,candidate,2026-08-28 14:32:00+00:00,0.651741,3,9,29,0.2847222222222222,0.655067,-0.05230899999999994,1.2857142857142858,0,0.46999706405583114,0.4726997662835654,88,control,model-v1,0.46999706405583114,synthetic_demo
entity_0087,candidate,2026-08-28 14:33:00+00:00,0.891521,4,20,43,0.15625,0.743717,0.06606199999999995,2.857142857142857,1,0.643824284077235,0.6407234989764147,52,control,model-v1,0.643824284077235,synthetic_demo
entity_0078,candidate,2026-08-28 14:37:00+00:00,0.383673,1,6,19,0.22916666666666666,0.64438,0.005509999999999959,0.8571428571428571,1,0.31946047155980906,0.31870174357487113,0,permanent_holdout,non_ml_baseline,0.5140264999999999,synthetic_demo
entity_0044,candidate,2026-08-28 14:44:00+00:00,0.289852,2,6,8,0.17708333333333334,0.886079,-0.04509000000000002,0.8571428571428571,1,0.36796239748319776,0.36910994692537974,14,challenger,model-v2,0.36910994692537974,synthetic_demo
entity_0011,candidate,2026-08-28 14:51:00+00:00,0.743376,0,9,22,3.94375,0.389238,0.10420200000000002,1.2857142857142858,0,0.44896611841877565,0.44422884841312776,23,control,model-v1,0.44896611841877565,synthetic_demo
entity_0013,candidate,2026-08-28 14:56:00+00:00,0.908862,1,19,42,0.47152777777777777,0.575491,-0.07835600000000009,2.7142857142857144,1,0.5862617226659825,0.5908631773433611,58,control,model-v1,0.5862617226659825,synthetic_demo
entity_0038,candidate,2026-08-28 14:56:00+00:00,0.750668,2,11,21,0.08611111111111111,0.693873,0.09348500000000004,1.5714285714285714,1,0.5514439626230176,0.5468612520892107,66,control,model-v1,0.5514439626230176,synthetic_demo
entity_0187,company,2026-08-28 14:57:00+00:00,0.562173,5,13,23,0.32708333333333334,0.979069,-0.10200299999999995,1.8571428571428572,0,0.5620516042067624,0.5664204612312994,6,permanent_holdout,non_ml_baseline,0.770621,synthetic_demo
entity_0178,company,2026-08-28 15:11:00+00:00,0.703399,1,18,37,0.9368055555555556,0.805549,-0.00021899999999996922,2.5714285714285716,1,0.5629853303116041,0.5628448871122202,6,permanent_holdout,non_ml_baseline,0.754474,synthetic_demo
entity_0045,candidate,2026-08-28 15:25:00+00:00,0.829907,4,19,27,0.15347222222222223,0.734378,-0.035104000000000024,2.7142857142857144,1,0.6239704228433689,0.6256532462210241,98,control,model-v1,0.6239704228433689,synthetic_demo
entity_0171,company,2026-08-28 15:27:00+00:00,0.602454,3,9,17,0.27708333333333335,0.404979,-0.12767299999999993,1.2857142857142858,1,0.3641770596885031,0.3703560564898655,68,control,model-v1,0.3641770596885031,synthetic_demo
entity_0103,candidate,2026-08-28 15:33:00+00:00,0.834698,2,13,21,0.44027777777777777,0.637277,-0.1002789999999999,1.8571428571428572,1,0.584333353527673,0.5899466770097292,69,control,model-v1,0.584333353527673,synthetic_demo
entity_0192,company,2026-08-28 15:36:00+00:00,0.502518,2,10,23,0.13055555555555556,0.418068,0.01923400000000003,1.4285714285714286,0,0.3084284997349716,0.30726506558094163,28,control,model-v1,0.3084284997349716,synthetic_demo
entity_0030,candidate,2026-08-28 15:37:00+00:00,0.437566,2,10,17,0.09166666666666666,0.913777,0.13422699999999999,1.4285714285714286,0,0.4568896754268509,0.44905460967927396,6,permanent_holdout,non_ml_baseline,0.6756715,synthetic_demo
entity_0108,candidate,2026-08-28 15:38:00+00:00,0.37853,2,7,19,0.17152777777777778,0.557515,-0.12301400000000001,1.0,0,0.29236944705782236,0.2971636177545166,39,control,model-v1,0.29236944705782236,synthetic_demo
entity_0085,candidate,2026-08-28 15:40:00+00:00,0.792635,3,15,27,0.22152777777777777,0.606124,-0.07037899999999997,2.142857142857143,0,0.5461440057498144,0.5499974083696026,70,control,model-v1,0.5461440057498144,synthetic_demo
entity_0198,company,2026-08-28 15:43:00+00:00,0.855713,2,6,24,0.19930555555555557,0.843666,-0.009426000000000045,0.8571428571428571,1,0.6526743365752834,0.653847072803739,18,challenger,model-v2,0.653847072803739,synthetic_demo
entity_0068,candidate,2026-08-28 15:48:00+00:00,0.517192,1,14,20,0.1326388888888889,0.497299,0.03484799999999999,2.0,0,0.34999818696623025,0.3479489286149437,3,permanent_holdout,non_ml_baseline,0.5072455,synthetic_demo
entity_0173,company,2026-08-28 15:48:00+00:00,0.563044,2,6,24,0.19375,0.738647,-0.04820599999999997,0.8571428571428571,1,0.44769356869326377,0.4500694154094885,59,control,model-v1,0.44769356869326377,synthetic_demo
entity_0125,candidate,2026-08-28 15:51:00+00:00,0.911095,3,19,37,0.21944444444444444,0.946845,-0.009916000000000036,2.7142857142857144,1,0.7232552111218499,0.7238455776358834,23,control,model-v1,0.7232552111218499,synthetic_demo
entity_0153,company,2026-08-28 15:53:00+00:00,0.403958,3,19,28,0.16319444444444445,0.68925,-0.019630000000000036,2.7142857142857144,1,0.3615916255921349,0.36128851261048267,37,control,model-v1,0.3615916255921349,synthetic_demo
entity_0007,candidate,2026-08-28 15:56:00+00:00,0.793139,4,14,22,0.10486111111111111,0.571475,-0.017521999999999927,2.0,1,0.5395632267003645,0.5406218930871431,4,permanent_holdout,non_ml_baseline,0.682307,synthetic_demo
entity_0147,company,2026-08-28 16:02:00+00:00,0.708179,4,8,22,0.13819444444444445,0.418903,-0.03162799999999999,1.1428571428571428,1,0.4218157282209459,0.42365123378676545,44,control,model-v1,0.4218157282209459,synthetic_demo
entity_0010,candidate,2026-08-28 16:06:00+00:00,0.583128,3,13,29,0.10069444444444445,0.826775,-0.09880299999999997,1.8571428571428572,0,0.5016958552284114,0.5063462088985454,50,control,model-v1,0.5016958552284114,synthetic_demo
entity_0182,company,2026-08-28 16:06:00+00:00,0.89281,7,24,49,0.1361111111111111,0.88819,-0.100016,3.4285714285714284,1,0.7002630261938846,0.7042586349719521,31,control,model-v1,0.7002630261938846,synthetic_demo
entity_0192,company,2026-08-28 16:17:00+00:00,0.389642,3,11,24,0.02847222222222222,0.418068,-0.11287600000000003,1.5714285714285714,0,0.2574690135730526,0.26135048346546447,28,control,model-v1,0.2574690135730526,synthetic_demo
entity_0073,candidate,2026-08-28 16:22:00+00:00,0.857592,2,30,42,0.19652777777777777,0.682864,-0.006429999999999936,4.285714285714286,1,0.6172613422411515,0.6173712398716837,11,challenger,model-v2,0.6173712398716837,synthetic_demo
entity_0167,company,2026-08-28 16:23:00+00:00,0.948586,1,15,35,0.3763888888888889,0.387923,0.030311000000000088,2.142857142857143,0,0.5391157237317291,0.5385728978868923,70,control,model-v1,0.5391157237317291,synthetic_demo
entity_0083,candidate,2026-08-28 16:29:00+00:00,0.646709,2,10,23,0.16458333333333333,0.418995,0.10934599999999994,1.4285714285714286,0,0.3846387006328708,0.37933119490425626,80,control,model-v1,0.3846387006328708,synthetic_demo
entity_0125,candidate,2026-08-28 16:29:00+00:00,0.905653,4,20,38,0.02638888888888889,0.946845,-0.005441999999999947,2.857142857142857,1,0.7223269543843298,0.7225915059950531,23,control,model-v1,0.7223269543843298,synthetic_demo
entity_0162,company,2026-08-28 16:30:00+00:00,0.139271,1,5,10,0.4215277777777778,0.826128,-0.123202,0.7142857142857143,1,0.26817075645454125,0.2721296986684503,74,control,model-v1,0.26817075645454125,synthetic_demo
entity_0170,company,2026-08-28 16:31:00+00:00,0.812373,3,8,24,0.13055555555555556,0.387302,-0.03500499999999995,1.1428571428571428,1,0.46436873070289375,0.4668953454422213,2,permanent_holdout,non_ml_baseline,0.5998375,synthetic_demo
entity_0071,candidate,2026-08-28 16:38:00+00:00,0.868429,4,22,48,0.10486111111111111,0.794835,-0.085113,3.142857142857143,0,0.6467709422787445,0.6507678738970785,19,challenger,model-v2,0.6507678738970785,synthetic_demo
entity_0032,candidate,2026-08-28 16:41:00+00:00,0.8304,2,13,32,0.30416666666666664,0.476883,-0.068859,1.8571428571428572,1,0.5067757054209757,0.5109832227010682,65,control,model-v1,0.5067757054209757,synthetic_demo
entity_0009,candidate,2026-08-28 16:42:00+00:00,0.873553,5,23,39,0.2013888888888889,0.504183,-0.04970999999999992,3.2857142857142856,1,0.5594875444857529,0.5619887590889658,49,control,model-v1,0.5594875444857529,synthetic_demo
entity_0183,company,2026-08-28 16:48:00+00:00,0.817575,4,12,17,0.25763888888888886,0.936954,0.16741700000000004,1.7142857142857142,0,0.6873904360628303,0.6798701676018137,9,permanent_holdout,non_ml_baseline,0.8772645,synthetic_demo
entity_0106,candidate,2026-08-28 16:49:00+00:00,0.870399,3,13,26,0.13402777777777777,0.633777,-0.03001799999999999,1.8571428571428572,1,0.5976480373823421,0.5996733911805957,17,challenger,model-v2,0.5996733911805957,synthetic_demo
entity_0025,candidate,2026-08-28 16:52:00+00:00,0.588745,1,20,28,0.30069444444444443,0.572241,-0.057626000000000066,2.857142857142857,1,0.41857115928980587,0.4210394011463452,70,control,model-v1,0.41857115928980587,synthetic_demo
entity_0124,candidate,2026-08-28 17:13:00+00:00,1.0,4,14,30,0.16666666666666666,0.900952,0.08190200000000003,2.0,1,0.7511280269825682,0.7483914094163304,61,control,model-v1,0.7511280269825682,synthetic_demo
entity_0064,candidate,2026-08-28 17:17:00+00:00,0.547995,2,2,14,0.2548611111111111,0.359236,-0.004225999999999952,0.2857142857142857,0,0.3094827617852977,0.3098464993939021,68,control,model-v1,0.3094827617852977,synthetic_demo
entity_0113,candidate,2026-08-28 17:20:00+00:00,0.46375,2,3,8,0.3951388888888889,0.545515,0.07702799999999999,0.42857142857142855,1,0.33790956785311277,0.33408498183485114,45,control,model-v1,0.33790956785311277,synthetic_demo
entity_0047,candidate,2026-08-28 17:21:00+00:00,0.892251,2,10,27,0.26805555555555555,0.855194,-0.04105800000000004,1.4285714285714286,1,0.6791988191271001,0.6817126428969746,78,control,model-v1,0.6791988191271001,synthetic_demo
entity_0094,candidate,2026-08-28 17:36:00+00:00,0.676273,1,15,31,0.6930555555555555,0.607268,-0.155072,2.142857142857143,1,0.4719994711165864,0.4801469906670474,86,control,model-v1,0.4719994711165864,synthetic_demo
entity_0085,candidate,2026-08-28 17:46:00+00:00,0.787078,4,15,28,0.0875,0.606124,-0.005556999999999923,2.142857142857143,0,0.5435214251503662,0.5438687429101474,70,control,model-v1,0.5435214251503662,synthetic_demo
entity_0188,company,2026-08-28 17:49:00+00:00,0.737066,3,14,18,0.2520833333333333,0.398168,0.05431200000000003,2.0,0,0.4443663536781395,0.44169817501927044,90,control,model-v1,0.4443663536781395,synthetic_demo
entity_0120,candidate,2026-08-28 17:54:00+00:00,0.927224,1,18,40,0.65,0.89865,0.04101700000000008,2.5714285714285716,1,0.7093903361686157,0.7080679739839768,77,control,model-v1,0.7093903361686157,synthetic_demo
entity_0057,candidate,2026-08-28 17:57:00+00:00,0.786562,2,12,27,0.27361111111111114,0.44916,-0.10559600000000002,1.7142857142857142,1,0.4748676739002078,0.4809118822568099,18,challenger,model-v2,0.4809118822568099,synthetic_demo
entity_0048,candidate,2026-08-28 18:05:00+00:00,0.34284,3,8,15,0.1763888888888889,0.930972,-0.127523,1.1428571428571428,1,0.411451410390538,0.41681197039366064,7,permanent_holdout,non_ml_baseline,0.636906,synthetic_demo
entity_0057,candidate,2026-08-28 18:05:00+00:00,0.833381,3,12,28,0.005555555555555556,0.44916,0.046819000000000055,1.7142857142857142,1,0.5016569420548099,0.49974241113918605,18,challenger,model-v2,0.49974241113918605,synthetic_demo
entity_0095,candidate,2026-08-28 18:07:00+00:00,0.889155,2,23,30,0.225,0.975143,0.015077000000000007,3.2857142857142856,1,0.7322691374414837,0.7316867833844685,60,control,model-v1,0.7322691374414837,synthetic_demo
entity_0077,candidate,2026-08-28 18:11:00+00:00,0.73677,4,26,36,0.4326388888888889,0.894463,0.062178999999999984,3.7142857142857144,1,0.6340760834627605,0.6303026240910912,33,control,model-v1,0.6340760834627605,synthetic_demo
entity_0013,candidate,2026-08-28 18:12:00+00:00,0.857116,2,19,43,0.1361111111111111,0.575491,-0.05174599999999996,2.7142857142857144,0,0.5559388150784337,0.558967114270012,58,control,model-v1,0.5559388150784337,synthetic_demo
entity_0080,candidate,2026-08-28 18:14:00+00:00,0.846832,1,20,29,0.6666666666666666,0.693391,0.03483500000000006,2.857142857142857,1,0.6134914682131086,0.6120395419370335,51,control,model-v1,0.6134914682131086,synthetic_demo
entity_0099,candidate,2026-08-28 18:14:00+00:00,0.160203,1,8,15,0.7194444444444444,0.659546,-0.13091299999999997,1.1428571428571428,0,0.23085128387602688,0.23473984910865187,31,control,model-v1,0.23085128387602688,synthetic_demo
entity_0009,candidate,2026-08-28 18:20:00+00:00,0.865142,6,24,40,0.06805555555555555,0.504183,-0.008411000000000057,3.4285714285714284,1,0.5570746373357911,0.5572536939491693,49,control,model-v1,0.5570746373357911,synthetic_demo
entity_0022,candidate,2026-08-28 18:30:00+00:00,0.846575,5,12,21,0.6756944444444445,0.690281,0.12985799999999992,1.7142857142857142,0,0.6182938762910313,0.6120433542590618,2,permanent_holdout,non_ml_baseline,0.768428,synthetic_demo
entity_0157,company,2026-08-28 18:38:00+00:00,0.791764,2,6,18,0.6048611111111111,0.724008,0.03321700000000005,0.8571428571428571,1,0.5844595440087058,0.5833832512363339,2,permanent_holdout,non_ml_baseline,0.7578860000000001,synthetic_demo
entity_0137,candidate,2026-08-28 18:51:00+00:00,0.520999,2,10,22,0.3263888888888889,0.708766,-0.08175200000000005,1.4285714285714286,1,0.423133052050358,0.42689959014296197,0,permanent_holdout,non_ml_baseline,0.6148825,synthetic_demo
entity_0129,candidate,2026-08-28 18:52:00+00:00,0.596771,2,11,26,0.4527777777777778,0.551726,-0.04668799999999995,1.5714285714285714,0,0.40556217400766775,0.40778287062876195,52,control,model-v1,0.40556217400766775,synthetic_demo
entity_0026,candidate,2026-08-28 19:00:00+00:00,1.0,2,2,15,0.6486111111111111,0.52703,0.0,0.2857142857142857,1,0.6250173344513641,0.626551636618806,58,control,model-v1,0.6250173344513641,synthetic_demo
entity_0178,company,2026-08-28 19:01:00+00:00,0.761266,1,19,38,0.1597222222222222,0.805549,0.057867,2.7142857142857144,1,0.5908481030255374,0.5879055665292736,6,permanent_holdout,non_ml_baseline,0.7834075,synthetic_demo
entity_0108,candidate,2026-08-28 19:02:00+00:00,0.391833,3,8,19,0.14166666666666666,0.557515,0.01330300000000001,1.1428571428571428,0,0.3025418301872988,0.30125972948327073,39,control,model-v1,0.3025418301872988,synthetic_demo
entity_0001,candidate,2026-08-28 19:06:00+00:00,0.774338,2,10,29,0.4597222222222222,0.365757,-0.0004730000000000567,1.4285714285714286,0,0.43151680279654264,0.43212186377863304,2,permanent_holdout,non_ml_baseline,0.5700475,synthetic_demo
entity_0040,candidate,2026-08-28 19:09:00+00:00,0.593781,2,10,30,0.19236111111111112,0.655067,-0.05796000000000001,1.4285714285714286,0,0.4337979559054094,0.43662756322115226,88,control,model-v1,0.4337979559054094,synthetic_demo
entity_0198,company,2026-08-28 19:15:00+00:00,0.878674,3,7,24,0.14722222222222223,0.843666,0.02296100000000001,1.0,0,0.6684747290875119,0.6680414568161196,18,challenger,model-v2,0.6680414568161196,synthetic_demo
entity_0103,candidate,2026-08-28 19:29:00+00:00,0.911344,3,14,22,0.1638888888888889,0.637277,0.07664599999999999,2.0,1,0.6281574417516294,0.6249596117428957,69,control,model-v1,0.6281574417516294,synthetic_demo
entity_0162,company,2026-08-28 19:31:00+00:00,0.216966,2,6,11,0.12569444444444444,0.826128,0.07769499999999999,0.8571428571428571,0,0.30611990926353466,0.3015139499404392,74,control,model-v1,0.30611990926353466,synthetic_demo
entity_0061,candidate,2026-08-28 19:40:00+00:00,0.61007,3,5,18,0.42569444444444443,0.825203,0.187098,0.7142857142857143,0,0.5179617165275143,0.5080297084141479,63,control,model-v1,0.5179617165275143,synthetic_demo
entity_0103,candidate,2026-08-28 19:45:00+00:00,0.943743,4,15,23,0.011111111111111112,0.637277,0.032398999999999956,2.142857142857143,0,0.6476727959360137,0.6466382779776704,69,control,model-v1,0.6476727959360137,synthetic_demo
entity_0187,company,2026-08-28 19:46:00+00:00,0.663295,4,14,23,0.20069444444444445,0.979069,0.10112199999999993,2.0,0,0.6170425121472389,0.6115064570218818,6,permanent_holdout,non_ml_baseline,0.821182,synthetic_demo
entity_0054,candidate,2026-08-28 19:48:00+00:00,0.706558,2,11,34,0.2326388888888889,0.695234,0.006468000000000029,1.5714285714285714,0,0.5114575009390409,0.5112574704183797,9,permanent_holdout,non_ml_baseline,0.700896,synthetic_demo
entity_0071,candidate,2026-08-28 19:50:00+00:00,0.839605,5,23,49,0.13333333333333333,0.794835,-0.02882399999999996,3.2857142857142856,0,0.6346881585508561,0.6357702475745155,19,challenger,model-v2,0.6357702475745155,synthetic_demo
entity_0064,candidate,2026-08-28 19:51:00+00:00,0.573847,3,3,14,0.10694444444444444,0.359236,0.025851999999999986,0.42857142857142855,1,0.32560153321214125,0.3245265730576554,68,control,model-v1,0.32560153321214125,synthetic_demo
entity_0095,candidate,2026-08-28 19:52:00+00:00,0.860738,3,24,31,0.07291666666666667,0.975143,-0.028417000000000026,3.4285714285714284,1,0.720980395690641,0.7220223331790078,60,control,model-v1,0.720980395690641,synthetic_demo
entity_0120,candidate,2026-08-28 19:57:00+00:00,0.849185,2,19,40,0.08541666666666667,0.89865,-0.07803900000000008,2.7142857142857144,1,0.6710915138255501,0.6748346837665443,77,control,model-v1,0.6710915138255501,synthetic_demo
entity_0013,candidate,2026-08-28 19:59:00+00:00,0.970016,3,19,44,0.07430555555555556,0.575491,0.1129,2.7142857142857144,0,0.6204782887419351,0.6154500876512758,58,control,model-v1,0.6204782887419351,synthetic_demo
entity_0061,candidate,2026-08-28 20:01:00+00:00,0.544436,4,6,19,0.014583333333333334,0.825203,-0.06563399999999997,0.8571428571428571,1,0.4802469223882311,0.4832334180110922,63,control,model-v1,0.4802469223882311,synthetic_demo
entity_0038,candidate,2026-08-28 20:05:00+00:00,0.616664,3,12,22,0.21458333333333332,0.693873,-0.134004,1.7142857142857142,0,0.47812930819473554,0.48485418976156375,66,control,model-v1,0.47812930819473554,synthetic_demo
entity_0073,candidate,2026-08-28 20:05:00+00:00,0.939491,3,31,42,0.15486111111111112,0.682864,0.08189899999999994,4.428571428571429,0,0.6650142473982965,0.6610716711953489,11,challenger,model-v2,0.6610716711953489,synthetic_demo
entity_0125,candidate,2026-08-28 20:06:00+00:00,0.948323,5,21,38,0.15069444444444444,0.946845,0.042669999999999986,3.0,1,0.7460189653733099,0.7443354162592075,23,control,model-v1,0.7460189653733099,synthetic_demo
entity_0120,candidate,2026-08-28 20:14:00+00:00,0.878327,3,20,41,0.011805555555555555,0.89865,0.029142,2.857142857142857,1,0.6883420040137809,0.6870992715720752,77,control,model-v1,0.6883420040137809,synthetic_demo
entity_0100,candidate,2026-08-28 20:16:00+00:00,0.348209,0,0,2,9.001388888888888,0.671736,-0.014207999999999998,0.0,0,0.37490147497841775,0.37517984631344337,1,permanent_holdout,non_ml_baseline,0.5099724999999999,synthetic_demo
entity_0057,candidate,2026-08-28 20:20:00+00:00,0.956865,4,13,29,0.09375,0.44916,0.12348399999999993,1.8571428571428572,0,0.5768634199141409,0.5712987967721083,18,challenger,model-v2,0.5712987967721083,synthetic_demo
entity_0167,company,2026-08-28 20:20:00+00:00,0.794587,2,16,35,0.16458333333333333,0.387923,-0.153999,2.2857142857142856,0,0.4529535766960175,0.4613709508242048,70,control,model-v1,0.4529535766960175,synthetic_demo
entity_0009,candidate,2026-08-28 20:21:00+00:00,0.869121,6,25,40,0.08402777777777778,0.504183,0.003979000000000066,3.5714285714285716,1,0.5612948909999613,0.5607985565998327,49,control,model-v1,0.5612948909999613,synthetic_demo
entity_0124,candidate,2026-08-28 20:28:00+00:00,0.904592,5,15,31,0.13541666666666666,0.900952,-0.09540800000000005,2.142857142857143,1,0.7100499186054112,0.7143190509152623,61,control,model-v1,0.7100499186054112,synthetic_demo
entity_0157,company,2026-08-28 20:33:00+00:00,0.727401,3,7,19,0.0798611111111111,0.724008,-0.06436300000000006,1.0,1,0.5473067098297502,0.5509326359510882,2,permanent_holdout,non_ml_baseline,0.7257045,synthetic_demo
entity_0180,company,2026-08-28 20:42:00+00:00,0.236643,2,4,9,0.8020833333333334,0.609243,-0.12079899999999999,0.5714285714285714,0,0.25183704817146635,0.2558305277640896,61,control,model-v1,0.25183704817146635,synthetic_demo
entity_0080,candidate,2026-08-28 20:45:00+00:00,0.830917,2,21,29,0.10486111111111111,0.693391,-0.015915000000000012,3.0,0,0.6052040215319721,0.6061008743671132,51,control,model-v1,0.6052040215319721,synthetic_demo
entity_0080,candidate,2026-08-28 20:47:00+00:00,0.829578,3,22,30,0.001388888888888889,0.693391,-0.001338999999999979,3.142857142857143,1,0.6070013566345817,0.6070124863107474,51,control,model-v1,0.6070013566345817,synthetic_demo
entity_0120,candidate,2026-08-28 20:51:00+00:00,0.869064,4,21,42,0.025694444444444443,0.89865,-0.009263000000000021,3.0,0,0.6867410168069543,0.6870735093703427,77,control,model-v1,0.6867410168069543,synthetic_demo
entity_0186,company,2026-08-28 20:54:00+00:00,0.753898,5,15,29,0.33194444444444443,0.52191,0.04317899999999997,2.142857142857143,1,0.4955592984978038,0.493163609571567,94,control,model-v1,0.4955592984978038,synthetic_demo
entity_0106,candidate,2026-08-28 20:59:00+00:00,0.932003,4,14,27,0.1736111111111111,0.633777,0.06160399999999999,2.0,1,0.6349933663610068,0.632520124652969,17,challenger,model-v2,0.632520124652969,synthetic_demo
entity_0022,candidate,2026-08-28 21:07:00+00:00,0.762151,5,13,22,0.10902777777777778,0.690281,-0.08442399999999994,1.8571428571428572,1,0.5675640973466994,0.5718331775081156,2,permanent_holdout,non_ml_baseline,0.726216,synthetic_demo
entity_0095,candidate,2026-08-28 21:08:00+00:00,0.79387,4,25,32,0.05277777777777778,0.975143,-0.06686800000000004,3.5714285714285716,1,0.691466236265513,0.693967108692321,60,control,model-v1,0.691466236265513,synthetic_demo
entity_0057,candidate,2026-08-28 21:11:00+00:00,0.843143,5,13,30,0.035416666666666666,0.44916,-0.11372199999999999,1.8571428571428572,1,0.5125305246134155,0.5188254895062644,18,challenger,model-v2,0.5188254895062644,synthetic_demo
entity_0090,candidate,2026-08-28 21:17:00+00:00,0.866024,2,12,25,0.6965277777777777,0.460823,-0.06603999999999999,1.7142857142857142,1,0.5310127768763508,0.535225325927347,33,control,model-v1,0.5310127768763508,synthetic_demo
entity_0146,company,2026-08-28 21:24:00+00:00,0.709001,1,16,28,0.7923611111111111,0.812222,-0.10281200000000001,2.2857142857142856,1,0.5749602673375547,0.5801990370127016,96,control,model-v1,0.5749602673375547,synthetic_demo
entity_0030,candidate,2026-08-28 21:26:00+00:00,0.388731,3,11,18,0.2423611111111111,0.913777,-0.04883500000000002,1.5714285714285714,0,0.43332520609900166,0.434706969978763,6,permanent_holdout,non_ml_baseline,0.651254,synthetic_demo
entity_0152,company,2026-08-28 21:30:00+00:00,0.3458,0,7,11,2.154166666666667,0.650452,0.024088,1.0,1,0.3224027960232227,0.32070558942113886,8,permanent_holdout,non_ml_baseline,0.498126,synthetic_demo
entity_0178,company,2026-08-28 21:34:00+00:00,0.703881,2,20,39,0.10625,0.805549,-0.05738500000000002,2.857142857142857,1,0.5612389002148573,0.563873348186122,6,permanent_holdout,non_ml_baseline,0.754715,synthetic_demo
entity_0099,candidate,2026-08-28 21:38:00+00:00,0.204052,2,9,16,0.14166666666666666,0.659546,0.043849,1.2857142857142858,0,0.248834011688201,0.24603649944651526,31,control,model-v1,0.248834011688201,synthetic_demo
entity_0105,candidate,2026-08-28 21:44:00+00:00,0.221644,1,4,5,0.42083333333333334,0.826603,-0.09176800000000002,0.5714285714285714,0,0.31123697442211595,0.3144104275293373,21,control,model-v1,0.31123697442211595,synthetic_demo
entity_0198,company,2026-08-28 21:47:00+00:00,0.844602,4,8,24,0.10555555555555556,0.843666,-0.03407199999999999,1.1428571428571428,1,0.6546428463126331,0.6566674171009681,18,challenger,model-v2,0.6566674171009681,synthetic_demo
entity_0054,candidate,2026-08-28 21:50:00+00:00,0.75352,3,12,35,0.08472222222222223,0.695234,0.04696199999999995,1.7142857142857142,1,0.5409917470297789,0.5386793082972305,9,permanent_holdout,non_ml_baseline,0.724377,synthetic_demo
entity_0088,candidate,2026-08-28 21:54:00+00:00,0.756034,5,19,39,0.36527777777777776,0.64556,0.03323699999999996,2.7142857142857144,0,0.5391661252159086,0.5370596340360427,22,control,model-v1,0.5391661252159086,synthetic_demo
entity_0094,candidate,2026-08-28 21:55:00+00:00,0.814386,2,16,32,0.1798611111111111,0.607268,0.13811300000000004,2.2857142857142856,0,0.5517022036105381,0.5448194869823139,86,control,model-v1,0.5517022036105381,synthetic_demo
entity_0083,candidate,2026-08-28 21:58:00+00:00,0.621389,3,10,23,0.22847222222222222,0.418995,-0.02532000000000001,1.4285714285714286,0,0.37386809572628465,0.3750586161024984,80,control,model-v1,0.37386809572628465,synthetic_demo
entity_0159,company,2026-08-28 21:58:00+00:00,0.58089,2,18,28,0.37430555555555556,0.729018,-0.05985699999999994,2.5714285714285716,1,0.4727957976421535,0.47530978180559746,15,challenger,model-v2,0.47530978180559746,synthetic_demo
entity_0187,company,2026-08-28 22:04:00+00:00,0.629338,5,15,23,0.09583333333333334,0.979069,-0.033957000000000015,2.142857142857143,0,0.6019618570323366,0.6029184887205083,6,permanent_holdout,non_ml_baseline,0.8042035,synthetic_demo
entity_0022,candidate,2026-08-28 22:09:00+00:00,0.836512,5,14,23,0.043055555555555555,0.690281,0.07436100000000001,2.0,1,0.6095151426886197,0.6058936206883019,2,permanent_holdout,non_ml_baseline,0.7633965,synthetic_demo
entity_0124,candidate,2026-08-28 22:10:00+00:00,0.961599,6,16,32,0.07083333333333333,0.900952,0.05700700000000003,2.2857142857142856,1,0.7388334284099203,0.7366832365991556,61,control,model-v1,0.7388334284099203,synthetic_demo
entity_0032,candidate,2026-08-28 22:28:00+00:00,0.981341,3,14,33,0.24097222222222223,0.476883,0.150941,2.0,1,0.5962282755999302,0.5894647704659124,65,control,model-v1,0.5962282755999302,synthetic_demo
entity_0181,company,2026-08-28 22:30:00+00:00,0.748966,3,9,19,0.5576388888888889,0.92619,0.12933400000000006,1.2857142857142858,1,0.6404818442354056,0.634315667576541,72,control,model-v1,0.6404818442354056,synthetic_demo
entity_0198,company,2026-08-28 22:30:00+00:00,0.886458,5,9,25,0.029861111111111113,0.843666,0.041856000000000004,1.2857142857142858,0,0.6787984994114322,0.677254050946866,18,challenger,model-v2,0.677254050946866,synthetic_demo
entity_0037,candidate,2026-08-28 22:32:00+00:00,0.817473,3,28,56,0.5291666666666667,0.890078,-0.14997700000000003,4.0,0,0.6542550639302641,0.6609207793886895,94,control,model-v1,0.6542550639302641,synthetic_demo
entity_0071,candidate,2026-08-28 22:35:00+00:00,0.879966,6,24,50,0.11458333333333333,0.794835,0.04036099999999998,3.4285714285714284,1,0.6591077270691194,0.6568627678640825,19,challenger,model-v2,0.6568627678640825,synthetic_demo
entity_0168,company,2026-08-28 22:38:00+00:00,0.424465,2,8,11,0.42986111111111114,0.926902,-0.003414000000000028,1.1428571428571428,1,0.4604803135767443,0.4598609088351321,22,control,model-v1,0.4604803135767443,synthetic_demo
entity_0125,candidate,2026-08-28 22:46:00+00:00,0.983344,6,22,38,0.1111111111111111,0.946845,0.03502099999999997,3.142857142857143,1,0.7642943298379877,0.7629575990827029,23,control,model-v1,0.7642943298379877,synthetic_demo
entity_0001,candidate,2026-08-28 22:51:00+00:00,0.632931,3,11,28,0.15625,0.365757,-0.14140699999999995,1.5714285714285714,1,0.3567159561485353,0.3635397465658931,2,permanent_holdout,non_ml_baseline,0.499344,synthetic_demo
entity_0010,candidate,2026-08-28 22:58:00+00:00,0.542401,4,12,29,0.2861111111111111,0.826775,-0.04072699999999996,1.7142857142857142,0,0.4803536101242346,0.4817408124855283,50,control,model-v1,0.4803536101242346,synthetic_demo
entity_0026,candidate,2026-08-28 23:06:00+00:00,0.864972,3,3,16,0.17083333333333334,0.52703,-0.13502800000000004,0.42857142857142855,1,0.549020854844238,0.557066889823541,58,control,model-v1,0.549020854844238,synthetic_demo
entity_0167,company,2026-08-28 23:07:00+00:00,0.897951,3,17,36,0.11597222222222223,0.387923,0.10336400000000001,2.4285714285714284,1,0.5159356330782516,0.5110664243058781,70,control,model-v1,0.5159356330782516,synthetic_demo
entity_0114,candidate,2026-08-28 23:14:00+00:00,0.655956,2,2,24,0.64375,0.977759,-0.013282000000000016,0.2857142857142857,0,0.5877471021406891,0.5886455324852735,83,control,model-v1,0.5877471021406891,synthetic_demo
entity_0114,candidate,2026-08-28 23:15:00+00:00,0.726285,3,3,25,0.0006944444444444445,0.977759,0.07032899999999997,0.42857142857142855,0,0.6255019880522739,0.6223265468721749,83,control,model-v1,0.6255019880522739,synthetic_demo
entity_0073,candidate,2026-08-28 23:20:00+00:00,0.774849,4,32,43,0.13541666666666666,0.682864,-0.16464199999999996,4.571428571428571,1,0.5783800915718021,0.5860187888297674,11,challenger,model-v2,0.5860187888297674,synthetic_demo
entity_0044,candidate,2026-08-28 23:26:00+00:00,0.309658,3,7,9,0.3625,0.886079,0.01980599999999999,1.0,1,0.383237830909419,0.3810888139741152,14,challenger,model-v2,0.3810888139741152,synthetic_demo
entity_0080,candidate,2026-08-28 23:29:00+00:00,0.691597,4,23,30,0.1125,0.693391,-0.13798100000000002,3.2857142857142856,0,0.533920106560806,0.5404619037176911,51,control,model-v1,0.533920106560806,synthetic_demo
entity_0073,candidate,2026-08-28 23:32:00+00:00,0.764537,5,33,44,0.008333333333333333,0.682864,-0.010311999999999988,4.714285714285714,1,0.574957465556951,0.5745055041972323,11,challenger,model-v2,0.5745055041972323,synthetic_demo
entity_0108,candidate,2026-08-28 23:54:00+00:00,0.516116,4,9,18,0.20277777777777778,0.557515,0.12428300000000003,1.2857142857142858,0,0.3726296743154573,0.36601580005517603,39,control,model-v1,0.3726296743154573,synthetic_demo
entity_0077,candidate,2026-08-28 23:56:00+00:00,0.85176,4,27,37,0.23958333333333334,0.894463,0.11498999999999993,3.857142857142857,1,0.6929217291993303,0.6873695805937275,33,control,model-v1,0.6929217291993303,synthetic_demo
entity_0085,candidate,2026-08-28 23:57:00+00:00,0.887355,5,15,29,0.25763888888888886,0.606124,0.10027699999999995,2.142857142857143,0,0.6032112818123005,0.5984205352421433,70,control,model-v1,0.6032112818123005,synthetic_demo
entity_0008,candidate,2026-08-29 00:07:00+00:00,0.931077,0,18,26,1.0930555555555554,0.621484,0.12080600000000008,2.5714285714285716,1,0.633989215127534,0.6288381661010097,55,control,model-v1,0.633989215127534,synthetic_demo
entity_0110,candidate,2026-08-29 00:14:00+00:00,0.495419,4,14,15,0.4701388888888889,0.976177,-0.16643599999999997,2.0,1,0.5324483225016738,0.540079412549625,43,control,model-v1,0.5324483225016738,synthetic_demo
entity_0125,candidate,2026-08-29 00:17:00+00:00,1.0,6,23,37,0.06319444444444444,0.946845,0.016656000000000004,3.2857142857142856,1,0.7731260320640301,0.7725122707244702,23,control,model-v1,0.7731260320640301,synthetic_demo
entity_0028,candidate,2026-08-29 00:19:00+00:00,0.638379,0,15,22,1.0298611111111111,0.506009,0.019340000000000024,2.142857142857143,0,0.4227422220517142,0.4217844513681553,76,control,model-v1,0.4227422220517142,synthetic_demo
entity_0106,candidate,2026-08-29 00:21:00+00:00,0.756158,5,15,27,0.14027777777777778,0.633777,-0.17584500000000003,2.142857142857143,1,0.5405657986342557,0.5495743584242986,17,challenger,model-v2,0.5495743584242986,synthetic_demo
entity_0103,candidate,2026-08-29 00:29:00+00:00,0.863314,5,16,24,0.19722222222222222,0.637277,-0.08042899999999997,2.2857142857142856,1,0.6084969978630801,0.6126574075434192,69,control,model-v1,0.6084969978630801,synthetic_demo
entity_0145,company,2026-08-29 00:31:00+00:00,0.68745,0,17,32,1.3868055555555556,0.712164,-0.004214999999999969,2.4285714285714284,1,0.5232270549210796,0.523441419083322,18,challenger,model-v2,0.523441419083322,synthetic_demo
entity_0054,candidate,2026-08-29 00:42:00+00:00,0.625716,4,13,36,0.11944444444444445,0.695234,-0.12780399999999992,1.8571428571428572,1,0.47052315479091994,0.4767872484517781,9,permanent_holdout,non_ml_baseline,0.660475,synthetic_demo
entity_0168,company,2026-08-29 01:17:00+00:00,0.562107,3,9,12,0.11041666666666666,0.926902,0.13764200000000004,1.2857142857142858,1,0.5413656436068897,0.5336752788451843,22,control,model-v1,0.5413656436068897,synthetic_demo
entity_0073,candidate,2026-08-29 01:45:00+00:00,0.770796,6,34,45,0.09236111111111112,0.682864,0.0062590000000000146,4.857142857142857,1,0.5824376999705259,0.5810057239691423,11,challenger,model-v2,0.5810057239691423,synthetic_demo
entity_0126,candidate,2026-08-29 01:49:00+00:00,0.513791,0,4,11,1.5972222222222223,0.538424,-0.018831000000000042,0.5714285714285714,1,0.3631159787597276,0.3641255914312233,57,control,model-v1,0.3631159787597276,synthetic_demo
entity_0166,company,2026-08-29 01:53:00+00:00,0.928178,0,13,43,2.160416666666667,0.627337,0.032259999999999955,1.8571428571428572,1,0.6133591557666408,0.6127237715210886,73,control,model-v1,0.6133591557666408,synthetic_demo
entity_0119,candidate,2026-08-29 01:57:00+00:00,0.60068,0,17,29,1.7319444444444445,0.757125,-0.03097899999999998,2.4285714285714284,1,0.4962346425991475,0.4975352520974441,91,control,model-v1,0.4962346425991475,synthetic_demo
entity_0064,candidate,2026-08-29 02:06:00+00:00,0.601056,3,4,14,0.2604166666666667,0.359236,0.02720900000000004,0.5714285714285714,0,0.34231337423917946,0.3411862016266354,68,control,model-v1,0.34231337423917946,synthetic_demo
entity_0169,company,2026-08-29 02:06:00+00:00,0.992012,0,9,26,2.252083333333333,0.705053,0.123147,1.2857142857142858,1,0.6869566106055548,0.6825579960577737,57,control,model-v1,0.6869566106055548,synthetic_demo
entity_0071,candidate,2026-08-29 02:11:00+00:00,0.852542,7,25,51,0.15,0.794835,-0.027424000000000004,3.5714285714285716,0,0.6480058234234253,0.6487570983109696,19,challenger,model-v2,0.6487570983109696,synthetic_demo
entity_0102,candidate,2026-08-29 02:13:00+00:00,0.553525,0,15,15,1.7256944444444444,0.662814,0.06879500000000005,2.142857142857143,1,0.44665327853998793,0.44273557613136943,32,control,model-v1,0.44665327853998793,synthetic_demo
entity_0004,candidate,2026-08-29 02:17:00+00:00,0.912647,0,15,39,1.3152777777777778,0.421875,0.09017399999999998,2.142857142857143,1,0.5303414226654957,0.5266133775795746,43,control,model-v1,0.5303414226654957,synthetic_demo
entity_0011,candidate,2026-08-29 02:17:00+00:00,0.621542,1,10,22,0.47638888888888886,0.389238,-0.121834,1.4285714285714286,1,0.36101160410125044,0.3671094847005168,23,control,model-v1,0.36101160410125044,synthetic_demo
entity_0165,company,2026-08-29 02:18:00+00:00,0.389623,0,4,19,2.1305555555555555,0.593834,-0.05742999999999998,0.5714285714285714,1,0.31218007809284515,0.3144726994296957,74,control,model-v1,0.31218007809284515,synthetic_demo
entity_0183,company,2026-08-29 02:26:00+00:00,0.750311,5,13,17,0.4013888888888889,0.936954,-0.0672640000000001,1.8571428571428572,1,0.6580110163711301,0.6609511339342546,9,permanent_holdout,non_ml_baseline,0.8436325,synthetic_demo
entity_0081,candidate,2026-08-29 02:30:00+00:00,0.317416,0,8,8,2.0236111111111112,0.913974,-0.03786800000000001,1.1428571428571428,1,0.4042318273012367,0.4052274618609763,8,permanent_holdout,non_ml_baseline,0.615695,synthetic_demo
entity_0009,candidate,2026-08-29 02:49:00+00:00,0.913335,6,26,39,0.26944444444444443,0.504183,0.044213999999999976,3.7142857142857144,1,0.5907310716077737,0.588291083058366,49,control,model-v1,0.5907310716077737,synthetic_demo
entity_0072,candidate,2026-08-29 02:50:00+00:00,0.491391,0,9,21,1.4048611111111111,0.720287,-0.007635000000000003,1.2857142857142858,0,0.4123004712617704,0.4123949756272387,16,challenger,model-v2,0.4123949756272387,synthetic_demo
entity_0094,candidate,2026-08-29 02:50:00+00:00,0.760216,2,16,33,0.2048611111111111,0.607268,-0.05417000000000005,2.2857142857142856,1,0.519342200516395,0.5223266350541285,86,control,model-v1,0.519342200516395,synthetic_demo
entity_0074,candidate,2026-08-29 02:54:00+00:00,0.701734,0,10,14,1.804861111111111,0.915232,0.10194199999999998,1.4285714285714286,1,0.6191632005423199,0.6143274492565092,74,control,model-v1,0.6191632005423199,synthetic_demo
entity_0060,candidate,2026-08-29 02:58:00+00:00,0.843563,0,16,21,2.2430555555555554,0.782671,-0.008241000000000054,2.2857142857142856,1,0.6537971888133128,0.6546590844559995,1,permanent_holdout,non_ml_baseline,0.813117,synthetic_demo
entity_0102,candidate,2026-08-29 02:59:00+00:00,0.500231,1,16,16,0.03194444444444444,0.662814,-0.053294000000000064,2.2857142857142856,1,0.4075694252070278,0.40964411813911017,32,control,model-v1,0.4075694252070278,synthetic_demo
entity_0016,candidate,2026-08-29 03:03:00+00:00,0.856081,0,23,36,1.3458333333333334,0.704796,-0.019123,3.2857142857142856,1,0.6217701760639859,0.6229894686655322,86,control,model-v1,0.6217701760639859,synthetic_demo
entity_0160,company,2026-08-29 03:07:00+00:00,0.476008,1,5,13,0.8125,0.746771,-0.0023739999999999872,0.7142857142857143,0,0.4143963520764978,0.4142390581125706,73,control,model-v1,0.4143963520764978,synthetic_demo
entity_0025,candidate,2026-08-29 03:15:00+00:00,0.573127,2,21,29,0.4326388888888889,0.572241,-0.01561799999999991,3.0,1,0.4140112264587524,0.4141186807781237,70,control,model-v1,0.4140112264587524,synthetic_demo
entity_0095,candidate,2026-08-29 03:16:00+00:00,0.909447,5,26,33,0.25555555555555554,0.975143,0.11557700000000004,3.7142857142857144,1,0.7493677514819497,0.744503100957764,60,control,model-v1,0.7493677514819497,synthetic_demo
entity_0111,candidate,2026-08-29 03:16:00+00:00,0.904619,0,23,46,2.5027777777777778,0.554652,0.0444739999999999,3.2857142857142856,1,0.5902233760089972,0.5884599401534617,29,control,model-v1,0.5902233760089972,synthetic_demo
entity_0168,company,2026-08-29 03:17:00+00:00,0.515237,4,9,13,0.08333333333333333,0.926902,-0.04687000000000008,1.2857142857142858,1,0.5155875981211376,0.5172949237431855,22,control,model-v1,0.5155875981211376,synthetic_demo
entity_0068,candidate,2026-08-29 03:22:00+00:00,0.391717,2,13,21,0.48194444444444445,0.497299,-0.125475,1.8571428571428572,1,0.28872031318424196,0.29341656341121397,3,permanent_holdout,non_ml_baseline,0.444508,synthetic_demo
entity_0129,candidate,2026-08-29 03:33:00+00:00,0.549294,3,11,27,0.36180555555555555,0.551726,-0.0474770000000001,1.5714285714285714,0,0.3801066965419782,0.38206186861937896,52,control,model-v1,0.3801066965419782,synthetic_demo
entity_0030,candidate,2026-08-29 03:35:00+00:00,0.337419,4,12,19,0.25625,0.913777,-0.05131199999999997,1.7142857142857142,1,0.40769831253826605,0.4088635572822464,6,permanent_holdout,non_ml_baseline,0.625598,synthetic_demo
entity_0071,candidate,2026-08-29 03:36:00+00:00,1.0,7,26,52,0.059027777777777776,0.794835,0.14745799999999998,3.7142857142857144,1,0.7216809827747059,0.7152676986652966,19,challenger,model-v2,0.7152676986652966,synthetic_demo
entity_0148,company,2026-08-29 03:38:00+00:00,0.592718,0,8,32,1.3298611111111112,0.949066,-0.04342900000000005,1.1428571428571428,1,0.5414598734147682,0.5436914841138973,9,permanent_holdout,non_ml_baseline,0.7708919999999999,synthetic_demo
entity_0016,candidate,2026-08-29 03:39:00+00:00,0.92211,1,24,37,0.025,0.704796,0.066029,3.4285714285714284,1,0.651474696384967,0.6486541678513419,86,control,model-v1,0.651474696384967,synthetic_demo
entity_0055,candidate,2026-08-29 03:46:00+00:00,0.686529,0,7,15,4.317361111111111,0.611813,-0.09947800000000007,1.0,1,0.5084387719564297,0.5141397718970248,71,control,model-v1,0.5084387719564297,synthetic_demo
entity_0085,candidate,2026-08-29 03:47:00+00:00,0.753635,5,16,30,0.1597222222222222,0.606124,-0.13371999999999995,2.2857142857142856,1,0.5268783626364415,0.5336781318269631,70,control,model-v1,0.5268783626364415,synthetic_demo
entity_0183,company,2026-08-29 03:47:00+00:00,0.74533,4,14,18,0.05625,0.936954,-0.004980999999999902,2.0,0,0.6511203553856776,0.6511627465888433,9,permanent_holdout,non_ml_baseline,0.8411420000000001,synthetic_demo
entity_0145,company,2026-08-29 03:51:00+00:00,0.690403,1,17,33,0.1388888888888889,0.712164,0.0029529999999999834,2.4285714285714284,1,0.5173808574966556,0.5171356930781797,18,challenger,model-v2,0.5171356930781797,synthetic_demo
entity_0129,candidate,2026-08-29 03:58:00+00:00,0.6027,4,12,28,0.017361111111111112,0.551726,0.053406000000000065,1.7142857142857142,1,0.41062653009053657,0.4075238764804376,52,control,model-v1,0.41062653009053657,synthetic_demo
entity_0145,company,2026-08-29 03:59:00+00:00,0.729028,2,18,34,0.005555555555555556,0.712164,0.03862500000000002,2.5714285714285716,1,0.5421740132164421,0.5400413572531219,18,challenger,model-v2,0.5400413572531219,synthetic_demo
entity_0142,company,2026-08-29 04:00:00+00:00,0.97113,0,9,16,1.38125,0.414668,0.03529700000000002,1.2857142857142858,0,0.57885795068534,0.578496054521721,30,control,model-v1,0.57885795068534,synthetic_demo
entity_0079,candidate,2026-08-29 04:01:00+00:00,0.241454,0,2,8,6.288888888888889,0.674902,-0.18574600000000002,0.2857142857142857,1,0.29964772834501907,0.3071779759795164,56,control,model-v1,0.29964772834501907,synthetic_demo
entity_0150,company,2026-08-29 04:02:00+00:00,0.806372,0,8,19,4.2034722222222225,0.673891,0.15237699999999998,1.1428571428571428,1,0.5966039764652251,0.5896293340582739,99,control,model-v1,0.5966039764652251,synthetic_demo
entity_0148,company,2026-08-29 04:04:00+00:00,0.642795,1,9,33,0.018055555555555554,0.949066,0.05007700000000004,1.2857142857142858,1,0.5641115883619889,0.5615105670176211,9,permanent_holdout,non_ml_baseline,0.7959305,synthetic_demo
entity_0136,candidate,2026-08-29 04:07:00+00:00,0.622313,0,6,6,1.80625,0.635972,-0.012526000000000037,0.8571428571428571,1,0.471302306135168,0.4722776116820694,49,control,model-v1,0.471302306135168,synthetic_demo
entity_0106,candidate,2026-08-29 04:12:00+00:00,0.893498,6,16,28,0.16041666666666668,0.633777,0.13734000000000002,2.2857142857142856,1,0.6215463423998707,0.6148487683274548,17,challenger,model-v2,0.6148487683274548,synthetic_demo
entity_0068,candidate,2026-08-29 04:14:00+00:00,0.52277,3,14,22,0.03611111111111111,0.497299,0.13105299999999998,2.0,1,0.3551736308321163,0.34831540444110787,3,permanent_holdout,non_ml_baseline,0.5100345,synthetic_demo
entity_0114,candidate,2026-08-29 04:21:00+00:00,0.668477,4,4,26,0.2125,0.977759,-0.05780799999999997,0.5714285714285714,1,0.5983211210069258,0.6012072973866931,83,control,model-v1,0.5983211210069258,synthetic_demo
entity_0115,candidate,2026-08-29 04:21:00+00:00,0.51653,0,0,7,8.28125,0.536119,0.13534700000000005,0.0,1,0.4078182329721692,0.4011491843644031,53,control,model-v1,0.4078182329721692,synthetic_demo
entity_0122,candidate,2026-08-29 04:22:00+00:00,0.204569,0,5,10,1.6527777777777777,0.819313,-0.079482,0.7142857142857143,0,0.3020166247235974,0.304583263918966,68,control,model-v1,0.3020166247235974,synthetic_demo
entity_0115,candidate,2026-08-29 04:27:00+00:00,0.409197,1,1,8,0.004166666666666667,0.536119,-0.10733300000000007,0.14285714285714285,1,0.2991673300778825,0.30375563415864865,53,control,model-v1,0.2991673300778825,synthetic_demo
entity_0039,candidate,2026-08-29 04:29:00+00:00,0.970159,0,19,29,3.290277777777778,0.359386,-0.014407000000000059,2.7142857142857144,1,0.5736769812696321,0.5754181529753222,92,control,model-v1,0.5736769812696321,synthetic_demo
entity_0191,company,2026-08-29 04:31:00+00:00,0.402505,0,3,6,2.7270833333333333,0.873377,-0.04838199999999998,0.42857142857142855,0,0.4357169528570611,0.4378019527754285,49,control,model-v1,0.4357169528570611,synthetic_demo
entity_0074,candidate,2026-08-29 04:32:00+00:00,0.609804,1,11,14,0.06805555555555555,0.915232,-0.09192999999999996,1.5714285714285714,1,0.5597315927658991,0.5643062689009958,74,control,model-v1,0.5597315927658991,synthetic_demo
entity_0039,candidate,2026-08-29 04:40:00+00:00,1.0,1,20,30,0.007638888888888889,0.359386,0.029841000000000006,2.857142857142857,1,0.5704642701248505,0.5699171166888795,92,control,model-v1,0.5704642701248505,synthetic_demo
entity_0052,candidate,2026-08-29 04:40:00+00:00,0.44845,0,5,18,1.6388888888888888,0.571215,0.10977500000000001,0.7142857142857143,0,0.3340811861062994,0.32879416193457345,70,control,model-v1,0.3340811861062994,synthetic_demo
entity_0110,candidate,2026-08-29 04:41:00+00:00,0.576184,5,14,16,0.18541666666666667,0.976177,0.08076500000000003,2.0,1,0.5782598761392117,0.5732055654475122,43,control,model-v1,0.5782598761392117,synthetic_demo
entity_0119,candidate,2026-08-29 04:44:00+00:00,0.644632,1,18,30,0.11597222222222223,0.757125,0.04395199999999999,2.5714285714285716,0,0.5133558217678755,0.5107285880071587,91,control,model-v1,0.5133558217678755,synthetic_demo
entity_0196,company,2026-08-29 04:47:00+00:00,0.433241,0,5,11,1.0493055555555555,0.970514,0.173433,0.7142857142857143,1,0.47553413364452674,0.4659924969249487,83,control,model-v1,0.47553413364452674,synthetic_demo
entity_0013,candidate,2026-08-29 04:49:00+00:00,0.838194,3,19,43,0.3680555555555556,0.575491,-0.131822,2.7142857142857144,1,0.5495214663707337,0.5565474429218952,58,control,model-v1,0.5495214663707337,synthetic_demo
entity_0058,candidate,2026-08-29 04:51:00+00:00,0.557772,0,6,12,3.2777777777777777,0.410471,-0.11143700000000001,0.8571428571428571,0,0.35527203906580773,0.3608502056747098,37,control,model-v1,0.35527203906580773,synthetic_demo
entity_0053,candidate,2026-08-29 04:58:00+00:00,0.804973,0,17,31,1.5881944444444445,0.392836,-0.03090399999999993,2.4285714285714284,1,0.47237692656556896,0.47455852653230374,85,control,model-v1,0.47237692656556896,synthetic_demo
entity_0055,candidate,2026-08-29 05:01:00+00:00,0.777618,1,8,16,0.052083333333333336,0.611813,0.09108900000000009,1.1428571428571428,1,0.5335036906012601,0.5294045499890861,71,control,model-v1,0.5335036906012601,synthetic_demo
entity_0134,candidate,2026-08-29 05:24:00+00:00,0.815464,1,14,35,0.9916666666666667,0.883304,-0.021536,2.0,1,0.6489479315992475,0.6503151925292942,87,control,model-v1,0.6489479315992475,synthetic_demo
entity_0078,candidate,2026-08-29 05:38:00+00:00,0.399276,2,7,19,0.6256944444444444,0.64438,0.015603000000000034,1.0,1,0.3340919975353739,0.33274631910344854,0,permanent_holdout,non_ml_baseline,0.521828,synthetic_demo
entity_0187,company,2026-08-29 05:49:00+00:00,0.531699,4,16,24,0.3229166666666667,0.979069,-0.09763899999999992,2.2857142857142856,1,0.5460088349969784,0.5500516918049055,6,permanent_holdout,non_ml_baseline,0.755384,synthetic_demo
entity_0103,candidate,2026-08-29 05:50:00+00:00,0.798878,4,16,25,0.22291666666666668,0.637277,-0.06443600000000005,2.2857142857142856,0,0.5685122638238017,0.5718689884883169,69,control,model-v1,0.5685122638238017,synthetic_demo
entity_0039,candidate,2026-08-29 06:04:00+00:00,0.926836,2,21,31,0.058333333333333334,0.359386,-0.073164,3.0,1,0.5321653124013159,0.5366025145956373,92,control,model-v1,0.5321653124013159,synthetic_demo
entity_0066,candidate,2026-08-29 06:18:00+00:00,0.328455,0,7,17,1.4416666666666667,0.510268,-0.05671399999999999,1.0,0,0.2596528475600629,0.26145223528901795,99,control,model-v1,0.2596528475600629,synthetic_demo
entity_0169,company,2026-08-29 06:18:00+00:00,0.857434,1,10,27,0.175,0.705053,-0.13457799999999998,1.4285714285714286,1,0.6049044187909304,0.6124195071025244,57,control,model-v1,0.6049044187909304,synthetic_demo
entity_0109,candidate,2026-08-29 06:20:00+00:00,0.405296,1,11,18,0.6861111111111111,0.733495,0.030574999999999963,1.5714285714285714,1,0.3741288726749048,0.371878605924683,11,challenger,model-v2,0.371878605924683,synthetic_demo
entity_0140,candidate,2026-08-29 06:20:00+00:00,0.656184,0,10,18,3.3930555555555557,0.390089,0.056128999999999984,1.4285714285714286,1,0.4024907818452867,0.3999961767591791,78,control,model-v1,0.4024907818452867,synthetic_demo
entity_0182,company,2026-08-29 06:30:00+00:00,0.999476,4,23,46,0.6,0.88819,0.10666600000000004,3.2857142857142856,1,0.7472253205458511,0.7431473742301025,31,control,model-v1,0.7472253205458511,synthetic_demo
entity_0009,candidate,2026-08-29 06:39:00+00:00,0.946925,6,26,38,0.1597222222222222,0.504183,0.03359000000000001,3.7142857142857144,1,0.6098813550127775,0.6081229138310882,49,control,model-v1,0.6098813550127775,synthetic_demo
entity_0161,company,2026-08-29 06:39:00+00:00,0.471135,0,4,15,1.8222222222222222,0.402824,0.07193200000000005,0.5714285714285714,1,0.29290133471518404,0.28979511981136,18,challenger,model-v2,0.28979511981136,synthetic_demo
entity_0010,candidate,2026-08-29 06:40:00+00:00,0.536646,4,11,28,0.32083333333333336,0.826775,-0.005755000000000066,1.5714285714285714,1,0.47665998445992924,0.47623575821918146,50,control,model-v1,0.47665998445992924,synthetic_demo
entity_0025,candidate,2026-08-29 07:14:00+00:00,0.704395,3,22,30,0.16597222222222222,0.572241,0.13126799999999994,3.142857142857143,1,0.4908943777543062,0.48357009886419655,70,control,model-v1,0.4908943777543062,synthetic_demo
entity_0039,candidate,2026-08-29 07:18:00+00:00,0.930068,3,22,32,0.05138888888888889,0.359386,0.0032320000000000126,3.142857142857143,1,0.5373850965091389,0.5376748108306308,92,control,model-v1,0.5373850965091389,synthetic_demo
entity_0112,candidate,2026-08-29 07:18:00+00:00,0.342284,0,9,17,1.5180555555555555,0.483073,-0.00948600000000005,1.2857142857142858,1,0.2611288014047833,0.260987378130257,34,control,model-v1,0.2611288014047833,synthetic_demo
entity_0040,candidate,2026-08-29 07:23:00+00:00,0.764195,3,10,30,0.5097222222222222,0.655067,0.17041399999999995,1.4285714285714286,1,0.5374960018199609,0.528854093222696,88,control,model-v1,0.5374960018199609,synthetic_demo
entity_0166,company,2026-08-29 07:24:00+00:00,0.840098,1,14,42,0.2298611111111111,0.627337,-0.08807999999999994,2.0,1,0.555709005133234,0.5608743379600866,73,control,model-v1,0.555709005133234,synthetic_demo
entity_0137,candidate,2026-08-29 07:25:00+00:00,0.606838,3,11,23,0.5236111111111111,0.708766,0.085839,1.5714285714285714,1,0.47727792629925625,0.47245326459610293,0,permanent_holdout,non_ml_baseline,0.657802,synthetic_demo
entity_0055,candidate,2026-08-29 07:26:00+00:00,0.795738,2,9,17,0.10069444444444445,0.611813,0.018119999999999914,1.2857142857142858,1,0.5477118639850034,0.5473445273140186,71,control,model-v1,0.5477118639850034,synthetic_demo
entity_0028,candidate,2026-08-29 07:32:00+00:00,0.685774,1,14,23,0.30069444444444443,0.506009,0.047394999999999965,2.0,1,0.44426824747133825,0.4419471763808502,76,control,model-v1,0.44426824747133825,synthetic_demo
entity_0149,company,2026-08-29 07:36:00+00:00,0.592632,0,10,14,1.5833333333333333,0.958251,0.0405620000000001,1.4285714285714286,1,0.5723880046902017,0.5701606026095352,3,permanent_holdout,non_ml_baseline,0.7754415,synthetic_demo
entity_0009,candidate,2026-08-29 07:40:00+00:00,0.787801,7,27,39,0.04236111111111111,0.504183,-0.15912400000000004,3.857142857142857,0,0.5217806898751333,0.5293640358283962,49,control,model-v1,0.5217806898751333,synthetic_demo
entity_0068,candidate,2026-08-29 07:42:00+00:00,0.414398,4,14,23,0.14444444444444443,0.497299,-0.10837199999999997,2.0,0,0.30178031035016106,0.3056747762802566,3,permanent_holdout,non_ml_baseline,0.4558485,synthetic_demo
entity_0102,candidate,2026-08-29 07:42:00+00:00,0.491479,2,17,17,0.19652777777777777,0.662814,-0.008751999999999982,2.4285714285714284,1,0.4071227182667284,0.40674926066907313,32,control,model-v1,0.4071227182667284,synthetic_demo
entity_0163,company,2026-08-29 07:42:00+00:00,0.617676,2,9,25,0.7791666666666667,0.91545,-0.007857000000000003,1.2857142857142858,1,0.5551176617365224,0.5553342385556402,59,control,model-v1,0.5551176617365224,synthetic_demo
entity_0065,candidate,2026-08-29 07:49:00+00:00,0.34456,2,5,8,0.7763888888888889,0.714939,0.10455399999999998,0.7142857142857143,1,0.33962099220420433,0.3339672445964036,65,control,model-v1,0.33962099220420433,synthetic_demo
entity_0132,candidate,2026-08-29 07:49:00+00:00,0.811461,0,12,21,1.9020833333333333,0.805617,0.00019199999999996997,1.7142857142857142,1,0.6356625643896338,0.6361975550104451,23,control,model-v1,0.6356625643896338,synthetic_demo
entity_0198,company,2026-08-29 07:51:00+00:00,0.968332,5,8,23,0.38958333333333334,0.843666,0.081874,1.1428571428571428,0,0.72144125114927,0.7185735564930524,18,challenger,model-v2,0.7185735564930524,synthetic_demo
entity_0134,candidate,2026-08-29 07:55:00+00:00,0.809712,1,15,36,0.10486111111111111,0.883304,-0.005751999999999979,2.142857142857143,0,0.6404949150045791,0.6410633870424635,87,control,model-v1,0.6404949150045791,synthetic_demo
entity_0082,candidate,2026-08-29 07:57:00+00:00,0.944528,4,23,42,0.7416666666666667,0.353741,0.10588200000000003,3.2857142857142856,1,0.5409189741602163,0.5357230543336592,41,control,model-v1,0.5409189741602163,synthetic_demo
entity_0060,candidate,2026-08-29 08:01:00+00:00,0.768735,1,17,22,0.21041666666666667,0.782671,-0.074828,2.4285714285714284,1,0.6025188132149739,0.6064164027355347,1,permanent_holdout,non_ml_baseline,0.775703,synthetic_demo
entity_0089,candidate,2026-08-29 08:03:00+00:00,0.830236,3,20,39,0.8166666666666667,0.874239,-0.069662,2.857142857142857,1,0.6630289977153966,0.6662326344354277,26,control,model-v1,0.6630289977153966,synthetic_demo
entity_0163,company,2026-08-29 08:05:00+00:00,0.769591,3,10,26,0.01597222222222222,0.91545,0.15191500000000002,1.4285714285714286,0,0.6377931695092065,0.630534480348486,59,control,model-v1,0.6377931695092065,synthetic_demo
entity_0167,company,2026-08-29 08:06:00+00:00,0.835687,3,18,36,0.37430555555555556,0.387923,-0.0622640000000001,2.5714285714285716,1,0.4835081533508757,0.48708941531674566,70,control,model-v1,0.4835081533508757,synthetic_demo
entity_0085,candidate,2026-08-29 08:09:00+00:00,0.736714,5,17,31,0.18194444444444444,0.606124,-0.016921000000000075,2.4285714285714284,1,0.5178371403129548,0.518409336430994,70,control,model-v1,0.5178371403129548,synthetic_demo
entity_0112,candidate,2026-08-29 08:10:00+00:00,0.36557,1,10,18,0.03611111111111111,0.483073,0.02328600000000003,1.4285714285714286,0,0.2658614762821828,0.2643298169143375,34,control,model-v1,0.2658614762821828,synthetic_demo
entity_0008,candidate,2026-08-29 08:12:00+00:00,0.748837,1,19,26,0.3368055555555556,0.621484,-0.18224000000000007,2.7142857142857144,1,0.5305244470721822,0.5401303298514029,55,control,model-v1,0.5305244470721822,synthetic_demo
entity_0121,candidate,2026-08-29 08:13:00+00:00,0.380324,0,12,18,1.7055555555555555,0.874267,0.06281900000000001,1.7142857142857142,1,0.41785291321560813,0.41375877221430146,36,control,model-v1,0.41785291321560813,synthetic_demo
entity_0010,candidate,2026-08-29 08:16:00+00:00,0.580187,5,12,29,0.06666666666666667,0.826775,0.04354100000000005,1.7142857142857142,0,0.5035013585952866,0.500475751482766,50,control,model-v1,0.5035013585952866,synthetic_demo
entity_0025,candidate,2026-08-29 08:28:00+00:00,0.679285,4,22,31,0.05138888888888889,0.572241,-0.025109999999999966,3.142857142857143,1,0.4770457707165016,0.4777524468272302,70,control,model-v1,0.4770457707165016,synthetic_demo
entity_0182,company,2026-08-29 08:29:00+00:00,1.0,4,24,47,0.08263888888888889,0.88819,0.0005239999999999689,3.4285714285714284,1,0.7450479917962729,0.7451850635162028,31,control,model-v1,0.7450479917962729,synthetic_demo
entity_0055,candidate,2026-08-29 08:31:00+00:00,0.750109,3,10,18,0.04513888888888889,0.611813,-0.04562899999999992,1.4285714285714286,1,0.5243341961275912,0.5270013921265347,71,control,model-v1,0.5243341961275912,synthetic_demo
entity_0119,candidate,2026-08-29 08:33:00+00:00,0.574914,2,18,30,0.15902777777777777,0.757125,-0.06971799999999995,2.5714285714285716,1,0.4759869036566711,0.47898807137152166,91,control,model-v1,0.4759869036566711,synthetic_demo
entity_0003,candidate,2026-08-29 08:34:00+00:00,0.681873,0,14,21,1.3736111111111111,0.649045,-0.03711000000000009,2.0,1,0.503903587795393,0.506004823996561,47,control,model-v1,0.503903587795393,synthetic_demo
entity_0095,candidate,2026-08-29 08:35:00+00:00,0.924913,6,27,33,0.22152777777777777,0.975143,0.01546599999999998,3.857142857142857,1,0.7592970912950949,0.7583685566103798,60,control,model-v1,0.7592970912950949,synthetic_demo
entity_0125,candidate,2026-08-29 08:35:00+00:00,1.0,7,21,38,0.3458333333333333,0.946845,0.0,3.0,1,0.7730800977925574,0.7730668482293394,23,control,model-v1,0.7730800977925574,synthetic_demo
entity_0122,candidate,2026-08-29 08:37:00+00:00,0.257343,1,6,11,0.17708333333333334,0.819313,0.05277399999999999,0.8571428571428571,1,0.32199898017615886,0.3186181433016434,68,control,model-v1,0.32199898017615886,synthetic_demo
entity_0145,company,2026-08-29 08:38:00+00:00,0.67186,3,19,35,0.19375,0.712164,-0.057168,2.7142857142857144,1,0.5138465707822546,0.516386195106078,18,challenger,model-v2,0.516386195106078,synthetic_demo
entity_0135,candidate,2026-08-29 08:40:00+00:00,0.97452,0,14,27,1.4736111111111112,0.460149,0.11908700000000005,2.0,0,0.5940077641472256,0.5891481525278184,92,control,model-v1,0.5940077641472256,synthetic_demo
entity_0071,candidate,2026-08-29 08:41:00+00:00,1.0,6,23,50,0.21180555555555555,0.794835,0.0,3.2857142857142856,1,0.7178399932491349,0.7179065660608234,19,challenger,model-v2,0.7179065660608234,synthetic_demo
entity_0082,candidate,2026-08-29 08:42:00+00:00,0.801714,5,24,43,0.03125,0.353741,-0.142814,3.4285714285714284,1,0.4563479135877732,0.46353449290547666,41,control,model-v1,0.4563479135877732,synthetic_demo
entity_0115,candidate,2026-08-29 08:42:00+00:00,0.427194,2,2,9,0.17708333333333334,0.536119,0.01799700000000004,0.2857142857142857,1,0.3120190916788967,0.3109485607420244,53,control,model-v1,0.3120190916788967,synthetic_demo
entity_0080,candidate,2026-08-29 08:43:00+00:00,0.794635,4,24,31,0.38472222222222224,0.693391,0.10303799999999996,3.4285714285714284,0,0.5952731533997898,0.589662642253902,51,control,model-v1,0.5952731533997898,synthetic_demo
entity_0198,company,2026-08-29 08:51:00+00:00,0.926575,6,9,24,0.041666666666666664,0.843666,-0.04175699999999993,1.2857142857142858,1,0.7022513705320543,0.7044695620833801,18,challenger,model-v2,0.7044695620833801,synthetic_demo
entity_0074,candidate,2026-08-29 08:56:00+00:00,0.687944,2,12,14,0.18333333333333332,0.915232,0.07813999999999999,1.7142857142857142,0,0.6091434253694386,0.6051369530517,74,control,model-v1,0.6091434253694386,synthetic_demo
entity_0122,candidate,2026-08-29 08:56:00+00:00,0.161085,2,7,12,0.013194444444444444,0.819313,-0.09625799999999998,1.0,1,0.2769838107815385,0.27978144654643805,68,control,model-v1,0.2769838107815385,synthetic_demo
entity_0040,candidate,2026-08-29 08:58:00+00:00,0.603627,3,11,31,0.06597222222222222,0.655067,-0.16056799999999993,1.5714285714285714,0,0.44188472053565786,0.44994629871644765,88,control,model-v1,0.44188472053565786,synthetic_demo
entity_0163,company,2026-08-29 09:08:00+00:00,0.718138,4,11,27,0.04375,0.91545,-0.05145299999999997,1.5714285714285714,1,0.6131769463967218,0.6155944792345887,59,control,model-v1,0.6131769463967218,synthetic_demo
entity_0135,candidate,2026-08-29 09:17:00+00:00,0.847708,1,15,28,0.025694444444444443,0.460149,-0.12681200000000004,2.142857142857143,1,0.5142594490760676,0.5215986206420178,92,control,model-v1,0.5142594490760676,synthetic_demo
entity_0150,company,2026-08-29 09:20:00+00:00,0.784567,1,9,20,0.22083333333333333,0.673891,-0.021804999999999963,1.2857142857142858,1,0.5591368314870094,0.5608792897690458,99,control,model-v1,0.5591368314870094,synthetic_demo
entity_0008,candidate,2026-08-29 09:24:00+00:00,0.922861,2,19,27,0.05,0.621484,0.17402400000000007,2.7142857142857144,1,0.6282272302161527,0.6201439338451448,55,control,model-v1,0.6282272302161527,synthetic_demo
entity_0011,candidate,2026-08-29 09:25:00+00:00,0.727354,2,11,19,0.2972222222222222,0.389238,0.1058119999999999,1.5714285714285714,0,0.42635137763752057,0.421278632895969,23,control,model-v1,0.42635137763752057,synthetic_demo
entity_0073,candidate,2026-08-29 09:27:00+00:00,0.865954,6,33,46,0.32083333333333336,0.682864,0.09515799999999996,4.714285714285714,1,0.6337412694191575,0.628353625510903,11,challenger,model-v2,0.628353625510903,synthetic_demo
entity_0178,company,2026-08-29 09:30:00+00:00,0.745174,3,18,38,0.49722222222222223,0.805549,0.041293000000000024,2.5714285714285716,0,0.5878318443478943,0.5855031150850158,6,permanent_holdout,non_ml_baseline,0.7753615,synthetic_demo
entity_0011,candidate,2026-08-29 09:45:00+00:00,0.719501,3,12,20,0.013888888888888888,0.389238,-0.007852999999999999,1.7142857142857142,1,0.4232039018753836,0.4237997579605814,23,control,model-v1,0.4232039018753836,synthetic_demo
entity_0131,candidate,2026-08-29 09:47:00+00:00,0.485131,0,0,5,9.543055555555556,0.646439,0.06735599999999997,0.0,1,0.4425963886615985,0.43911923797752256,24,control,model-v1,0.4425963886615985,synthetic_demo
entity_0125,candidate,2026-08-29 09:48:00+00:00,0.938821,7,22,39,0.050694444444444445,0.946845,-0.06117899999999998,3.142857142857143,1,0.74599728949304,0.7482280799800745,23,control,model-v1,0.74599728949304,synthetic_demo
entity_0177,company,2026-08-29 09:50:00+00:00,0.714113,0,12,26,1.5243055555555556,0.854062,-0.01229199999999997,1.7142857142857142,0,0.591074393012533,0.5919285859026178,4,permanent_holdout,non_ml_baseline,0.7840875,synthetic_demo
entity_0177,company,2026-08-29 09:51:00+00:00,0.684268,1,13,27,0.0006944444444444445,0.854062,-0.02984500000000001,1.8571428571428572,1,0.5666208371165229,0.568163395501204,4,permanent_holdout,non_ml_baseline,0.769165,synthetic_demo
entity_0082,candidate,2026-08-29 10:06:00+00:00,0.809156,5,24,44,0.058333333333333334,0.353741,0.007441999999999949,3.4285714285714284,1,0.4596070562858958,0.4589603271946931,41,control,model-v1,0.4596070562858958,synthetic_demo
entity_0082,candidate,2026-08-29 10:19:00+00:00,0.794154,6,24,45,0.009027777777777777,0.353741,-0.01500199999999996,3.4285714285714284,1,0.4521537713799335,0.4525201840840862,41,control,model-v1,0.4521537713799335,synthetic_demo
entity_0169,company,2026-08-29 10:30:00+00:00,0.948234,2,11,28,0.175,0.705053,0.09079999999999999,1.5714285714285714,1,0.657161648151507,0.6537067813725325,57,control,model-v1,0.657161648151507,synthetic_demo
entity_0116,candidate,2026-08-29 10:32:00+00:00,0.357895,0,1,6,1.738888888888889,0.450912,-0.0005179999999999629,0.14285714285714285,1,0.25901122537649546,0.2588449744789271,61,control,model-v1,0.25901122537649546,synthetic_demo
entity_0077,candidate,2026-08-29 10:50:00+00:00,0.72787,2,28,37,0.45416666666666666,0.894463,-0.12388999999999994,4.0,1,0.6264632806281407,0.6319081904929325,33,control,model-v1,0.6264632806281407,synthetic_demo
entity_0166,company,2026-08-29 10:52:00+00:00,0.985591,2,13,43,0.14444444444444443,0.627337,0.14549299999999998,1.8571428571428572,1,0.636061771217241,0.6299028412440756,73,control,model-v1,0.636061771217241,synthetic_demo
entity_0119,candidate,2026-08-29 10:53:00+00:00,0.701128,3,18,31,0.09722222222222222,0.757125,0.12621399999999994,2.5714285714285716,0,0.5502556769662248,0.5433291195470615,91,control,model-v1,0.5502556769662248,synthetic_demo
entity_0095,candidate,2026-08-29 10:54:00+00:00,0.962479,7,28,34,0.09652777777777778,0.975143,0.03756599999999999,4.0,1,0.7766341945100814,0.7749229260430699,60,control,model-v1,0.7766341945100814,synthetic_demo
entity_0148,company,2026-08-29 10:55:00+00:00,0.617167,2,10,32,0.28541666666666665,0.949066,-0.025627999999999984,1.4285714285714286,1,0.5571797230417074,0.5582600217171809,9,permanent_holdout,non_ml_baseline,0.7831165,synthetic_demo
entity_0198,company,2026-08-29 11:04:00+00:00,0.843385,6,10,25,0.09236111111111112,0.843666,-0.08318999999999999,1.4285714285714286,1,0.6611898612752776,0.6652191343074856,18,challenger,model-v2,0.6652191343074856,synthetic_demo
entity_0136,candidate,2026-08-29 11:07:00+00:00,0.524324,1,7,7,0.2916666666666667,0.635972,-0.09798899999999999,1.0,1,0.4077249006821599,0.4125723812606446,49,control,model-v1,0.4077249006821599,synthetic_demo
entity_0167,company,2026-08-29 11:09:00+00:00,0.94765,4,19,36,0.12708333333333333,0.387923,0.11196300000000003,2.7142857142857144,1,0.5512317701200262,0.5459221240001308,70,control,model-v1,0.5512317701200262,synthetic_demo
entity_0125,candidate,2026-08-29 11:14:00+00:00,1.0,7,22,40,0.059722222222222225,0.946845,0.06117899999999998,3.142857142857143,1,0.7711620346556963,0.7688373526752831,23,control,model-v1,0.7711620346556963,synthetic_demo
entity_0166,company,2026-08-29 11:24:00+00:00,0.833419,3,14,44,0.022222222222222223,0.627337,-0.15217199999999997,2.0,0,0.5534679924061734,0.5617263014805453,73,control,model-v1,0.5534679924061734,synthetic_demo
entity_0010,candidate,2026-08-29 11:26:00+00:00,0.658318,5,12,30,0.13194444444444445,0.826775,0.07813099999999995,1.7142857142857142,0,0.5479928157256869,0.5434485340184956,50,control,model-v1,0.5479928157256869,synthetic_demo
entity_0121,candidate,2026-08-29 11:32:00+00:00,0.399231,1,13,19,0.13819444444444445,0.874267,0.018907000000000007,1.8571428571428572,1,0.4207033257333117,0.41878105681392347,36,control,model-v1,0.4207033257333117,synthetic_demo
entity_0160,company,2026-08-29 11:45:00+00:00,0.394302,1,6,14,0.3597222222222222,0.746771,-0.081706,0.8571428571428571,0,0.3666629496776025,0.3701035768501981,73,control,model-v1,0.3666629496776025,synthetic_demo
entity_0116,candidate,2026-08-29 11:48:00+00:00,0.415676,1,2,7,0.05277777777777778,0.450912,0.05778099999999997,0.2857142857142857,1,0.27837697413894524,0.2757948039393059,61,control,model-v1,0.27837697413894524,synthetic_demo
entity_0128,candidate,2026-08-29 11:52:00+00:00,0.614041,0,11,22,1.9333333333333333,0.693581,0.04373499999999997,1.5714285714285714,1,0.47880579694146513,0.47653370794717537,99,control,model-v1,0.47880579694146513,synthetic_demo
entity_0183,company,2026-08-29 11:58:00+00:00,0.694525,3,13,19,0.34097222222222223,0.936954,-0.0508050000000001,1.8571428571428572,0,0.6202524558858795,0.62254789889213,9,permanent_holdout,non_ml_baseline,0.8157395,synthetic_demo
entity_0064,candidate,2026-08-29 11:59:00+00:00,0.448628,3,5,15,0.41180555555555554,0.359236,-0.152428,0.7142857142857143,0,0.26885678473046765,0.27490462090463913,68,control,model-v1,0.26885678473046765,synthetic_demo
entity_0154,company,2026-08-29 12:04:00+00:00,0.606354,0,8,13,4.715972222222222,0.555039,0.10132199999999991,1.1428571428571428,1,0.4476204301240565,0.44252453987346035,76,control,model-v1,0.4476204301240565,synthetic_demo
entity_0089,candidate,2026-08-29 12:05:00+00:00,0.762317,2,21,40,0.16805555555555557,0.874239,-0.06791899999999995,3.0,1,0.6203803349312097,0.6235257248100304,26,control,model-v1,0.6203803349312097,synthetic_demo
entity_0112,candidate,2026-08-29 12:06:00+00:00,0.384516,2,11,19,0.1638888888888889,0.483073,0.01894600000000002,1.5714285714285714,1,0.27802703927088773,0.2765589619617986,34,control,model-v1,0.27802703927088773,synthetic_demo
entity_0119,candidate,2026-08-29 12:09:00+00:00,0.619713,4,19,32,0.05277777777777778,0.757125,-0.08141500000000002,2.7142857142857144,0,0.5062076178341338,0.5097157319367295,91,control,model-v1,0.5062076178341338,synthetic_demo
entity_0028,candidate,2026-08-29 12:12:00+00:00,0.507743,2,15,24,0.19444444444444445,0.506009,-0.17803099999999994,2.142857142857143,1,0.34816500674001877,0.35615495277835973,76,control,model-v1,0.34816500674001877,synthetic_demo
entity_0064,candidate,2026-08-29 12:19:00+00:00,0.573949,4,6,16,0.013888888888888888,0.359236,0.12532100000000002,0.8571428571428571,0,0.3302360893638144,0.32432818152641624,68,control,model-v1,0.3302360893638144,synthetic_demo
entity_0106,candidate,2026-08-29 12:33:00+00:00,0.770173,6,17,27,0.34791666666666665,0.633777,-0.12332500000000002,2.4285714285714284,1,0.5565860189059504,0.5626579848879144,17,challenger,model-v2,0.5626579848879144,synthetic_demo
entity_0010,candidate,2026-08-29 12:35:00+00:00,0.564852,6,13,31,0.04791666666666667,0.826775,-0.09346599999999994,1.8571428571428572,0,0.49663032122629575,0.5006076542873003,50,control,model-v1,0.49663032122629575,synthetic_demo
entity_0111,candidate,2026-08-29 12:36:00+00:00,0.868158,1,20,47,0.3888888888888889,0.554652,-0.036460999999999966,2.857142857142857,1,0.5503960702105386,0.5527440254635717,29,control,model-v1,0.5503960702105386,synthetic_demo
entity_0073,candidate,2026-08-29 12:39:00+00:00,0.807822,6,34,47,0.13333333333333333,0.682864,-0.05813199999999996,4.857142857142857,1,0.6011185184940978,0.6030761368264504,11,challenger,model-v2,0.6030761368264504,synthetic_demo
entity_0053,candidate,2026-08-29 12:40:00+00:00,0.838549,1,18,32,0.32083333333333336,0.392836,0.03357599999999994,2.5714285714285716,1,0.4860002977159311,0.4847697735097348,85,control,model-v1,0.4860002977159311,synthetic_demo
entity_0165,company,2026-08-29 12:41:00+00:00,0.477206,1,5,19,0.4326388888888889,0.593834,0.08758300000000002,0.7142857142857143,0,0.3503568656115026,0.3459946391914907,74,control,model-v1,0.3503568656115026,synthetic_demo
entity_0004,candidate,2026-08-29 12:43:00+00:00,0.857566,1,14,38,0.43472222222222223,0.421875,-0.055080999999999936,2.0,1,0.4941197073385882,0.4977867236720495,43,control,model-v1,0.4941197073385882,synthetic_demo
entity_0106,candidate,2026-08-29 12:54:00+00:00,0.941195,6,18,28,0.014583333333333334,0.633777,0.171022,2.5714285714285716,1,0.649654526046548,0.6416048327069446,17,challenger,model-v2,0.6416048327069446,synthetic_demo
entity_0149,company,2026-08-29 12:55:00+00:00,0.743968,1,11,15,0.22152777777777777,0.958251,0.15133599999999992,1.5714285714285714,0,0.649569708165082,0.6424998118125542,3,permanent_holdout,non_ml_baseline,0.8511095,synthetic_demo
entity_0132,candidate,2026-08-29 13:00:00+00:00,0.79328,1,13,22,0.21597222222222223,0.805617,-0.018181000000000003,1.8571428571428572,1,0.6174191079055256,0.6186937923058522,23,control,model-v1,0.6174191079055256,synthetic_demo
entity_0040,candidate,2026-08-29 13:04:00+00:00,0.693417,4,12,31,0.17083333333333334,0.655067,0.08978999999999993,1.7142857142857142,1,0.49922450276633945,0.494349969579336,88,control,model-v1,0.49922450276633945,synthetic_demo
entity_0166,company,2026-08-29 13:05:00+00:00,0.956967,4,15,45,0.07013888888888889,0.627337,0.12354799999999999,2.142857142857143,1,0.6264330054856095,0.6209106818665237,73,control,model-v1,0.6264330054856095,synthetic_demo
entity_0131,candidate,2026-08-29 13:07:00+00:00,0.541228,1,1,6,0.1388888888888889,0.646439,0.056097000000000063,0.14285714285714285,0,0.41046522103658994,0.40778741320894146,24,control,model-v1,0.41046522103658994,synthetic_demo
entity_0053,candidate,2026-08-29 13:11:00+00:00,0.761514,2,19,33,0.021527777777777778,0.392836,-0.07703499999999996,2.7142857142857144,0,0.4427101548798102,0.4468361881060071,85,control,model-v1,0.4427101548798102,synthetic_demo
entity_0089,candidate,2026-08-29 13:17:00+00:00,0.861015,2,22,41,0.05,0.874239,0.09869799999999995,3.142857142857143,1,0.672510426012851,0.6679697194345829,26,control,model-v1,0.672510426012851,synthetic_demo
entity_0135,candidate,2026-08-29 13:17:00+00:00,0.92236,2,16,29,0.16666666666666666,0.460149,0.07465199999999994,2.2857142857142856,1,0.5617768362216079,0.5586612450680801,92,control,model-v1,0.5617768362216079,synthetic_demo
entity_0198,company,2026-08-29 13:24:00+00:00,0.91164,7,11,25,0.09722222222222222,0.843666,0.06825499999999995,1.5714285714285714,1,0.6997337200648424,0.6968792603933673,18,challenger,model-v2,0.6968792603933673,synthetic_demo
entity_0064,candidate,2026-08-29 13:28:00+00:00,0.518801,5,7,17,0.04791666666666667,0.359236,-0.055148000000000086,1.0,0,0.30562877188205784,0.3077096218007158,68,control,model-v1,0.30562877188205784,synthetic_demo
entity_0121,candidate,2026-08-29 13:29:00+00:00,0.301009,2,14,20,0.08125,0.874267,-0.09822199999999998,2.0,1,0.3690740012890132,0.37253011919239487,36,control,model-v1,0.3690740012890132,synthetic_demo
entity_0155,company,2026-08-29 13:34:00+00:00,0.399768,0,11,27,1.5763888888888888,0.593472,-0.09896099999999997,1.5714285714285714,1,0.31625860416886786,0.32022232783051685,78,control,model-v1,0.31625860416886786,synthetic_demo
entity_0072,candidate,2026-08-29 13:44:00+00:00,0.443921,1,9,21,0.45416666666666666,0.720287,-0.04747000000000001,1.2857142857142858,1,0.3819163716842806,0.3837464025724835,16,challenger,model-v2,0.3837464025724835,synthetic_demo
entity_0098,candidate,2026-08-29 13:50:00+00:00,0.881239,0,13,26,2.6909722222222223,0.882429,0.03512599999999999,1.8571428571428572,1,0.6988386654577529,0.6978916420907667,57,control,model-v1,0.6988386654577529,synthetic_demo
entity_0198,company,2026-08-29 13:58:00+00:00,0.793313,8,12,26,0.02361111111111111,0.843666,-0.11832699999999996,1.7142857142857142,1,0.6416436316134312,0.6470308967425198,18,challenger,model-v2,0.6470308967425198,synthetic_demo
entity_0008,candidate,2026-08-29 14:28:00+00:00,0.900051,3,19,26,0.2111111111111111,0.621484,-0.022809999999999997,2.7142857142857144,1,0.6206977002110587,0.6221617888978692,55,control,model-v1,0.6206977002110587,synthetic_demo
entity_0128,candidate,2026-08-29 14:33:00+00:00,0.471988,1,12,23,0.11180555555555556,0.693581,-0.14205299999999993,1.7142857142857142,1,0.3882431156523781,0.39480871121963207,99,control,model-v1,0.3882431156523781,synthetic_demo
entity_0107,candidate,2026-08-29 14:36:00+00:00,0.396603,0,4,14,1.8472222222222223,0.585041,-0.043798000000000004,0.5714285714285714,1,0.31634116105164967,0.3180556761450083,34,control,model-v1,0.31634116105164967,synthetic_demo
entity_0024,candidate,2026-08-29 14:42:00+00:00,0.388726,0,3,6,2.9833333333333334,0.356472,0.05529500000000004,0.42857142857142855,0,0.2549473438731762,0.2525923585121012,83,control,model-v1,0.2549473438731762,synthetic_demo
entity_0109,candidate,2026-08-29 14:45:00+00:00,0.535951,1,12,19,0.3506944444444444,0.733495,0.13065499999999997,1.7142857142857142,1,0.44565760397133375,0.43848294278197164,11,challenger,model-v2,0.43848294278197164,synthetic_demo
entity_0068,candidate,2026-08-29 14:48:00+00:00,0.532772,4,15,24,0.29583333333333334,0.497299,0.11837400000000003,2.142857142857143,1,0.36428633729237414,0.35784659696651766,3,permanent_holdout,non_ml_baseline,0.5150355,synthetic_demo
entity_0167,company,2026-08-29 14:50:00+00:00,0.918237,5,19,37,0.15347222222222223,0.387923,-0.029413000000000022,2.7142857142857144,1,0.5360178434789306,0.5378784439526217,70,control,model-v1,0.5360178434789306,synthetic_demo
entity_0136,candidate,2026-08-29 14:56:00+00:00,0.640359,2,8,8,0.15902777777777777,0.635972,0.116035,1.1428571428571428,1,0.47654742332466593,0.4705463241640146,49,control,model-v1,0.47654742332466593,synthetic_demo
entity_0148,company,2026-08-29 15:00:00+00:00,0.651945,3,11,32,0.1701388888888889,0.949066,0.034777999999999976,1.5714285714285714,1,0.5807418231636807,0.5786737843981189,9,permanent_holdout,non_ml_baseline,0.8005055,synthetic_demo
entity_0077,candidate,2026-08-29 15:04:00+00:00,0.857154,3,28,37,0.1763888888888889,0.894463,0.12928399999999995,4.0,1,0.694379756663301,0.6882680745229411,33,control,model-v1,0.694379756663301,synthetic_demo
entity_0122,candidate,2026-08-29 15:12:00+00:00,0.185292,3,8,13,0.2611111111111111,0.819313,0.024207000000000006,1.1428571428571428,0,0.2927072688212182,0.29028064881260407,68,control,model-v1,0.2927072688212182,synthetic_demo
entity_0009,candidate,2026-08-29 15:23:00+00:00,0.927264,6,25,39,0.3215277777777778,0.504183,0.139463,3.5714285714285716,1,0.5971217172570565,0.5899407233987216,49,control,model-v1,0.5971217172570565,synthetic_demo
entity_0150,company,2026-08-29 15:27:00+00:00,0.818276,2,10,21,0.2548611111111111,0.673891,0.03370899999999999,1.4285714285714286,1,0.5819252467410216,0.5807597354806274,99,control,model-v1,0.5819252467410216,synthetic_demo
entity_0004,candidate,2026-08-29 15:28:00+00:00,0.82949,2,15,38,0.11458333333333333,0.421875,-0.0280760000000001,2.142857142857143,1,0.4801289213330976,0.48212451875919504,43,control,model-v1,0.4801289213330976,synthetic_demo
entity_0075,candidate,2026-08-29 15:34:00+00:00,0.17882,0,4,8,2.9180555555555556,0.749604,-0.020653000000000005,0.5714285714285714,1,0.27599288863592497,0.2759284131251487,77,control,model-v1,0.27599288863592497,synthetic_demo
entity_0092,candidate,2026-08-29 15:41:00+00:00,0.262266,0,1,3,6.533333333333333,0.808622,-0.04912,0.14285714285714285,1,0.36081175566761386,0.3624345538708361,22,control,model-v1,0.36081175566761386,synthetic_demo
entity_0049,candidate,2026-08-29 15:45:00+00:00,0.872784,0,17,31,1.6979166666666667,0.578951,0.18228999999999995,2.4285714285714284,0,0.5828361506343751,0.5741493943207174,37,control,model-v1,0.5828361506343751,synthetic_demo
entity_0182,company,2026-08-29 15:45:00+00:00,1.0,3,24,46,0.30277777777777776,0.88819,0.0,3.4285714285714284,1,0.7450823843964441,0.7453219034098415,31,control,model-v1,0.7450823843964441,synthetic_demo
entity_0114,candidate,2026-08-29 15:48:00+00:00,0.787989,3,5,27,0.47708333333333336,0.977759,0.11951200000000006,0.7142857142857143,1,0.662673781262278,0.6574119834370596,83,control,model-v1,0.662673781262278,synthetic_demo
entity_0135,candidate,2026-08-29 15:48:00+00:00,0.862459,3,17,30,0.10486111111111111,0.460149,-0.05990099999999998,2.4285714285714284,1,0.5302139349905224,0.5337614319184752,92,control,model-v1,0.5302139349905224,synthetic_demo
entity_0049,candidate,2026-08-29 15:49:00+00:00,0.77853,1,18,32,0.002777777777777778,0.578951,-0.09425399999999995,2.5714285714285716,0,0.5198291558468999,0.5250160508063448,37,control,model-v1,0.5198291558468999,synthetic_demo
entity_0077,candidate,2026-08-29 15:54:00+00:00,0.748561,4,29,38,0.034722222222222224,0.894463,-0.10859299999999994,4.142857142857143,0,0.6405570977619522,0.6450006367958032,33,control,model-v1,0.6405570977619522,synthetic_demo
entity_0135,candidate,2026-08-29 15:58:00+00:00,0.865423,4,18,31,0.006944444444444444,0.460149,0.0029640000000000777,2.5714285714285716,1,0.5346185731611797,0.5347257745098337,92,control,model-v1,0.5346185731611797,synthetic_demo
entity_0025,candidate,2026-08-29 16:00:00+00:00,0.736993,4,22,32,0.3138888888888889,0.572241,0.05770799999999998,3.142857142857143,1,0.5112437824511187,0.5077857031612745,70,control,model-v1,0.5112437824511187,synthetic_demo
entity_0039,candidate,2026-08-29 16:02:00+00:00,0.940105,4,22,33,0.3638888888888889,0.359386,0.010036999999999963,3.142857142857143,1,0.5470036927507436,0.5468573784458014,92,control,model-v1,0.5470036927507436,synthetic_demo
entity_0098,candidate,2026-08-29 16:04:00+00:00,0.934536,1,14,27,0.09305555555555556,0.882429,0.05329700000000004,2.0,1,0.7116126338567573,0.709951355396361,57,control,model-v1,0.7116126338567573,synthetic_demo
entity_0109,candidate,2026-08-29 16:08:00+00:00,0.397878,2,13,20,0.05763888888888889,0.733495,-0.13807299999999995,1.8571428571428572,0,0.3695651863645577,0.37541052024339444,11,challenger,model-v2,0.37541052024339444,synthetic_demo
entity_0114,candidate,2026-08-29 16:09:00+00:00,0.820316,4,6,28,0.014583333333333334,0.977759,0.032326999999999995,0.8571428571428571,1,0.679287062086342,0.6781407527986126,83,control,model-v1,0.679287062086342,synthetic_demo
entity_0065,candidate,2026-08-29 16:11:00+00:00,0.277844,1,6,7,0.3486111111111111,0.714939,-0.066716,0.8571428571428571,0,0.3033379252200102,0.3054816191653685,65,control,model-v1,0.3033379252200102,synthetic_demo
entity_0040,candidate,2026-08-29 16:13:00+00:00,0.642954,4,13,32,0.13125,0.655067,-0.050462999999999925,1.8571428571428572,1,0.4702561166417081,0.47253945089225496,88,control,model-v1,0.4702561166417081,synthetic_demo
entity_0024,candidate,2026-08-29 16:14:00+00:00,0.427571,1,4,7,0.06388888888888888,0.356472,0.03884499999999996,0.5714285714285714,0,0.2584666605161367,0.25676261581403975,83,control,model-v1,0.2584666605161367,synthetic_demo
entity_0115,candidate,2026-08-29 16:15:00+00:00,0.346663,3,3,7,0.3145833333333333,0.536119,-0.08053100000000002,0.42857142857142855,0,0.2798315096477773,0.2826671301775126,53,control,model-v1,0.2798315096477773,synthetic_demo
entity_0094,candidate,2026-08-29 16:17:00+00:00,0.763317,3,17,32,0.5604166666666667,0.607268,0.0031010000000000204,2.4285714285714284,1,0.529622005567943,0.5294465749979833,86,control,model-v1,0.529622005567943,synthetic_demo
entity_0098,candidate,2026-08-29 16:29:00+00:00,0.837911,2,15,28,0.017361111111111112,0.882429,-0.09662500000000007,2.142857142857143,0,0.6659863656788297,0.6707632792420116,57,control,model-v1,0.6659863656788297,synthetic_demo
entity_0182,company,2026-08-29 16:32:00+00:00,0.990775,3,25,47,0.03263888888888889,0.88819,-0.009225000000000039,3.5714285714285716,1,0.7399368949399003,0.7404961181873659,31,control,model-v1,0.7399368949399003,synthetic_demo
entity_0128,candidate,2026-08-29 16:33:00+00:00,0.471246,2,13,24,0.08333333333333333,0.693581,-0.0007420000000000204,1.8571428571428572,0,0.3908858240622728,0.390212680347678,99,control,model-v1,0.3908858240622728,synthetic_demo
entity_0081,candidate,2026-08-29 16:35:00+00:00,0.371138,1,9,9,0.5868055555555556,0.913974,0.05372200000000005,1.2857142857142858,1,0.42765930810728797,0.4239991259625955,8,permanent_holdout,non_ml_baseline,0.642556,synthetic_demo
entity_0085,candidate,2026-08-29 16:45:00+00:00,0.788125,4,18,32,0.35833333333333334,0.606124,0.051410999999999984,2.5714285714285716,1,0.5466782850161369,0.5439130166081219,70,control,model-v1,0.5466782850161369,synthetic_demo
entity_0136,candidate,2026-08-29 16:52:00+00:00,0.512661,3,9,9,0.08055555555555556,0.635972,-0.12769799999999998,1.2857142857142858,0,0.4062888169417216,0.412306889646962,49,control,model-v1,0.4062888169417216,synthetic_demo
entity_0009,candidate,2026-08-29 16:54:00+00:00,0.868702,6,26,40,0.06319444444444444,0.504183,-0.058562,3.7142857142857144,1,0.5627275371627736,0.5654231286616687,49,control,model-v1,0.5627275371627736,synthetic_demo
entity_0148,company,2026-08-29 16:56:00+00:00,0.566531,4,12,33,0.08055555555555556,0.949066,-0.08541399999999999,1.7142857142857142,1,0.5345274055747272,0.538267087264964,9,permanent_holdout,non_ml_baseline,0.7577985,synthetic_demo
entity_0121,candidate,2026-08-29 17:02:00+00:00,0.413184,3,15,21,0.14791666666666667,0.874267,0.11217499999999997,2.142857142857143,1,0.4354064688965426,0.42839036826693416,36,control,model-v1,0.4354064688965426,synthetic_demo
entity_0092,candidate,2026-08-29 17:11:00+00:00,0.186916,1,2,4,0.0625,0.808622,-0.07535,0.2857142857142857,1,0.28437454262544754,0.28667267837654786,22,control,model-v1,0.28437454262544754,synthetic_demo
entity_0103,candidate,2026-08-29 17:20:00+00:00,0.906622,4,16,26,0.4791666666666667,0.637277,0.10774400000000006,2.2857142857142856,1,0.629195986772469,0.6242576967209686,69,control,model-v1,0.629195986772469,synthetic_demo
entity_0080,candidate,2026-08-29 17:22:00+00:00,0.742494,5,23,32,0.36041666666666666,0.693391,-0.05214099999999999,3.2857142857142856,1,0.5653151452800987,0.5673962924848892,51,control,model-v1,0.5653151452800987,synthetic_demo
entity_0182,company,2026-08-29 17:27:00+00:00,0.954343,4,26,48,0.03819444444444445,0.88819,-0.03643199999999991,3.7142857142857144,1,0.7260736448560802,0.7275658299624302,31,control,model-v1,0.7260736448560802,synthetic_demo
entity_0142,company,2026-08-29 17:31:00+00:00,0.961835,1,10,17,0.5631944444444444,0.414668,-0.009295000000000053,1.4285714285714286,1,0.5710631398462439,0.5728251218951894,30,control,model-v1,0.5710631398462439,synthetic_demo
entity_0183,company,2026-08-29 17:40:00+00:00,0.650386,3,13,20,0.2375,0.936954,-0.04413899999999993,1.8571428571428572,1,0.5938802170204948,0.5957506672188994,9,permanent_holdout,non_ml_baseline,0.79367,synthetic_demo
entity_0073,candidate,2026-08-29 17:44:00+00:00,0.931193,6,33,48,0.21180555555555555,0.682864,0.12337100000000001,4.714285714285714,1,0.6652602046377166,0.6589534388745869,11,challenger,model-v2,0.6589534388745869,synthetic_demo
entity_0191,company,2026-08-29 17:47:00+00:00,0.469615,1,4,7,0.5527777777777778,0.873377,0.06711,0.5714285714285714,0,0.46192586476483033,0.4580913084406152,49,control,model-v1,0.46192586476483033,synthetic_demo
entity_0135,candidate,2026-08-29 17:48:00+00:00,0.845008,5,19,32,0.0763888888888889,0.460149,-0.020415000000000072,2.7142857142857144,1,0.5267118788601544,0.5278199670745553,92,control,model-v1,0.5267118788601544,synthetic_demo
entity_0073,candidate,2026-08-29 17:49:00+00:00,0.923024,7,34,49,0.003472222222222222,0.682864,-0.008169000000000093,4.857142857142857,1,0.6627125269708419,0.6624393652221228,11,challenger,model-v2,0.6624393652221228,synthetic_demo
entity_0110,candidate,2026-08-29 17:50:00+00:00,0.636848,2,12,17,0.5479166666666667,0.976177,0.06066399999999994,1.7142857142857142,1,0.6019988982066063,0.5986486824603803,43,control,model-v1,0.6019988982066063,synthetic_demo
entity_0161,company,2026-08-29 17:52:00+00:00,0.489445,1,5,16,0.4673611111111111,0.402824,0.018309999999999993,0.7142857142857143,1,0.2963394418689993,0.2954938914916448,18,challenger,model-v2,0.2954938914916448,synthetic_demo
entity_0112,candidate,2026-08-29 18:02:00+00:00,0.458603,3,11,18,0.24722222222222223,0.483073,0.07408699999999996,1.5714285714285714,0,0.31790254064898593,0.3139309961711043,34,control,model-v1,0.31790254064898593,synthetic_demo
entity_0149,company,2026-08-29 18:02:00+00:00,0.597436,2,12,16,0.21319444444444444,0.958251,-0.146532,1.7142857142857142,1,0.5719901280937004,0.5791196114588085,3,permanent_holdout,non_ml_baseline,0.7778434999999999,synthetic_demo
entity_0060,candidate,2026-08-29 18:03:00+00:00,0.827512,2,18,23,0.41805555555555557,0.782671,0.05877700000000008,2.5714285714285716,1,0.6393046160616483,0.6366091977765697,1,permanent_holdout,non_ml_baseline,0.8050915000000001,synthetic_demo
entity_0082,candidate,2026-08-29 18:03:00+00:00,0.962842,4,25,44,0.32222222222222224,0.353741,0.16868799999999995,3.5714285714285716,1,0.5496383007218645,0.5411515528223718,41,control,model-v1,0.5496383007218645,synthetic_demo
entity_0177,company,2026-08-29 18:06:00+00:00,0.630234,2,14,28,0.34375,0.854062,-0.054034000000000026,2.0,1,0.5414548687666437,0.5439363305238315,4,permanent_holdout,non_ml_baseline,0.742148,synthetic_demo
entity_0114,candidate,2026-08-29 18:11:00+00:00,0.66492,5,7,29,0.08472222222222223,0.977759,-0.1553960000000001,1.0,1,0.5998930701362826,0.6074367160707485,83,control,model-v1,0.5998930701362826,synthetic_demo
entity_0142,company,2026-08-29 18:14:00+00:00,0.795895,2,11,18,0.029861111111111113,0.414668,-0.16593999999999998,1.5714285714285714,1,0.4746533048650285,0.4839700249266508,30,control,model-v1,0.4746533048650285,synthetic_demo
entity_0003,candidate,2026-08-29 18:17:00+00:00,0.69605,1,15,22,0.4048611111111111,0.649045,0.014176999999999995,2.142857142857143,1,0.508464711120951,0.5077715418879782,47,control,model-v1,0.508464711120951,synthetic_demo
entity_0008,candidate,2026-08-29 18:20:00+00:00,0.841148,4,20,27,0.16111111111111112,0.621484,-0.05890300000000004,2.857142857142857,1,0.5909280010788687,0.5939220903882335,55,control,model-v1,0.5909280010788687,synthetic_demo
entity_0080,candidate,2026-08-29 18:22:00+00:00,0.689323,5,24,33,0.041666666666666664,0.693391,-0.05317099999999997,3.4285714285714284,1,0.5330208090163218,0.5349623633793601,51,control,model-v1,0.5330208090163218,synthetic_demo
entity_0008,candidate,2026-08-29 18:24:00+00:00,0.866086,5,21,28,0.002777777777777778,0.621484,0.024938000000000016,3.0,1,0.6070199622822305,0.6056993893259458,55,control,model-v1,0.6070199622822305,synthetic_demo
entity_0111,candidate,2026-08-29 18:26:00+00:00,0.985455,2,20,48,0.24305555555555555,0.554652,0.11729699999999998,2.857142857142857,1,0.6170186707563076,0.6118721862331199,29,control,model-v1,0.6170186707563076,synthetic_demo
entity_0196,company,2026-08-29 18:28:00+00:00,0.273377,1,6,12,0.5701388888888889,0.970514,-0.159864,0.8571428571428571,0,0.3846409347676371,0.3915535353070831,83,control,model-v1,0.3846409347676371,synthetic_demo
entity_0010,candidate,2026-08-29 18:29:00+00:00,0.633721,5,14,31,0.24583333333333332,0.826775,0.06886899999999996,2.0,1,0.5370750947754808,0.5328231802246373,50,control,model-v1,0.5370750947754808,synthetic_demo
entity_0071,candidate,2026-08-29 18:29:00+00:00,0.928796,5,24,49,0.4083333333333333,0.794835,-0.07120400000000005,3.4285714285714284,1,0.6846357869166713,0.6877797015726991,19,challenger,model-v2,0.6877797015726991,synthetic_demo
entity_0154,company,2026-08-29 18:32:00+00:00,0.57618,1,9,14,0.26944444444444443,0.555039,-0.030173999999999923,1.2857142857142858,0,0.40203175741054076,0.40353893307843774,76,control,model-v1,0.40203175741054076,synthetic_demo
entity_0161,company,2026-08-29 18:33:00+00:00,0.497345,2,6,17,0.02847222222222222,0.402824,0.007899999999999963,0.8571428571428571,0,0.30035409574535876,0.2998579559968841,18,challenger,model-v2,0.2998579559968841,synthetic_demo
entity_0134,candidate,2026-08-29 18:39:00+00:00,0.801303,2,16,36,0.44722222222222224,0.883304,-0.008409,2.2857142857142856,0,0.6425914572640699,0.6431124293758089,87,control,model-v1,0.6425914572640699,synthetic_demo
entity_0116,candidate,2026-08-29 18:41:00+00:00,0.296621,2,3,8,0.28680555555555554,0.450912,-0.11905499999999997,0.42857142857142855,0,0.2299254414612337,0.23385957386511136,61,control,model-v1,0.2299254414612337,synthetic_demo
entity_0178,company,2026-08-29 18:41:00+00:00,0.692998,3,16,39,0.38263888888888886,0.805549,-0.052176,2.2857142857142856,1,0.5524571842632395,0.5548656394413234,6,permanent_holdout,non_ml_baseline,0.7492734999999999,synthetic_demo
entity_0161,company,2026-08-29 18:49:00+00:00,0.364905,3,7,18,0.011111111111111112,0.402824,-0.13244,1.0,1,0.2422663873066936,0.24684155929754464,18,challenger,model-v2,0.24684155929754464,synthetic_demo
entity_0103,candidate,2026-08-29 18:57:00+00:00,0.937072,5,16,27,0.06736111111111111,0.637277,0.030449999999999977,2.2857142857142856,1,0.6442255405790897,0.6431151023938384,69,control,model-v1,0.6442255405790897,synthetic_demo
entity_0060,candidate,2026-08-29 19:01:00+00:00,0.771513,3,19,24,0.04027777777777778,0.782671,-0.05599900000000002,2.7142857142857144,1,0.6093993536327964,0.6120455446727502,1,permanent_holdout,non_ml_baseline,0.777092,synthetic_demo
entity_0187,company,2026-08-29 19:03:00+00:00,0.540752,3,17,25,0.5513888888888889,0.979069,0.009052999999999978,2.4285714285714284,0,0.5507014607025505,0.5492719506763573,6,permanent_holdout,non_ml_baseline,0.7599104999999999,synthetic_demo
entity_0140,candidate,2026-08-29 19:07:00+00:00,0.690083,1,11,16,0.5326388888888889,0.390089,0.03389900000000001,1.5714285714285714,1,0.40817046829935455,0.4067917504230271,78,control,model-v1,0.40817046829935455,synthetic_demo
entity_0196,company,2026-08-29 19:11:00+00:00,0.414332,2,7,13,0.029861111111111113,0.970514,0.140955,1.0,1,0.4639593748978496,0.4557840337693383,83,control,model-v1,0.4639593748978496,synthetic_demo
entity_0098,candidate,2026-08-29 19:22:00+00:00,0.744231,3,16,29,0.12013888888888889,0.882429,-0.09367999999999999,2.2857142857142856,0,0.6198753106460476,0.6243488800453244,57,control,model-v1,0.6198753106460476,synthetic_demo
entity_0024,candidate,2026-08-29 19:25:00+00:00,0.45825,2,4,8,0.1326388888888889,0.356472,0.030679000000000012,0.5714285714285714,1,0.2740120183946513,0.272577986044855,83,control,model-v1,0.2740120183946513,synthetic_demo
entity_0169,company,2026-08-29 19:29:00+00:00,0.855569,3,12,26,0.37430555555555556,0.705053,-0.092665,1.7142857142857142,1,0.6153071189819544,0.6203685477436045,57,control,model-v1,0.6153071189819544,synthetic_demo
entity_0196,company,2026-08-29 19:32:00+00:00,0.443305,3,8,14,0.014583333333333334,0.970514,0.028973000000000027,1.1428571428571428,1,0.4840445208454498,0.48165474608005576,83,control,model-v1,0.4840445208454498,synthetic_demo
entity_0122,candidate,2026-08-29 19:35:00+00:00,0.320924,4,8,14,0.18263888888888888,0.819313,0.13563199999999997,1.1428571428571428,1,0.36284472601310713,0.3550652461252124,68,control,model-v1,0.36284472601310713,synthetic_demo
entity_0135,candidate,2026-08-29 19:39:00+00:00,0.899131,6,20,33,0.07708333333333334,0.460149,0.05412300000000003,2.857142857142857,1,0.5613014252370833,0.5585559866546849,92,control,model-v1,0.5613014252370833,synthetic_demo
entity_0077,candidate,2026-08-29 19:51:00+00:00,0.733591,4,29,37,0.16458333333333333,0.894463,-0.014970000000000039,4.142857142857143,1,0.634542149534413,0.6344100765337565,33,control,model-v1,0.634542149534413,synthetic_demo
entity_0011,candidate,2026-08-29 19:53:00+00:00,0.728907,3,12,19,0.4222222222222222,0.389238,0.009406000000000025,1.7142857142857142,1,0.43269897548901326,0.4324318289887773,23,control,model-v1,0.43269897548901326,synthetic_demo
entity_0071,candidate,2026-08-29 19:57:00+00:00,0.898487,5,25,50,0.06111111111111111,0.794835,-0.03030899999999992,3.5714285714285716,1,0.6675176694468492,0.6687180294510972,19,challenger,model-v2,0.6687180294510972,synthetic_demo
entity_0178,company,2026-08-29 19:57:00+00:00,0.861613,3,17,40,0.05277777777777778,0.805549,0.16861499999999996,2.4285714285714284,1,0.6445834164321151,0.6366123573212021,6,permanent_holdout,non_ml_baseline,0.8335809999999999,synthetic_demo
entity_0049,candidate,2026-08-29 20:02:00+00:00,0.696634,2,19,33,0.17569444444444443,0.578951,-0.08189600000000008,2.7142857142857144,1,0.47695017492229225,0.4810531630012002,37,control,model-v1,0.47695017492229225,synthetic_demo
entity_0011,candidate,2026-08-29 20:03:00+00:00,0.566426,4,13,20,0.006944444444444444,0.389238,-0.162481,1.8571428571428572,0,0.34366290317797576,0.35098387153535304,23,control,model-v1,0.34366290317797576,synthetic_demo
entity_0145,company,2026-08-29 20:04:00+00:00,0.723635,4,17,36,0.47638888888888886,0.712164,0.051775000000000015,2.4285714285714284,1,0.5437589965591798,0.5407420392151078,18,challenger,model-v2,0.5407420392151078,synthetic_demo
entity_0168,company,2026-08-29 20:05:00+00:00,0.43379,3,10,14,0.7,0.926902,-0.08144699999999994,1.4285714285714286,1,0.4706165612581543,0.47391496055559634,22,control,model-v1,0.4706165612581543,synthetic_demo
entity_0003,candidate,2026-08-29 20:07:00+00:00,0.853844,2,16,23,0.0763888888888889,0.649045,0.1577940000000001,2.2857142857142856,1,0.5998139484129591,0.5922339361479131,47,control,model-v1,0.5998139484129591,synthetic_demo
entity_0198,company,2026-08-29 20:33:00+00:00,0.845247,7,12,26,0.2743055555555556,0.843666,0.051933999999999925,1.7142857142857142,1,0.6680403022896952,0.6655500829146014,18,challenger,model-v2,0.6655500829146014,synthetic_demo
entity_0163,company,2026-08-29 20:37:00+00:00,0.711476,3,10,28,0.47847222222222224,0.91545,-0.006662000000000057,1.4285714285714286,1,0.6069093011241762,0.6072160014708757,59,control,model-v1,0.6069093011241762,synthetic_demo
entity_0060,candidate,2026-08-29 20:39:00+00:00,0.839849,4,20,25,0.06805555555555555,0.782671,0.06833599999999995,2.857142857142857,1,0.6497895972912082,0.6464256063848568,1,permanent_holdout,non_ml_baseline,0.81126,synthetic_demo
entity_0094,candidate,2026-08-29 20:43:00+00:00,0.681418,3,18,32,0.18472222222222223,0.607268,-0.08189900000000006,2.5714285714285716,1,0.4811736966835212,0.48514864436560345,86,control,model-v1,0.4811736966835212,synthetic_demo
entity_0085,candidate,2026-08-29 20:44:00+00:00,0.923163,4,19,33,0.16597222222222222,0.606124,0.135038,2.7142857142857144,1,0.6219773135981075,0.6155836093557324,70,control,model-v1,0.6219773135981075,synthetic_demo
entity_0134,candidate,2026-08-29 20:54:00+00:00,0.790915,3,17,36,0.09375,0.883304,-0.010387999999999953,2.4285714285714284,0,0.6389393172831049,0.6393862486749438,87,control,model-v1,0.6389393172831049,synthetic_demo
entity_0073,candidate,2026-08-29 20:59:00+00:00,0.858672,7,35,50,0.13194444444444445,0.682864,-0.06435199999999996,5.0,1,0.6299565957447542,0.6321782600937509,11,challenger,model-v2,0.6321782600937509,synthetic_demo
entity_0040,candidate,2026-08-29 21:01:00+00:00,0.620147,4,13,32,0.2,0.655067,-0.02280700000000002,1.8571428571428572,1,0.45757348667957465,0.45832502340478615,88,control,model-v1,0.45757348667957465,synthetic_demo
entity_0177,company,2026-08-29 21:13:00+00:00,0.584256,3,13,29,0.12986111111111112,0.854062,-0.04597799999999996,1.8571428571428572,0,0.5129788230581571,0.5148361993524099,4,permanent_holdout,non_ml_baseline,0.719159,synthetic_demo
entity_0169,company,2026-08-29 21:15:00+00:00,0.93746,4,13,26,0.07361111111111111,0.705053,0.08189099999999994,1.8571428571428572,1,0.6614696398092575,0.6581440591312756,57,control,model-v1,0.6614696398092575,synthetic_demo
entity_0191,company,2026-08-29 21:16:00+00:00,0.450219,2,5,8,0.1451388888888889,0.873377,-0.019396000000000024,0.7142857142857143,1,0.4511697891766879,0.4516425932341896,49,control,model-v1,0.4511697891766879,synthetic_demo
entity_0016,candidate,2026-08-29 21:20:00+00:00,0.836497,2,25,38,0.7368055555555556,0.704796,-0.08561299999999994,3.5714285714285716,1,0.6132633706411205,0.6174531633345691,86,control,model-v1,0.6132633706411205,synthetic_demo
entity_0110,candidate,2026-08-29 21:34:00+00:00,0.533038,3,13,18,0.15555555555555556,0.976177,-0.10380999999999996,1.8571428571428572,1,0.5435598257560981,0.5481841181833119,43,control,model-v1,0.5435598257560981,synthetic_demo
entity_0142,company,2026-08-29 21:35:00+00:00,0.980262,3,12,19,0.13958333333333334,0.414668,0.18436699999999995,1.7142857142857142,1,0.5851513217251181,0.5767382881733292,30,control,model-v1,0.5851513217251181,synthetic_demo
entity_0013,candidate,2026-08-29 21:38:00+00:00,0.889451,1,20,42,0.7006944444444444,0.575491,0.051257,2.857142857142857,0,0.5787223852694022,0.5765879693824636,58,control,model-v1,0.5787223852694022,synthetic_demo
entity_0074,candidate,2026-08-29 21:44:00+00:00,0.750767,3,13,13,0.5333333333333333,0.915232,0.06282299999999996,1.8571428571428572,1,0.6510342084236831,0.6479912315216103,74,control,model-v1,0.6510342084236831,synthetic_demo
entity_0103,candidate,2026-08-29 21:45:00+00:00,0.89327,4,16,28,0.11666666666666667,0.637277,-0.04380200000000001,2.2857142857142856,0,0.6170842142230649,0.619594467451185,69,control,model-v1,0.6170842142230649,synthetic_demo
entity_0095,candidate,2026-08-29 21:46:00+00:00,0.852349,3,29,33,0.4527777777777778,0.975143,-0.11012999999999995,4.142857142857143,1,0.724731586701704,0.7289658065327805,60,control,model-v1,0.724731586701704,synthetic_demo
entity_0102,candidate,2026-08-29 21:58:00+00:00,0.543053,3,18,18,0.5944444444444444,0.662814,0.05157400000000001,2.5714285714285716,1,0.4425878982249399,0.43908778723646935,32,control,model-v1,0.4425878982249399,synthetic_demo
entity_0016,candidate,2026-08-29 22:00:00+00:00,0.985647,3,26,39,0.027777777777777776,0.704796,0.14915,3.7142857142857144,1,0.6901110798521966,0.6835956090822579,86,control,model-v1,0.6901110798521966,synthetic_demo
entity_0013,candidate,2026-08-29 22:06:00+00:00,1.0,2,21,43,0.019444444444444445,0.575491,0.11054900000000001,3.0,0,0.6383495934535072,0.6336446801915951,58,control,model-v1,0.6383495934535072,synthetic_demo
entity_0187,company,2026-08-29 22:10:00+00:00,0.664773,2,18,26,0.12986111111111112,0.979069,0.12402099999999994,2.5714285714285716,0,0.6155365462550935,0.6088840333441348,6,permanent_holdout,non_ml_baseline,0.8219209999999999,synthetic_demo
entity_0140,candidate,2026-08-29 22:14:00+00:00,0.692955,2,12,16,0.12986111111111112,0.390089,0.0028719999999999857,1.7142857142857142,0,0.41143833212864644,0.4115005033746756,78,control,model-v1,0.41143833212864644,synthetic_demo
entity_0103,candidate,2026-08-29 22:17:00+00:00,0.963584,5,17,29,0.022222222222222223,0.637277,0.07031399999999999,2.4285714285714284,1,0.6573561115081916,0.6544087429829263,69,control,model-v1,0.6573561115081916,synthetic_demo
entity_0004,candidate,2026-08-29 22:20:00+00:00,0.832306,3,13,36,0.2861111111111111,0.421875,0.0028160000000000407,1.8571428571428572,1,0.48460223828949867,0.48496392162878715,43,control,model-v1,0.48460223828949867,synthetic_demo
entity_0008,candidate,2026-08-29 22:32:00+00:00,0.858364,6,21,29,0.17222222222222222,0.621484,-0.007722000000000007,3.0,0,0.6054162256724338,0.6056044557069143,55,control,model-v1,0.6054162256724338,synthetic_demo
entity_0121,candidate,2026-08-29 22:33:00+00:00,0.368491,4,15,22,0.2298611111111111,0.874267,-0.04469299999999998,2.142857142857143,1,0.4121600191376249,0.41297934501690664,36,control,model-v1,0.4121600191376249,synthetic_demo
entity_0142,company,2026-08-29 22:41:00+00:00,0.818689,4,13,20,0.04583333333333333,0.414668,-0.16157299999999997,1.8571428571428572,1,0.49483023918985664,0.5036965285806498,30,control,model-v1,0.49483023918985664,synthetic_demo
entity_0004,candidate,2026-08-29 22:42:00+00:00,0.821152,4,14,36,0.015277777777777777,0.421875,-0.011153999999999997,2.0,0,0.4808003209325187,0.4817056639607215,43,control,model-v1,0.4808003209325187,synthetic_demo
entity_0112,candidate,2026-08-29 22:58:00+00:00,0.319353,4,11,19,0.20555555555555555,0.483073,-0.13924999999999998,1.5714285714285714,0,0.253117333336365,0.2577221906751737,34,control,model-v1,0.253117333336365,synthetic_demo
entity_0183,company,2026-08-29 22:58:00+00:00,0.724865,4,12,21,0.22083333333333333,0.936954,0.07447899999999996,1.7142857142857142,0,0.6344891408368345,0.6306635512457202,9,permanent_holdout,non_ml_baseline,0.8309095,synthetic_demo
entity_0150,company,2026-08-29 23:00:00+00:00,0.797972,3,11,22,0.3145833333333333,0.673891,-0.02030399999999999,1.5714285714285714,1,0.5741755712526704,0.57556320104082,99,control,model-v1,0.5741755712526704,synthetic_demo
entity_0110,candidate,2026-08-29 23:01:00+00:00,0.634461,4,14,19,0.06041666666666667,0.976177,0.10142300000000004,2.0,1,0.6037980371246919,0.5980896417065523,43,control,model-v1,0.6037980371246919,synthetic_demo
entity_0089,candidate,2026-08-29 23:03:00+00:00,0.891024,3,23,39,0.40694444444444444,0.874239,0.030009000000000063,3.2857142857142856,1,0.6960015069963874,0.6946621702775194,26,control,model-v1,0.6960015069963874,synthetic_demo
entity_0168,company,2026-08-29 23:06:00+00:00,0.574889,3,11,15,0.12569444444444444,0.926902,0.14109899999999997,1.5714285714285714,1,0.5488243302610158,0.5409228220110452,22,control,model-v1,0.5488243302610158,synthetic_demo
entity_0071,candidate,2026-08-29 23:07:00+00:00,0.947216,5,25,51,0.13194444444444445,0.794835,0.04872899999999991,3.5714285714285716,1,0.691546225315168,0.6892866584634975,19,challenger,model-v2,0.6892866584634975,synthetic_demo
entity_0131,candidate,2026-08-29 23:07:00+00:00,0.354982,2,2,7,0.4166666666666667,0.646439,-0.18624600000000002,0.2857142857142857,1,0.3157989553388966,0.3237994604062952,24,control,model-v1,0.3157989553388966,synthetic_demo
entity_0178,company,2026-08-29 23:21:00+00:00,0.748723,3,18,41,0.14166666666666666,0.805549,-0.11288999999999993,2.5714285714285716,1,0.5836941277915588,0.5892542391919242,6,permanent_holdout,non_ml_baseline,0.777136,synthetic_demo
entity_0009,candidate,2026-08-29 23:22:00+00:00,0.837285,5,27,40,0.26944444444444443,0.504183,-0.03141700000000003,3.857142857142857,1,0.5452333278673989,0.5464891423360744,49,control,model-v1,0.5452333278673989,synthetic_demo
entity_0054,candidate,2026-08-29 23:23:00+00:00,0.615675,1,14,33,0.9451388888888889,0.695234,-0.010041000000000078,2.0,0,0.46789555667666116,0.4682165639805348,9,permanent_holdout,non_ml_baseline,0.6554545,synthetic_demo
entity_0111,candidate,2026-08-29 23:27:00+00:00,0.90223,3,20,49,0.20902777777777778,0.554652,-0.083225,2.857142857142857,1,0.5716863256305513,0.5763144489680821,29,control,model-v1,0.5716863256305513,synthetic_demo
entity_0136,candidate,2026-08-29 23:30:00+00:00,0.462754,4,10,10,0.2763888888888889,0.635972,-0.049907000000000035,1.4285714285714286,0,0.38321489031499945,0.3849178243571903,49,control,model-v1,0.38321489031499945,synthetic_demo
entity_0095,candidate,2026-08-29 23:40:00+00:00,0.958379,4,30,34,0.07916666666666666,0.975143,0.10602999999999996,4.285714285714286,1,0.7715773931210689,0.7674352796267969,60,control,model-v1,0.7715773931210689,synthetic_demo
entity_0133,candidate,2026-08-29 23:46:00+00:00,0.282937,0,9,16,1.6347222222222222,0.958165,-0.127884,1.2857142857142858,1,0.3907377309816839,0.3960728262522152,10,challenger,model-v2,0.3960728262522152,synthetic_demo
entity_0028,candidate,2026-08-29 23:47:00+00:00,0.514703,3,13,25,0.4826388888888889,0.506009,0.006959999999999966,1.8571428571428572,1,0.35182287369149207,0.3509296960225435,76,control,model-v1,0.35182287369149207,synthetic_demo
entity_0065,candidate,2026-08-29 23:53:00+00:00,0.277947,2,7,7,0.32083333333333336,0.714939,0.00010300000000001974,1.0,1,0.3071678776295234,0.306196495933299,65,control,model-v1,0.3071678776295234,synthetic_demo
entity_0167,company,2026-08-29 23:55:00+00:00,0.797317,3,17,37,0.3784722222222222,0.387923,-0.12091999999999992,2.4285714285714284,1,0.4582416311405728,0.4647905899405914,70,control,model-v1,0.4582416311405728,synthetic_demo
entity_0176,company,2026-08-30 00:01:00+00:00,0.358522,0,6,9,3.3222222222222224,0.501088,-0.005378999999999967,0.8571428571428571,0,0.28812194977591715,0.2879252138641957,33,control,model-v1,0.28812194977591715,synthetic_demo
entity_0081,candidate,2026-08-30 00:05:00+00:00,0.217995,2,10,10,0.3125,0.913974,-0.15314300000000003,1.4285714285714286,0,0.34485371881918886,0.35072796021218994,8,permanent_holdout,non_ml_baseline,0.5659845,synthetic_demo
entity_0140,candidate,2026-08-30 00:22:00+00:00,0.674525,3,13,17,0.08888888888888889,0.390089,-0.018429999999999946,1.8571428571428572,0,0.4041049608720539,0.40503654133706796,78,control,model-v1,0.4041049608720539,synthetic_demo
entity_0137,candidate,2026-08-30 00:27:00+00:00,0.614937,1,12,24,0.7097222222222223,0.708766,0.008098999999999967,1.7142857142857142,1,0.47834077882886156,0.47779602128225424,0,permanent_holdout,non_ml_baseline,0.6618515,synthetic_demo
entity_0049,candidate,2026-08-30 00:28:00+00:00,0.846369,3,19,34,0.18472222222222223,0.578951,0.14973500000000006,2.7142857142857144,1,0.5652047441716989,0.5576356065724171,37,control,model-v1,0.5652047441716989,synthetic_demo
entity_0122,candidate,2026-08-30 00:42:00+00:00,0.31724,5,9,15,0.21319444444444444,0.819313,-0.003683999999999965,1.2857142857142858,1,0.3642338473649036,0.3630408400515434,68,control,model-v1,0.3642338473649036,synthetic_demo
entity_0033,candidate,2026-08-30 00:44:00+00:00,0.833951,0,11,35,3.1930555555555555,0.760571,0.07218000000000002,1.5714285714285714,1,0.6226987010358926,0.6197966271585841,20,control,model-v1,0.6226987010358926,synthetic_demo
entity_0109,candidate,2026-08-30 00:53:00+00:00,0.481301,3,14,21,0.3645833333333333,0.733495,0.08342299999999997,2.0,0,0.42128263190366644,0.4161371933347197,11,challenger,model-v2,0.4161371933347197,synthetic_demo
entity_0111,candidate,2026-08-30 01:01:00+00:00,0.847978,4,21,49,0.06527777777777778,0.554652,-0.05425199999999997,3.0,0,0.5441481991311766,0.5469926139827265,29,control,model-v1,0.5441481991311766,synthetic_demo
entity_0164,company,2026-08-30 01:03:00+00:00,0.890621,0,10,28,3.2104166666666667,0.975363,0.10858400000000001,1.4285714285714286,1,0.7288053906340478,0.724932303473272,47,control,model-v1,0.7288053906340478,synthetic_demo
entity_0179,company,2026-08-30 01:05:00+00:00,0.277913,0,7,13,2.134027777777778,0.721651,0.04720700000000003,1.0,1,0.3095247049526586,0.306600015597384,80,control,model-v1,0.3095247049526586,synthetic_demo
entity_0098,candidate,2026-08-30 01:07:00+00:00,0.824853,4,17,30,0.23958333333333334,0.882429,0.08062199999999997,2.4285714285714284,1,0.6667646781912985,0.6629297882224495,57,control,model-v1,0.6667646781912985,synthetic_demo
entity_0143,company,2026-08-30 01:09:00+00:00,0.67923,0,14,25,1.7097222222222221,0.636349,-0.054755,2.0,1,0.495020449470916,0.4980435091896568,12,challenger,model-v2,0.4980435091896568,synthetic_demo
entity_0057,candidate,2026-08-30 01:14:00+00:00,0.790802,0,13,31,1.16875,0.44916,-0.05234099999999997,1.8571428571428572,0,0.47516009836378653,0.47858171824366075,18,challenger,model-v2,0.47858171824366075,synthetic_demo
entity_0137,candidate,2026-08-30 01:14:00+00:00,0.517688,2,13,25,0.03263888888888889,0.708766,-0.09724899999999992,1.8571428571428572,0,0.420943916501297,0.42535960303666803,0,permanent_holdout,non_ml_baseline,0.613227,synthetic_demo
entity_0020,candidate,2026-08-30 01:17:00+00:00,0.846567,0,11,28,2.933333333333333,0.73303,0.012526999999999955,1.5714285714285714,1,0.6260752905666097,0.6261859529945603,40,control,model-v1,0.6260752905666097,synthetic_demo
entity_0053,candidate,2026-08-30 01:22:00+00:00,0.75944,3,20,34,0.5076388888888889,0.392836,-0.0020740000000000203,2.857142857142857,1,0.44841429350057266,0.44847437868839396,85,control,model-v1,0.44841429350057266,synthetic_demo
entity_0057,candidate,2026-08-30 01:27:00+00:00,0.890887,1,14,32,0.009027777777777777,0.44916,0.10008499999999998,2.0,1,0.5281943764661237,0.5238105686877332,18,challenger,model-v2,0.5238105686877332,synthetic_demo
entity_0082,candidate,2026-08-30 01:33:00+00:00,0.94239,5,26,44,0.3125,0.353741,-0.020452000000000026,3.7142857142857144,0,0.5424028445933241,0.5435664825644672,41,control,model-v1,0.5424028445933241,synthetic_demo
entity_0026,candidate,2026-08-30 01:35:00+00:00,1.0,0,4,15,1.1034722222222222,0.52703,0.13502800000000004,0.5714285714285714,0,0.6263460746678987,0.6213263777500668,58,control,model-v1,0.6263460746678987,synthetic_demo
entity_0159,company,2026-08-30 01:35:00+00:00,0.613662,0,13,29,1.1506944444444445,0.729018,0.03277200000000002,1.8571428571428572,0,0.48139626957680587,0.47959679432475416,15,challenger,model-v2,0.47959679432475416,synthetic_demo
entity_0085,candidate,2026-08-30 01:38:00+00:00,0.871209,4,20,34,0.20416666666666666,0.606124,-0.051953999999999945,2.857142857142857,1,0.5940534662530248,0.5967933079652636,70,control,model-v1,0.5940534662530248,synthetic_demo
entity_0082,candidate,2026-08-30 01:39:00+00:00,0.786491,6,27,45,0.004166666666666667,0.353741,-0.1558989999999999,3.857142857142857,0,0.4532088784996707,0.4607734635921167,41,control,model-v1,0.4532088784996707,synthetic_demo
entity_0004,candidate,2026-08-30 01:45:00+00:00,0.866374,5,13,37,0.12708333333333333,0.421875,0.045221999999999984,1.8571428571428572,1,0.5076034731802244,0.505630589457718,43,control,model-v1,0.5076034731802244,synthetic_demo
entity_0019,candidate,2026-08-30 01:45:00+00:00,0.250403,0,6,12,3.1506944444444445,0.550086,-0.08206200000000002,0.8571428571428571,0,0.24956620818161773,0.2521263839474963,8,permanent_holdout,non_ml_baseline,0.4002445,synthetic_demo
entity_0198,company,2026-08-30 01:49:00+00:00,0.951856,6,12,26,0.21944444444444444,0.843666,0.10660900000000006,1.7142857142857142,1,0.7179471064723321,0.7137098510935518,18,challenger,model-v2,0.7137098510935518,synthetic_demo
entity_0131,candidate,2026-08-30 01:51:00+00:00,0.478148,3,3,8,0.11388888888888889,0.646439,0.123166,0.42857142857142855,0,0.3817669480902706,0.37534330075463523,24,control,model-v1,0.3817669480902706,synthetic_demo
entity_0146,company,2026-08-30 01:56:00+00:00,0.81551,0,11,29,1.1888888888888889,0.812222,0.10650899999999996,1.5714285714285714,0,0.6243588271382721,0.6197014118965265,96,control,model-v1,0.6243588271382721,synthetic_demo
entity_0086,candidate,2026-08-30 01:59:00+00:00,0.675857,0,11,35,3.3229166666666665,0.390953,-0.02161399999999991,1.5714285714285714,0,0.3948289187782056,0.3962788559321095,47,control,model-v1,0.3948289187782056,synthetic_demo
entity_0164,company,2026-08-30 02:00:00+00:00,0.784954,1,11,29,0.03958333333333333,0.975363,-0.10566699999999996,1.5714285714285714,1,0.6601012373159763,0.6654025758912464,47,control,model-v1,0.6601012373159763,synthetic_demo
entity_0159,company,2026-08-30 02:02:00+00:00,0.51479,1,14,30,0.01875,0.729018,-0.09887200000000007,2.0,1,0.41976099604213757,0.42429898385161213,15,challenger,model-v2,0.42429898385161213,synthetic_demo
entity_0181,company,2026-08-30 02:03:00+00:00,0.720807,0,9,16,1.1479166666666667,0.92619,-0.028159000000000045,1.2857142857142858,1,0.624921722176711,0.6266523353191907,72,control,model-v1,0.624921722176711,synthetic_demo
entity_0117,candidate,2026-08-30 02:06:00+00:00,0.958072,0,14,44,2.2055555555555557,0.543925,-0.036183999999999994,2.0,0,0.6004486211955626,0.6033550482075137,37,control,model-v1,0.6004486211955626,synthetic_demo
entity_0082,candidate,2026-08-30 02:21:00+00:00,0.834235,7,28,46,0.029166666666666667,0.353741,0.0477439999999999,4.0,1,0.48442178831579463,0.48133209981952363,41,control,model-v1,0.48442178831579463,synthetic_demo
entity_0081,candidate,2026-08-30 02:30:00+00:00,0.174866,3,11,11,0.10069444444444445,0.913974,-0.043129,1.5714285714285714,0,0.3242035482388705,0.3245398407710138,8,permanent_holdout,non_ml_baseline,0.54442,synthetic_demo
entity_0198,company,2026-08-30 02:30:00+00:00,0.888625,7,13,27,0.02847222222222222,0.843666,-0.06323100000000004,1.8571428571428572,1,0.6889905151913512,0.6918663877341621,18,challenger,model-v2,0.6918663877341621,synthetic_demo
entity_0071,candidate,2026-08-30 02:31:00+00:00,0.992443,5,26,52,0.14166666666666666,0.794835,0.04522700000000002,3.7142857142857144,1,0.7140653025382182,0.7121406511096658,19,challenger,model-v2,0.7121406511096658,synthetic_demo
entity_0072,candidate,2026-08-30 02:32:00+00:00,0.395402,2,10,21,0.5333333333333333,0.720287,-0.048519000000000034,1.4285714285714286,1,0.36048789868960973,0.3620287340099233,16,challenger,model-v2,0.3620287340099233,synthetic_demo
entity_0096,candidate,2026-08-30 02:32:00+00:00,0.512023,0,0,6,7.159027777777778,0.832947,0.11531000000000002,0.0,1,0.5104676533700787,0.5044418884186507,81,control,model-v1,0.5104676533700787,synthetic_demo
entity_0116,candidate,2026-08-30 02:33:00+00:00,0.305578,3,4,9,0.3277777777777778,0.450912,0.008956999999999993,0.5714285714285714,0,0.23630582828200677,0.23533758144331807,61,control,model-v1,0.23630582828200677,synthetic_demo
entity_0084,candidate,2026-08-30 02:38:00+00:00,0.714423,0,10,32,1.5055555555555555,0.886024,-0.08330300000000002,1.4285714285714286,1,0.5921362860029342,0.5966667656654749,99,control,model-v1,0.5921362860029342,synthetic_demo
entity_0023,candidate,2026-08-30 02:40:00+00:00,0.808828,0,7,28,4.316666666666666,0.551892,0.05469400000000002,1.0,1,0.5404122729937302,0.5384594129321445,23,control,model-v1,0.5404122729937302,synthetic_demo
entity_0099,candidate,2026-08-30 02:41:00+00:00,0.223642,0,10,13,1.2104166666666667,0.659546,0.019589999999999996,1.4285714285714286,1,0.26343963987638064,0.2616947061475992,31,control,model-v1,0.26343963987638064,synthetic_demo
entity_0037,candidate,2026-08-30 02:45:00+00:00,0.851264,0,26,56,1.1756944444444444,0.890078,0.033791000000000015,3.7142857142857144,1,0.665250482617686,0.6636964597029349,94,control,model-v1,0.665250482617686,synthetic_demo
entity_0151,company,2026-08-30 02:45:00+00:00,0.743726,0,12,25,2.225,0.857793,0.05484599999999995,1.7142857142857142,0,0.6150112073337017,0.6125823548427314,74,control,model-v1,0.6150112073337017,synthetic_demo
entity_0010,candidate,2026-08-30 02:53:00+00:00,0.607618,5,15,32,0.35,0.826775,-0.026102999999999987,2.142857142857143,1,0.5233311414222068,0.5239197003212153,50,control,model-v1,0.5233311414222068,synthetic_demo
entity_0098,candidate,2026-08-30 02:53:00+00:00,0.926925,5,18,31,0.07361111111111111,0.882429,0.10207200000000005,2.5714285714285716,1,0.7190300513624927,0.7147759555041713,57,control,model-v1,0.7190300513624927,synthetic_demo
entity_0037,candidate,2026-08-30 02:56:00+00:00,0.836022,1,27,57,0.007638888888888889,0.890078,-0.015241999999999978,3.857142857142857,1,0.6526727490191453,0.6532585000531315,94,control,model-v1,0.6526727490191453,synthetic_demo
entity_0086,candidate,2026-08-30 02:57:00+00:00,0.735856,1,12,35,0.04027777777777778,0.390953,0.059998999999999914,1.7142857142857142,0,0.40972063517865204,0.40712343719986993,47,control,model-v1,0.40972063517865204,synthetic_demo
entity_0131,candidate,2026-08-30 02:58:00+00:00,0.436997,4,4,9,0.04652777777777778,0.646439,-0.04115099999999999,0.5714285714285714,1,0.3621583691089384,0.36357080465669545,24,control,model-v1,0.3621583691089384,synthetic_demo
entity_0160,company,2026-08-30 02:58:00+00:00,0.49221,2,7,12,0.6340277777777777,0.746771,0.097908,1.0,1,0.42986851891092875,0.4244010101729946,73,control,model-v1,0.42986851891092875,synthetic_demo
entity_0084,candidate,2026-08-30 03:08:00+00:00,0.744993,1,11,33,0.020833333333333332,0.886024,0.030569999999999986,1.5714285714285714,1,0.6020564097600474,0.6007826809694249,99,control,model-v1,0.6020564097600474,synthetic_demo
entity_0181,company,2026-08-30 03:08:00+00:00,0.67363,1,10,17,0.04513888888888889,0.92619,-0.047177000000000024,1.4285714285714286,1,0.5944038759326139,0.5968580578572701,72,control,model-v1,0.5944038759326139,synthetic_demo
entity_0166,company,2026-08-30 03:10:00+00:00,0.973422,4,15,43,0.5868055555555556,0.627337,0.016454999999999997,2.142857142857143,1,0.6411253499097089,0.6409443765128019,73,control,model-v1,0.6411253499097089,synthetic_demo
entity_0172,company,2026-08-30 03:11:00+00:00,0.224888,0,10,13,2.0076388888888888,0.729894,-0.03539600000000001,1.4285714285714286,0,0.2901827845986787,0.29067435459688834,42,control,model-v1,0.2901827845986787,synthetic_demo
entity_0181,company,2026-08-30 03:17:00+00:00,0.628046,2,11,18,0.00625,0.92619,-0.04558399999999996,1.5714285714285714,1,0.5716968843207156,0.5738041545093925,72,control,model-v1,0.5716968843207156,synthetic_demo
entity_0110,candidate,2026-08-30 03:22:00+00:00,0.625625,4,14,20,0.18125,0.976177,-0.008836000000000066,2.0,1,0.5985325601295369,0.5983604517834681,43,control,model-v1,0.5985325601295369,synthetic_demo
entity_0098,candidate,2026-08-30 03:25:00+00:00,0.771996,6,19,32,0.022222222222222223,0.882429,-0.15492899999999998,2.7142857142857144,0,0.6437558563667072,0.6507025549804023,57,control,model-v1,0.6437558563667072,synthetic_demo
entity_0026,candidate,2026-08-30 03:28:00+00:00,0.93149,1,5,16,0.07847222222222222,0.52703,-0.06850999999999996,0.7142857142857143,1,0.5844271413339126,0.589267686255804,58,control,model-v1,0.5844271413339126,synthetic_demo
entity_0178,company,2026-08-30 03:30:00+00:00,0.723462,4,19,40,0.17291666666666666,0.805549,-0.025260999999999978,2.7142857142857144,1,0.5753593592043892,0.5762156609567405,6,permanent_holdout,non_ml_baseline,0.7645055000000001,synthetic_demo
entity_0112,candidate,2026-08-30 03:49:00+00:00,0.427319,5,12,20,0.20208333333333334,0.483073,0.107966,1.7142857142857142,1,0.30628873181271427,0.3005819388314267,34,control,model-v1,0.30628873181271427,synthetic_demo
entity_0180,company,2026-08-30 03:49:00+00:00,0.391093,0,4,9,1.2965277777777777,0.609243,0.15445000000000003,0.5714285714285714,1,0.3234834342579402,0.3161053441021978,61,control,model-v1,0.3234834342579402,synthetic_demo
entity_0098,candidate,2026-08-30 03:52:00+00:00,0.779204,7,20,33,0.01875,0.882429,0.007207999999999992,2.857142857142857,1,0.6506795641267317,0.6497149743707908,57,control,model-v1,0.6506795641267317,synthetic_demo
entity_0187,company,2026-08-30 03:54:00+00:00,0.558865,3,19,27,0.2388888888888889,0.979069,-0.105908,2.7142857142857144,1,0.560043205583591,0.5645521706332962,6,permanent_holdout,non_ml_baseline,0.768967,synthetic_demo
entity_0047,candidate,2026-08-30 03:58:00+00:00,0.79145,0,11,26,1.4423611111111112,0.855194,-0.10080100000000003,1.5714285714285714,0,0.6318346179533345,0.6372623218331464,78,control,model-v1,0.6318346179533345,synthetic_demo
entity_0169,company,2026-08-30 04:00:00+00:00,0.925121,4,14,27,0.28125,0.705053,-0.012338999999999989,2.0,1,0.6569414596550566,0.6579907767606347,57,control,model-v1,0.6569414596550566,synthetic_demo
entity_0076,candidate,2026-08-30 04:02:00+00:00,1.0,0,15,50,3.6444444444444444,0.965334,0.09227200000000002,2.142857142857143,1,0.7627947855305963,0.7599738818022418,44,control,model-v1,0.7627947855305963,synthetic_demo
entity_0004,candidate,2026-08-30 04:10:00+00:00,0.817012,5,12,38,0.10069444444444445,0.421875,-0.04936200000000002,1.7142857142857142,0,0.4756540471822277,0.4785327735544812,43,control,model-v1,0.4756540471822277,synthetic_demo
entity_0076,candidate,2026-08-30 04:10:00+00:00,0.926808,1,16,51,0.005555555555555556,0.965334,-0.07319200000000003,2.2857142857142856,1,0.711978635139081,0.7156343124867888,44,control,model-v1,0.711978635139081,synthetic_demo
entity_0053,candidate,2026-08-30 04:12:00+00:00,0.897588,4,21,35,0.11805555555555555,0.392836,0.13814800000000005,3.0,1,0.529040458047055,0.5220554689891068,85,control,model-v1,0.529040458047055,synthetic_demo
entity_0160,company,2026-08-30 04:17:00+00:00,0.435163,2,8,13,0.05486111111111111,0.746771,-0.05704699999999996,1.1428571428571428,0,0.3942429441728522,0.39647901346311,73,control,model-v1,0.3942429441728522,synthetic_demo
entity_0003,candidate,2026-08-30 04:18:00+00:00,0.678259,3,17,24,0.34097222222222223,0.649045,-0.1755850000000001,2.4285714285714284,1,0.5044950034440709,0.5134140262202616,47,control,model-v1,0.5044950034440709,synthetic_demo
entity_0003,candidate,2026-08-30 04:19:00+00:00,0.666845,4,18,25,0.0006944444444444445,0.649045,-0.011413999999999924,2.5714285714285716,1,0.4987884272321943,0.49887844905834033,47,control,model-v1,0.4987884272321943,synthetic_demo
entity_0043,candidate,2026-08-30 04:23:00+00:00,0.906115,0,10,30,1.6145833333333333,0.771115,0.035773000000000055,1.4285714285714286,1,0.6583673572570474,0.6575935738038555,69,control,model-v1,0.6583673572570474,synthetic_demo
entity_0122,candidate,2026-08-30 04:25:00+00:00,0.157226,5,9,15,0.15486111111111112,0.819313,-0.16001400000000002,1.2857142857142858,0,0.2827864352690101,0.2880061057509792,68,control,model-v1,0.2827864352690101,synthetic_demo
entity_0195,company,2026-08-30 04:26:00+00:00,0.795728,0,5,11,6.38125,0.802905,-0.048999000000000015,0.7142857142857143,1,0.6558549520036892,0.6588979701639318,25,control,model-v1,0.6558549520036892,synthetic_demo
entity_0111,candidate,2026-08-30 04:31:00+00:00,0.933858,4,19,49,0.14583333333333334,0.554652,0.08587999999999996,2.7142857142857144,1,0.5900628836482056,0.5860656130552794,29,control,model-v1,0.5900628836482056,synthetic_demo
entity_0170,company,2026-08-30 04:35:00+00:00,0.78261,0,9,20,1.5027777777777778,0.387302,-0.029762999999999984,1.2857142857142858,0,0.45557052223450534,0.4579800239827095,2,permanent_holdout,non_ml_baseline,0.584956,synthetic_demo
entity_0018,candidate,2026-08-30 04:36:00+00:00,0.366699,0,2,7,2.553472222222222,0.622119,0.157785,0.2857142857142857,1,0.32236734374069803,0.3148390075170939,27,control,model-v1,0.32236734374069803,synthetic_demo
entity_0142,company,2026-08-30 04:36:00+00:00,0.917397,4,14,21,0.2465277777777778,0.414668,0.09870800000000002,2.0,0,0.5540576626888897,0.5495579601530306,30,control,model-v1,0.5540576626888897,synthetic_demo
entity_0078,candidate,2026-08-30 04:40:00+00:00,0.336329,1,6,18,0.9597222222222223,0.64438,-0.06294700000000003,0.8571428571428571,0,0.3015480734428991,0.3037089676279681,0,permanent_holdout,non_ml_baseline,0.49035449999999997,synthetic_demo
entity_0121,candidate,2026-08-30 04:41:00+00:00,0.295834,5,13,23,0.25555555555555554,0.874267,-0.07265700000000003,1.8571428571428572,1,0.37011667620773014,0.3720330757066606,36,control,model-v1,0.37011667620773014,synthetic_demo
entity_0137,candidate,2026-08-30 04:48:00+00:00,0.546881,3,14,26,0.1486111111111111,0.708766,0.029192999999999913,2.0,1,0.4417718203857935,0.4396102520941639,0,permanent_holdout,non_ml_baseline,0.6278235,synthetic_demo
entity_0178,company,2026-08-30 04:49:00+00:00,0.811203,5,20,41,0.05486111111111111,0.805549,0.08774099999999996,2.857142857142857,1,0.6266592097087785,0.6220346575701494,6,permanent_holdout,non_ml_baseline,0.808376,synthetic_demo
entity_0010,candidate,2026-08-30 04:51:00+00:00,0.525138,6,16,33,0.08194444444444444,0.826775,-0.08248,2.2857142857142856,0,0.476890135224939,0.48000921572096783,50,control,model-v1,0.476890135224939,synthetic_demo
entity_0043,candidate,2026-08-30 05:03:00+00:00,0.789813,1,11,31,0.027777777777777776,0.771115,-0.11630200000000002,1.5714285714285714,1,0.5873165387750928,0.5937160609897589,69,control,model-v1,0.5873165387750928,synthetic_demo
entity_0076,candidate,2026-08-30 05:18:00+00:00,0.933429,2,17,52,0.04722222222222222,0.965334,0.006620999999999988,2.4285714285714284,1,0.7181483817745825,0.7182598869592497,44,control,model-v1,0.7181483817745825,synthetic_demo
entity_0057,candidate,2026-08-30 05:22:00+00:00,0.886105,2,15,33,0.16319444444444445,0.44916,-0.004781999999999953,2.142857142857143,1,0.5299564976248287,0.5309019608267492,18,challenger,model-v2,0.5309019608267492,synthetic_demo
entity_0131,candidate,2026-08-30 05:24:00+00:00,0.349034,5,5,10,0.10138888888888889,0.646439,-0.08796300000000001,0.7142857142857143,1,0.31969109696646003,0.3227748921489448,24,control,model-v1,0.31969109696646003,synthetic_demo
entity_0103,candidate,2026-08-30 05:28:00+00:00,0.913629,5,18,30,0.29930555555555555,0.637277,-0.04995499999999997,2.5714285714285716,0,0.6332017031284356,0.6358419808249555,69,control,model-v1,0.6332017031284356,synthetic_demo
entity_0013,candidate,2026-08-30 05:29:00+00:00,0.873997,2,22,44,0.3076388888888889,0.575491,-0.12600299999999998,3.142857142857143,1,0.5710678983212697,0.5778081162951091,58,control,model-v1,0.5710678983212697,synthetic_demo
entity_0059,candidate,2026-08-30 05:30:00+00:00,0.43811,0,4,11,4.503472222222222,0.70393,-0.018979999999999997,0.5714285714285714,1,0.40133177118339597,0.40201634102849526,50,control,model-v1,0.40133177118339597,synthetic_demo
entity_0135,candidate,2026-08-30 05:30:00+00:00,0.986935,7,21,34,0.41041666666666665,0.460149,0.087804,3.0,0,0.6163239386228179,0.6121324978192473,92,control,model-v1,0.6163239386228179,synthetic_demo
entity_0084,candidate,2026-08-30 05:49:00+00:00,0.884017,2,12,33,0.11180555555555556,0.886024,0.13902400000000004,1.7142857142857142,0,0.6810254966100315,0.675154626491302,99,control,model-v1,0.6810254966100315,synthetic_demo
entity_0025,candidate,2026-08-30 06:07:00+00:00,0.596678,3,21,32,0.5881944444444445,0.572241,-0.14031499999999997,3.0,1,0.4275716392442539,0.4340858622716289,70,control,model-v1,0.4275716392442539,synthetic_demo
entity_0176,company,2026-08-30 06:07:00+00:00,0.364146,1,7,10,0.25416666666666665,0.501088,0.005624000000000018,1.0,1,0.2753489893908805,0.27462018446042763,33,control,model-v1,0.2753489893908805,synthetic_demo
entity_0020,candidate,2026-08-30 06:08:00+00:00,0.807474,1,12,28,0.20208333333333334,0.73303,-0.03909299999999993,1.7142857142857142,1,0.5898089725333431,0.592307506664863,40,control,model-v1,0.5898089725333431,synthetic_demo
entity_0077,candidate,2026-08-30 06:09:00+00:00,0.734191,4,26,37,0.42916666666666664,0.894463,0.0006000000000000449,3.7142857142857144,1,0.6315064387631749,0.6307386473042063,33,control,model-v1,0.6315064387631749,synthetic_demo
entity_0013,candidate,2026-08-30 06:11:00+00:00,1.0,3,23,45,0.029166666666666667,0.575491,0.12600299999999998,3.2857142857142856,0,0.6421267091737499,0.6365025484853323,58,control,model-v1,0.6421267091737499,synthetic_demo
entity_0059,candidate,2026-08-30 06:13:00+00:00,0.388127,1,5,12,0.029861111111111113,0.70393,-0.049983,0.7142857142857143,0,0.34672335741336624,0.34861060038113384,50,control,model-v1,0.34672335741336624,synthetic_demo
entity_0063,candidate,2026-08-30 06:14:00+00:00,0.358493,0,0,2,8.698611111111111,0.369204,0.019618000000000024,0.0,0,0.27724337253344733,0.2762179073624416,40,control,model-v1,0.27724337253344733,synthetic_demo
entity_0085,candidate,2026-08-30 06:19:00+00:00,0.742498,4,20,35,0.1951388888888889,0.606124,-0.12871100000000002,2.857142857142857,0,0.5190767254844307,0.5255114695284131,70,control,model-v1,0.5190767254844307,synthetic_demo
entity_0198,company,2026-08-30 06:19:00+00:00,0.919107,8,14,28,0.15902777777777777,0.843666,0.03048200000000001,2.0,0,0.7075993053374133,0.7062532479684072,18,challenger,model-v2,0.7062532479684072,synthetic_demo
entity_0071,candidate,2026-08-30 06:21:00+00:00,0.84743,5,27,53,0.1597222222222222,0.794835,-0.14501299999999995,3.857142857142857,1,0.6413232781327539,0.6478511831057288,19,challenger,model-v2,0.6478511831057288,synthetic_demo
entity_0120,candidate,2026-08-30 06:26:00+00:00,0.917849,0,18,37,1.3993055555555556,0.89865,0.04878500000000008,2.5714285714285716,1,0.7101762033251585,0.7085747198929028,77,control,model-v1,0.7101762033251585,synthetic_demo
entity_0194,company,2026-08-30 06:33:00+00:00,0.836006,0,9,22,2.5069444444444446,0.937393,0.08183700000000005,1.2857142857142858,0,0.6911294169639093,0.6880664653419535,58,control,model-v1,0.6911294169639093,synthetic_demo
entity_0111,candidate,2026-08-30 06:45:00+00:00,0.911205,5,19,50,0.09305555555555556,0.554652,-0.022652999999999923,2.7142857142857144,1,0.5784202936905029,0.5797863343666402,29,control,model-v1,0.5784202936905029,synthetic_demo
entity_0135,candidate,2026-08-30 06:50:00+00:00,0.811614,8,22,34,0.05555555555555555,0.460149,-0.17532100000000006,3.142857142857143,0,0.5186651242860901,0.5273285167169004,92,control,model-v1,0.5186651242860901,synthetic_demo
entity_0119,candidate,2026-08-30 06:54:00+00:00,0.704109,3,18,32,0.78125,0.757125,0.08439600000000003,2.5714285714285716,0,0.55569486296905,0.5509631226660001,91,control,model-v1,0.55569486296905,synthetic_demo
entity_0010,candidate,2026-08-30 07:00:00+00:00,0.590496,6,17,34,0.08958333333333333,0.826775,0.06535800000000003,2.4285714285714284,0,0.5155148359169646,0.5110361350747539,50,control,model-v1,0.5155148359169646,synthetic_demo
entity_0164,company,2026-08-30 07:03:00+00:00,0.782778,2,12,30,0.21041666666666667,0.975363,-0.0021760000000000668,1.7142857142857142,0,0.6631499891950664,0.6634320496701084,47,control,model-v1,0.6631499891950664,synthetic_demo
entity_0077,candidate,2026-08-30 07:07:00+00:00,0.8252,5,27,38,0.04027777777777778,0.894463,0.091009,3.857142857142857,0,0.679724767958703,0.6749812151162646,33,control,model-v1,0.679724767958703,synthetic_demo
entity_0117,candidate,2026-08-30 07:10:00+00:00,0.997452,1,14,45,0.2111111111111111,0.543925,0.03937999999999997,2.0,1,0.609857760414065,0.6090063986514216,37,control,model-v1,0.609857760414065,synthetic_demo
entity_0004,candidate,2026-08-30 07:15:00+00:00,0.877639,6,11,39,0.1284722222222222,0.421875,0.060626999999999986,1.5714285714285714,1,0.5107828220330912,0.5080201048018712,43,control,model-v1,0.5107828220330912,synthetic_demo
entity_0143,company,2026-08-30 07:16:00+00:00,0.746195,1,13,26,0.2548611111111111,0.636349,0.06696500000000005,1.8571428571428572,1,0.522979127879219,0.5197844109035036,12,challenger,model-v2,0.5197844109035036,synthetic_demo
entity_0181,company,2026-08-30 07:18:00+00:00,0.705754,3,12,19,0.1673611111111111,0.92619,0.077708,1.7142857142857142,1,0.6195866700657172,0.6155882059228482,72,control,model-v1,0.6195866700657172,synthetic_demo
entity_0063,candidate,2026-08-30 07:22:00+00:00,0.26843,1,1,3,0.04722222222222222,0.369204,-0.090063,0.14285714285714285,0,0.1966645627816502,0.1993011737579632,40,control,model-v1,0.1966645627816502,synthetic_demo
entity_0097,candidate,2026-08-30 07:24:00+00:00,0.569543,0,7,17,4.3597222222222225,0.839958,-0.06326100000000001,1.0,1,0.5253602623696828,0.5286278938154155,70,control,model-v1,0.5253602623696828,synthetic_demo
entity_0164,company,2026-08-30 07:24:00+00:00,0.84982,3,13,31,0.014583333333333334,0.975363,0.06704200000000005,1.8571428571428572,1,0.6987035290451705,0.6959558831527096,47,control,model-v1,0.6987035290451705,synthetic_demo
entity_0195,company,2026-08-30 07:25:00+00:00,0.986547,1,5,12,0.12430555555555556,0.802905,0.19081899999999996,0.7142857142857143,0,0.7132868599094537,0.7061821056922317,25,control,model-v1,0.7132868599094537,synthetic_demo
entity_0094,candidate,2026-08-30 07:31:00+00:00,0.779255,2,16,33,0.45,0.607268,0.09783700000000006,2.2857142857142856,1,0.5321661928284653,0.527233286277754,86,control,model-v1,0.5321661928284653,synthetic_demo
entity_0072,candidate,2026-08-30 07:38:00+00:00,0.543934,2,11,22,0.2125,0.720287,0.14853200000000005,1.5714285714285714,1,0.4415302545547908,0.4334178805068046,16,challenger,model-v2,0.4334178805068046,synthetic_demo
entity_0072,candidate,2026-08-30 07:42:00+00:00,0.384221,3,12,23,0.002777777777777778,0.720287,-0.15971300000000005,1.7142857142857142,1,0.35464938558106984,0.36134993939749654,16,challenger,model-v2,0.36134993939749654,synthetic_demo
entity_0103,candidate,2026-08-30 07:50:00+00:00,0.987333,5,18,30,0.09861111111111111,0.637277,0.07370399999999999,2.5714285714285716,1,0.6707140455120217,0.6676944271082954,69,control,model-v1,0.6707140455120217,synthetic_demo
entity_0090,candidate,2026-08-30 07:52:00+00:00,0.789673,0,11,25,1.4409722222222223,0.460823,-0.07635100000000006,1.5714285714285714,0,0.4846754854238585,0.48944415509810074,33,control,model-v1,0.4846754854238585,synthetic_demo
entity_0144,company,2026-08-30 07:53:00+00:00,0.286968,0,5,15,4.450694444444444,0.774807,-0.070131,0.7142857142857143,1,0.34141454951293654,0.3439448098853529,28,control,model-v1,0.34141454951293654,synthetic_demo
entity_0112,candidate,2026-08-30 07:55:00+00:00,0.313497,5,13,21,0.17083333333333334,0.483073,-0.11382199999999998,1.8571428571428572,1,0.25339816260159104,0.2568128262697319,34,control,model-v1,0.25339816260159104,synthetic_demo
entity_0076,candidate,2026-08-30 07:56:00+00:00,0.942306,3,18,53,0.10972222222222222,0.965334,0.008877000000000024,2.5714285714285716,1,0.7254047936982353,0.7253182624379809,44,control,model-v1,0.7254047936982353,synthetic_demo
entity_0112,candidate,2026-08-30 08:01:00+00:00,0.275969,6,14,22,0.004166666666666667,0.483073,-0.037528000000000006,2.0,1,0.23884705787693422,0.2389888531784634,34,control,model-v1,0.23884705787693422,synthetic_demo
entity_0020,candidate,2026-08-30 08:04:00+00:00,0.787758,2,13,29,0.08055555555555556,0.73303,-0.019716000000000067,1.8571428571428572,1,0.5811411074798112,0.5824476119223109,40,control,model-v1,0.5811411074798112,synthetic_demo
entity_0097,candidate,2026-08-30 08:04:00+00:00,0.506792,1,8,18,0.027777777777777776,0.839958,-0.062751,1.1428571428571428,0,0.460692674419022,0.4636172773906626,70,control,model-v1,0.460692674419022,synthetic_demo
entity_0074,candidate,2026-08-30 08:11:00+00:00,0.568801,2,14,14,0.4354166666666667,0.915232,-0.18196599999999996,2.0,1,0.5471020943876485,0.5559981498533243,74,control,model-v1,0.5471020943876485,synthetic_demo
entity_0030,candidate,2026-08-30 08:16:00+00:00,0.283451,0,8,19,1.195138888888889,0.913777,-0.053968000000000016,1.1428571428571428,0,0.36680091423602884,0.3684529751025421,6,permanent_holdout,non_ml_baseline,0.598614,synthetic_demo
entity_0043,candidate,2026-08-30 08:21:00+00:00,0.853113,2,12,32,0.1375,0.771115,0.06330000000000002,1.7142857142857142,1,0.626423551736544,0.6238166778118432,69,control,model-v1,0.626423551736544,synthetic_demo
entity_0076,candidate,2026-08-30 08:21:00+00:00,0.965866,4,19,54,0.017361111111111112,0.965334,0.023560000000000025,2.7142857142857144,1,0.7383018735926609,0.7375614826793173,44,control,model-v1,0.7383018735926609,synthetic_demo
entity_0140,candidate,2026-08-30 08:26:00+00:00,0.70641,3,14,18,0.33611111111111114,0.390089,0.03188499999999994,2.0,0,0.424435278797258,0.4228496829631605,78,control,model-v1,0.424435278797258,synthetic_demo
entity_0142,company,2026-08-30 08:29:00+00:00,0.881133,5,15,22,0.16180555555555556,0.414668,-0.03626399999999996,2.142857142857143,1,0.5359321198727047,0.5381970373974565,30,control,model-v1,0.5359321198727047,synthetic_demo
entity_0077,candidate,2026-08-30 08:40:00+00:00,0.813771,6,27,39,0.06458333333333334,0.894463,-0.011429000000000022,3.857142857142857,1,0.6754459317799316,0.6752847124838547,33,control,model-v1,0.6754459317799316,synthetic_demo
entity_0142,company,2026-08-30 08:44:00+00:00,0.8057,6,16,23,0.010416666666666666,0.414668,-0.07543300000000008,2.2857142857142856,0,0.49446936208365294,0.4983980733156468,30,control,model-v1,0.49446936208365294,synthetic_demo
entity_0146,company,2026-08-30 08:45:00+00:00,0.772582,1,12,30,0.28402777777777777,0.812222,-0.042927999999999966,1.7142857142857142,1,0.5975998345475304,0.6001210669922883,96,control,model-v1,0.5975998345475304,synthetic_demo
entity_0159,company,2026-08-30 08:46:00+00:00,0.606732,2,13,28,0.28055555555555556,0.729018,0.09194200000000008,1.8571428571428572,1,0.4778583126289776,0.4727222083840146,15,challenger,model-v2,0.4727222083840146,synthetic_demo
entity_0025,candidate,2026-08-30 08:53:00+00:00,0.625359,2,22,32,0.11527777777777778,0.572241,0.028680999999999957,3.142857142857143,1,0.4396019158879044,0.43754723803252876,70,control,model-v1,0.4396019158879044,synthetic_demo
entity_0157,company,2026-08-30 08:53:00+00:00,0.679296,0,8,20,1.5138888888888888,0.724008,-0.04810499999999995,1.1428571428571428,1,0.5221700971170212,0.5250707871759784,2,permanent_holdout,non_ml_baseline,0.7016519999999999,synthetic_demo
entity_0037,candidate,2026-08-30 08:55:00+00:00,0.926901,2,26,58,0.24930555555555556,0.890078,0.09087899999999993,3.7142857142857144,1,0.7001454941822842,0.6961845143558666,94,control,model-v1,0.7001454941822842,synthetic_demo
entity_0097,candidate,2026-08-30 09:00:00+00:00,0.484525,2,9,19,0.03888888888888889,0.839958,-0.022267000000000037,1.2857142857142858,1,0.4513259265390108,0.4518986602234728,70,control,model-v1,0.4513259265390108,synthetic_demo
entity_0063,candidate,2026-08-30 09:05:00+00:00,0.257759,2,2,4,0.07152777777777777,0.369204,-0.010670999999999986,0.2857142857142857,0,0.1950235248794516,0.19488482395549783,40,control,model-v1,0.1950235248794516,synthetic_demo
entity_0096,candidate,2026-08-30 09:06:00+00:00,0.559528,1,1,7,0.27361111111111114,0.832947,0.04750500000000002,0.14285714285714285,1,0.4910698802540182,0.4887129943268992,81,control,model-v1,0.4910698802540182,synthetic_demo
entity_0088,candidate,2026-08-30 09:08:00+00:00,0.852328,0,15,34,1.4680555555555554,0.64556,0.09629399999999999,2.142857142857143,0,0.5871417679211358,0.582879161291467,22,control,model-v1,0.5871417679211358,synthetic_demo
entity_0049,candidate,2026-08-30 09:14:00+00:00,0.727646,4,19,35,0.36527777777777776,0.578951,-0.11872300000000002,2.7142857142857144,1,0.4994770625826368,0.5054071381497953,37,control,model-v1,0.4994770625826368,synthetic_demo
entity_0146,company,2026-08-30 09:19:00+00:00,0.73327,2,13,30,0.02361111111111111,0.812222,-0.039312000000000014,1.8571428571428572,1,0.5781302914217039,0.5802236489175118,96,control,model-v1,0.5781302914217039,synthetic_demo
entity_0187,company,2026-08-30 09:19:00+00:00,0.616261,3,20,27,0.22569444444444445,0.979069,0.057396,2.857142857142857,1,0.5942992293932268,0.59056402440573,6,permanent_holdout,non_ml_baseline,0.797665,synthetic_demo
entity_0020,candidate,2026-08-30 09:32:00+00:00,0.808981,3,14,30,0.06111111111111111,0.73303,0.021222999999999992,2.0,1,0.5962568530069913,0.595392733721255,40,control,model-v1,0.5962568530069913,synthetic_demo
entity_0074,candidate,2026-08-30 09:32:00+00:00,0.560838,2,14,15,0.05625,0.915232,-0.007963000000000053,2.0,1,0.5385210819930922,0.5383334204818295,74,control,model-v1,0.5385210819930922,synthetic_demo
entity_0113,candidate,2026-08-30 09:42:00+00:00,0.467595,0,4,6,1.6819444444444445,0.545515,0.0038449999999999873,0.5714285714285714,1,0.3472559947043445,0.34701660719463034,45,control,model-v1,0.3472559947043445,synthetic_demo
entity_0195,company,2026-08-30 09:43:00+00:00,0.970576,2,6,13,0.09583333333333334,0.802905,-0.015970999999999957,0.8571428571428571,1,0.7082946615129061,0.7099877232127153,25,control,model-v1,0.7082946615129061,synthetic_demo
entity_0089,candidate,2026-08-30 09:46:00+00:00,0.774182,3,22,40,0.4465277777777778,0.874239,-0.116842,3.142857142857143,0,0.6330986531062744,0.6384699810067502,26,control,model-v1,0.6330986531062744,synthetic_demo
entity_0019,candidate,2026-08-30 09:51:00+00:00,0.212301,1,7,12,0.3375,0.550086,-0.038102,1.0,1,0.2221355465804986,0.2227204642837413,8,permanent_holdout,non_ml_baseline,0.38119349999999996,synthetic_demo
entity_0089,candidate,2026-08-30 09:51:00+00:00,0.93329,4,23,41,0.003472222222222222,0.874239,0.15910799999999992,3.2857142857142856,0,0.7142384049226141,0.7073832310459358,26,control,model-v1,0.7142384049226141,synthetic_demo
entity_0043,candidate,2026-08-30 09:56:00+00:00,0.973583,3,13,33,0.06597222222222222,0.771115,0.12046999999999997,1.8571428571428572,1,0.6917902625488577,0.6870472111157238,69,control,model-v1,0.6917902625488577,synthetic_demo
entity_0135,candidate,2026-08-30 10:00:00+00:00,0.948519,7,23,35,0.13194444444444445,0.460149,0.13690500000000005,3.2857142857142856,0,0.5954082186309455,0.5884267186048417,92,control,model-v1,0.5954082186309455,synthetic_demo
entity_0090,candidate,2026-08-30 10:02:00+00:00,0.840019,1,12,25,0.09027777777777778,0.460823,0.050346,1.7142857142857142,1,0.5086930595321196,0.5068292166971479,33,control,model-v1,0.5086930595321196,synthetic_demo
entity_0170,company,2026-08-30 10:06:00+00:00,0.867664,1,10,21,0.2298611111111111,0.387302,0.08505399999999996,1.4285714285714286,1,0.4989742115589364,0.4955075514748366,2,permanent_holdout,non_ml_baseline,0.627483,synthetic_demo
entity_0197,company,2026-08-30 10:09:00+00:00,0.685744,0,10,31,2.6104166666666666,0.825549,-0.03117099999999995,1.4285714285714286,1,0.5624530387384019,0.5642970386819219,15,challenger,model-v2,0.5642970386819219,synthetic_demo
entity_0166,company,2026-08-30 10:17:00+00:00,0.841544,4,16,44,0.2965277777777778,0.627337,-0.13187800000000005,2.2857142857142856,1,0.5665164312585262,0.573498656286677,73,control,model-v1,0.5665164312585262,synthetic_demo
entity_0023,candidate,2026-08-30 10:23:00+00:00,0.819556,1,7,28,0.3215277777777778,0.551892,0.01072799999999996,1.0,1,0.5202736803043911,0.5206040265656684,23,control,model-v1,0.5202736803043911,synthetic_demo
entity_0085,candidate,2026-08-30 10:38:00+00:00,0.729615,4,21,36,0.1798611111111111,0.606124,-0.012882999999999978,3.0,1,0.5120959154346935,0.5123567711820018,70,control,model-v1,0.5120959154346935,synthetic_demo
entity_0049,candidate,2026-08-30 10:48:00+00:00,0.886047,5,20,36,0.06527777777777778,0.578951,0.15840100000000001,2.857142857142857,1,0.5916960193099211,0.5836781287895806,37,control,model-v1,0.5916960193099211,synthetic_demo
entity_0197,company,2026-08-30 10:56:00+00:00,0.800767,1,11,32,0.03263888888888889,0.825549,0.11502299999999999,1.5714285714285714,1,0.6122180739965076,0.6069326446727807,15,challenger,model-v2,0.6069326446727807,synthetic_demo
entity_0037,candidate,2026-08-30 11:00:00+00:00,0.944157,3,27,59,0.08680555555555555,0.890078,0.01725600000000005,3.857142857142857,1,0.7103351764670024,0.7095774430916009,94,control,model-v1,0.7103351764670024,synthetic_demo
entity_0170,company,2026-08-30 11:02:00+00:00,0.820196,2,11,22,0.03888888888888889,0.387302,-0.047467999999999955,1.5714285714285714,0,0.47343487346217866,0.4766206876934616,2,permanent_holdout,non_ml_baseline,0.603749,synthetic_demo
entity_0117,candidate,2026-08-30 11:06:00+00:00,0.927347,2,14,45,0.1638888888888889,0.543925,-0.07010499999999997,2.0,1,0.5728791958782665,0.5772986964080499,37,control,model-v1,0.5728791958782665,synthetic_demo
entity_0030,candidate,2026-08-30 11:09:00+00:00,0.352352,1,9,20,0.12013888888888889,0.913777,0.06890099999999999,1.2857142857142858,1,0.40044060967655454,0.39603199543610473,6,permanent_holdout,non_ml_baseline,0.6330644999999999,synthetic_demo
entity_0040,candidate,2026-08-30 11:09:00+00:00,0.678361,3,11,30,0.5888888888888889,0.655067,0.05821399999999999,1.5714285714285714,0,0.4901202857230901,0.48700914074569684,88,control,model-v1,0.4901202857230901,synthetic_demo
entity_0092,candidate,2026-08-30 11:10:00+00:00,0.186766,2,2,4,0.7493055555555556,0.808622,-0.00015000000000001124,0.2857142857142857,0,0.290725069857888,0.2896849434464447,22,control,model-v1,0.290725069857888,synthetic_demo
entity_0067,candidate,2026-08-30 11:12:00+00:00,0.45108,0,6,12,4.8284722222222225,0.733388,0.07034399999999996,0.8571428571428571,1,0.4242324092054024,0.42027165947183387,67,control,model-v1,0.4242324092054024,synthetic_demo
entity_0047,candidate,2026-08-30 11:17:00+00:00,0.987919,1,12,25,0.30486111111111114,0.855194,0.196469,1.7142857142857142,1,0.7285039813037844,0.7211075045702932,78,control,model-v1,0.7285039813037844,synthetic_demo
entity_0085,candidate,2026-08-30 11:18:00+00:00,0.811405,5,22,37,0.027777777777777776,0.606124,0.08179000000000003,3.142857142857143,0,0.561616079011881,0.5570811044165033,70,control,model-v1,0.561616079011881,synthetic_demo
entity_0085,candidate,2026-08-30 11:30:00+00:00,0.92888,6,23,38,0.008333333333333333,0.606124,0.117475,3.2857142857142856,0,0.6303889359999983,0.6245577251276804,70,control,model-v1,0.6303889359999983,synthetic_demo
entity_0146,company,2026-08-30 11:31:00+00:00,0.87334,3,14,31,0.09166666666666666,0.812222,0.14007000000000003,2.0,1,0.6584395892762765,0.652134756257419,96,control,model-v1,0.6584395892762765,synthetic_demo
entity_0170,company,2026-08-30 11:32:00+00:00,0.776331,3,12,23,0.020833333333333332,0.387302,-0.04386500000000004,1.7142857142857142,1,0.45135979264477194,0.454034631645112,2,permanent_holdout,non_ml_baseline,0.5818165,synthetic_demo
entity_0013,candidate,2026-08-30 11:44:00+00:00,0.912371,4,24,46,0.23125,0.575491,-0.08762899999999996,3.4285714285714284,1,0.5988107278893228,0.6033098041880552,58,control,model-v1,0.5988107278893228,synthetic_demo
entity_0053,candidate,2026-08-30 11:50:00+00:00,0.802875,4,22,36,0.31805555555555554,0.392836,-0.09471300000000005,3.142857142857143,1,0.4761285274640427,0.48100304169684477,85,control,model-v1,0.4761285274640427,synthetic_demo
entity_0103,candidate,2026-08-30 11:54:00+00:00,0.827793,6,17,30,0.16944444444444445,0.637277,-0.15954000000000002,2.4285714285714284,1,0.5857637763465637,0.5937588272886856,69,control,model-v1,0.5857637763465637,synthetic_demo
entity_0020,candidate,2026-08-30 12:07:00+00:00,0.742749,4,15,31,0.1076388888888889,0.73303,-0.06623199999999996,2.142857142857143,1,0.5624169495182886,0.5656868250750591,40,control,model-v1,0.5624169495182886,synthetic_demo
entity_0157,company,2026-08-30 12:21:00+00:00,0.678067,1,9,21,0.14444444444444443,0.724008,-0.0012290000000000356,1.2857142857142858,1,0.5148552794971247,0.5151529809451102,2,permanent_holdout,non_ml_baseline,0.7010375,synthetic_demo
entity_0176,company,2026-08-30 12:28:00+00:00,0.311785,2,8,11,0.26458333333333334,0.501088,-0.052361000000000046,1.1428571428571428,0,0.2543808479473755,0.25575187600333626,33,control,model-v1,0.2543808479473755,synthetic_demo
entity_0134,candidate,2026-08-30 12:30:00+00:00,0.834147,2,16,35,0.65,0.883304,0.04323199999999994,2.2857142857142856,1,0.66237024606617,0.660540784810516,87,control,model-v1,0.66237024606617,synthetic_demo
entity_0119,candidate,2026-08-30 12:38:00+00:00,0.615686,1,19,33,0.2388888888888889,0.757125,-0.08842300000000003,2.7142857142857144,1,0.4955680523803969,0.4997606249228468,91,control,model-v1,0.4955680523803969,synthetic_demo
entity_0053,candidate,2026-08-30 12:40:00+00:00,0.835561,5,23,36,0.034722222222222224,0.392836,0.03268599999999999,3.2857142857142856,0,0.4976878883746587,0.49582361574517936,85,control,model-v1,0.4976878883746587,synthetic_demo
entity_0040,candidate,2026-08-30 12:52:00+00:00,0.719535,4,12,31,0.07152777777777777,0.655067,0.041174000000000044,1.7142857142857142,0,0.5136710950723993,0.5114465807192335,88,control,model-v1,0.5136710950723993,synthetic_demo
entity_0187,company,2026-08-30 12:53:00+00:00,0.708126,4,21,27,0.1486111111111111,0.979069,0.09186500000000009,3.0,1,0.6483228099614476,0.6432665869761084,6,permanent_holdout,non_ml_baseline,0.8435975,synthetic_demo
entity_0088,candidate,2026-08-30 12:59:00+00:00,0.874283,1,15,35,0.16041666666666668,0.64556,0.021955000000000058,2.142857142857143,1,0.5917386077455498,0.5912608085818244,22,control,model-v1,0.5917386077455498,synthetic_demo
entity_0094,candidate,2026-08-30 13:00:00+00:00,0.7582,3,17,34,0.22847222222222222,0.607268,-0.021055000000000046,2.4285714285714284,0,0.5217574528453336,0.5228379312012601,86,control,model-v1,0.5217574528453336,synthetic_demo
entity_0090,candidate,2026-08-30 13:02:00+00:00,0.850866,2,13,26,0.125,0.460823,0.010847000000000051,1.8571428571428572,0,0.5186607003207022,0.5187548466681818,33,control,model-v1,0.5186607003207022,synthetic_demo
entity_0058,candidate,2026-08-30 13:03:00+00:00,0.558448,0,7,11,1.3416666666666666,0.410471,0.0006760000000000099,1.0,0,0.345535689053724,0.34567044381885864,37,control,model-v1,0.345535689053724,synthetic_demo
entity_0195,company,2026-08-30 13:10:00+00:00,0.957499,3,6,14,0.14375,0.802905,-0.013077000000000005,0.8571428571428571,1,0.7035771929808907,0.7050303283327848,25,control,model-v1,0.7035771929808907,synthetic_demo
entity_0166,company,2026-08-30 13:12:00+00:00,0.878592,2,17,45,0.12152777777777778,0.627337,0.03704800000000008,2.4285714285714284,1,0.5814243815854077,0.5799951701270825,73,control,model-v1,0.5814243815854077,synthetic_demo
entity_0094,candidate,2026-08-30 13:16:00+00:00,0.798487,4,17,35,0.011111111111111112,0.607268,0.04028699999999996,2.4285714285714284,0,0.5450347800577621,0.5429340690332778,86,control,model-v1,0.5450347800577621,synthetic_demo
entity_0159,company,2026-08-30 13:20:00+00:00,0.575592,3,14,29,0.19027777777777777,0.729018,-0.031140000000000057,2.0,1,0.46257522492465575,0.46363827396607477,15,challenger,model-v2,0.46363827396607477,synthetic_demo
entity_0139,candidate,2026-08-30 13:27:00+00:00,0.538719,0,8,12,2.8041666666666667,0.623747,-0.09439600000000004,1.1428571428571428,0,0.4222303054929306,0.427023005444249,60,control,model-v1,0.4222303054929306,synthetic_demo
entity_0025,candidate,2026-08-30 13:28:00+00:00,0.589152,3,23,31,0.1909722222222222,0.572241,-0.03620699999999999,3.2857142857142856,1,0.42528269122539947,0.4263085106439659,70,control,model-v1,0.42528269122539947,synthetic_demo
entity_0030,candidate,2026-08-30 13:32:00+00:00,0.257547,2,10,21,0.09930555555555555,0.913777,-0.09480499999999997,1.4285714285714286,0,0.35184620824082163,0.3550822107680215,6,permanent_holdout,non_ml_baseline,0.585662,synthetic_demo
entity_0135,candidate,2026-08-30 13:42:00+00:00,0.991869,7,23,36,0.15416666666666667,0.460149,0.04335,3.2857142857142856,0,0.6184136816170787,0.6163775592192734,92,control,model-v1,0.6184136816170787,synthetic_demo
entity_0047,candidate,2026-08-30 13:43:00+00:00,0.821688,2,13,24,0.10138888888888889,0.855194,-0.16623100000000002,1.8571428571428572,1,0.6498301038249645,0.6580701320118649,78,control,model-v1,0.6498301038249645,synthetic_demo
entity_0197,company,2026-08-30 13:43:00+00:00,0.754247,2,12,32,0.11597222222222223,0.825549,-0.046520000000000006,1.7142857142857142,1,0.5913596421246942,0.5939046102659484,15,challenger,model-v2,0.5939046102659484,synthetic_demo
entity_0196,company,2026-08-30 13:50:00+00:00,0.416529,3,8,15,0.7625,0.970514,-0.026776000000000022,1.1428571428571428,1,0.4727431462355714,0.47318248662962265,83,control,model-v1,0.4727431462355714,synthetic_demo
entity_0117,candidate,2026-08-30 13:53:00+00:00,0.833477,3,15,45,0.11597222222222223,0.543925,-0.09387000000000001,2.142857142857143,1,0.5231449348780909,0.5284291300792853,37,control,model-v1,0.5231449348780909,synthetic_demo
entity_0120,candidate,2026-08-30 14:03:00+00:00,0.994551,1,19,37,0.3173611111111111,0.89865,0.07670199999999994,2.7142857142857144,1,0.7429709075697429,0.7404472885717777,77,control,model-v1,0.7429709075697429,synthetic_demo
entity_0117,candidate,2026-08-30 14:05:00+00:00,0.894597,4,16,46,0.008333333333333333,0.543925,0.06111999999999995,2.2857142857142856,1,0.5610027386268418,0.5582346527036242,37,control,model-v1,0.5610027386268418,synthetic_demo
entity_0179,company,2026-08-30 14:06:00+00:00,0.1359,1,8,13,0.5423611111111111,0.721651,-0.14201300000000003,1.1428571428571428,0,0.23858928139460542,0.24291333843214455,80,control,model-v1,0.23858928139460542,synthetic_demo
entity_0164,company,2026-08-30 14:08:00+00:00,0.788253,4,14,32,0.28055555555555556,0.975363,-0.06156700000000004,2.0,1,0.6724941841031417,0.675259609817031,47,control,model-v1,0.6724941841031417,synthetic_demo
entity_0166,company,2026-08-30 14:11:00+00:00,0.954758,3,18,46,0.04097222222222222,0.627337,0.07616599999999996,2.5714285714285716,1,0.6264404885913946,0.6232298428742047,73,control,model-v1,0.6264404885913946,synthetic_demo
entity_0094,candidate,2026-08-30 14:13:00+00:00,0.850096,5,18,36,0.03958333333333333,0.607268,0.051609000000000016,2.5714285714285716,1,0.5781283830635201,0.5754966186213061,86,control,model-v1,0.5781283830635201,synthetic_demo
entity_0033,candidate,2026-08-30 14:16:00+00:00,0.892438,1,8,36,0.5638888888888889,0.760571,0.058486999999999956,1.1428571428571428,1,0.6327436087669713,0.6307902774592679,20,control,model-v1,0.6327436087669713,synthetic_demo
entity_0086,candidate,2026-08-30 14:16:00+00:00,0.665502,2,11,34,0.47152777777777777,0.390953,-0.07035399999999992,1.5714285714285714,1,0.37584269302893114,0.3794769030841985,47,control,model-v1,0.37584269302893114,synthetic_demo
entity_0088,candidate,2026-08-30 14:17:00+00:00,0.880514,2,16,36,0.05416666666666667,0.64556,0.0062309999999999865,2.2857142857142856,1,0.597774361233407,0.5979658458613109,22,control,model-v1,0.597774361233407,synthetic_demo
entity_0059,candidate,2026-08-30 14:19:00+00:00,0.376978,2,5,13,0.3375,0.70393,-0.01114900000000002,0.7142857142857143,0,0.34431823131874845,0.344213279058376,50,control,model-v1,0.34431823131874845,synthetic_demo
entity_0181,company,2026-08-30 14:19:00+00:00,0.621863,4,13,20,0.2923611111111111,0.92619,-0.08389099999999994,1.8571428571428572,1,0.5769171053101816,0.5806526681643259,72,control,model-v1,0.5769171053101816,synthetic_demo
entity_0097,candidate,2026-08-30 14:20:00+00:00,0.527929,3,10,20,0.2222222222222222,0.839958,0.043404,1.4285714285714286,1,0.48116291729646316,0.47827683812937144,70,control,model-v1,0.48116291729646316,synthetic_demo
entity_0178,company,2026-08-30 14:29:00+00:00,0.718837,5,21,41,0.4027777777777778,0.805549,-0.09236600000000006,3.0,0,0.5795217685460707,0.5835969375425847,6,permanent_holdout,non_ml_baseline,0.7621929999999999,synthetic_demo
entity_0162,company,2026-08-30 14:30:00+00:00,0.262636,0,7,10,1.7909722222222222,0.826128,0.04566999999999999,1.0,0,0.3377183959252686,0.3346364680259042,74,control,model-v1,0.3377183959252686,synthetic_demo
entity_0170,company,2026-08-30 14:32:00+00:00,0.881783,4,13,24,0.125,0.387302,0.10545199999999999,1.8571428571428572,0,0.5166585199058101,0.5117010399130212,2,permanent_holdout,non_ml_baseline,0.6345425,synthetic_demo
entity_0135,candidate,2026-08-30 14:39:00+00:00,0.985448,8,23,37,0.03958333333333333,0.460149,-0.00642100000000001,3.2857142857142856,0,0.6155746161792404,0.615890988121575,92,control,model-v1,0.6155746161792404,synthetic_demo
entity_0077,candidate,2026-08-30 14:40:00+00:00,0.692744,6,27,39,0.25,0.894463,-0.121027,3.857142857142857,1,0.6123107819510538,0.6172106640108631,33,control,model-v1,0.6123107819510538,synthetic_demo
entity_0178,company,2026-08-30 14:41:00+00:00,0.832464,6,22,42,0.008333333333333333,0.805549,0.11362700000000003,3.142857142857143,1,0.6426865306779922,0.6367656913315689,6,permanent_holdout,non_ml_baseline,0.8190065,synthetic_demo
entity_0077,candidate,2026-08-30 14:43:00+00:00,0.800498,7,28,40,0.0020833333333333333,0.894463,0.10775400000000002,4.0,1,0.6712645529977392,0.6653610491660054,33,control,model-v1,0.6712645529977392,synthetic_demo
entity_0082,candidate,2026-08-30 14:47:00+00:00,0.945146,4,29,45,0.5180555555555556,0.353741,0.11091100000000009,4.142857142857143,1,0.5469780585974943,0.5412584932734864,41,control,model-v1,0.5469780585974943,synthetic_demo
entity_0033,candidate,2026-08-30 14:53:00+00:00,0.810685,2,9,37,0.025694444444444443,0.760571,-0.08175299999999996,1.2857142857142858,0,0.5870743733525557,0.5917753867504163,20,control,model-v1,0.5870743733525557,synthetic_demo
entity_0134,candidate,2026-08-30 14:54:00+00:00,0.747721,3,16,36,0.1,0.883304,-0.086426,2.2857142857142856,0,0.61375919281985,0.6179104995808156,87,control,model-v1,0.61375919281985,synthetic_demo
entity_0134,candidate,2026-08-30 14:57:00+00:00,0.739353,4,17,37,0.0020833333333333333,0.883304,-0.008367999999999931,2.4285714285714284,0,0.6117072960559874,0.6117968940698185,87,control,model-v1,0.6117072960559874,synthetic_demo
entity_0089,candidate,2026-08-30 15:02:00+00:00,0.928998,3,23,42,0.21597222222222223,0.874239,-0.0042919999999999625,3.2857142857142856,1,0.7101505526656309,0.7104436398393638,26,control,model-v1,0.7101505526656309,synthetic_demo
entity_0196,company,2026-08-30 15:05:00+00:00,0.32462,4,9,16,0.052083333333333336,0.970514,-0.09190899999999996,1.2857142857142858,1,0.4182629412655992,0.4215862139418525,83,control,model-v1,0.4182629412655992,synthetic_demo
entity_0033,candidate,2026-08-30 15:12:00+00:00,0.729097,3,10,38,0.013194444444444444,0.760571,-0.081588,1.4285714285714286,1,0.543774044836729,0.5481514033072177,20,control,model-v1,0.543774044836729,synthetic_demo
entity_0195,company,2026-08-30 15:14:00+00:00,0.812958,4,6,15,0.08611111111111111,0.802905,-0.14454100000000003,0.8571428571428571,1,0.6301818827844984,0.6376679730836865,25,control,model-v1,0.6301818827844984,synthetic_demo
entity_0120,candidate,2026-08-30 15:18:00+00:00,0.868266,2,20,38,0.052083333333333336,0.89865,-0.12628499999999998,2.857142857142857,1,0.6843489074233732,0.6902037324617073,77,control,model-v1,0.6843489074233732,synthetic_demo
entity_0043,candidate,2026-08-30 15:22:00+00:00,0.898271,4,14,32,0.2263888888888889,0.771115,-0.07531199999999993,2.0,1,0.6596515121771029,0.6635500590196802,69,control,model-v1,0.6596515121771029,synthetic_demo
entity_0057,candidate,2026-08-30 15:24:00+00:00,0.831829,3,16,33,0.41805555555555557,0.44916,-0.05427599999999999,2.2857142857142856,1,0.5049772344654591,0.508186673589831,18,challenger,model-v2,0.508186673589831,synthetic_demo
entity_0111,candidate,2026-08-30 15:35:00+00:00,0.989467,5,18,50,0.3680555555555556,0.554652,0.07826199999999994,2.5714285714285716,1,0.6221904849857162,0.6187967051299922,29,control,model-v1,0.6221904849857162,synthetic_demo
entity_0026,candidate,2026-08-30 15:36:00+00:00,1.0,2,6,16,0.5055555555555555,0.52703,0.06850999999999996,0.8571428571428571,1,0.6298011988517067,0.6277922980070688,58,control,model-v1,0.6298011988517067,synthetic_demo
entity_0089,candidate,2026-08-30 15:39:00+00:00,0.780126,4,24,43,0.025694444444444443,0.874239,-0.148872,3.4285714285714284,1,0.6360298576570056,0.6427694684316523,26,control,model-v1,0.6360298576570056,synthetic_demo
entity_0156,company,2026-08-30 15:40:00+00:00,0.159569,0,6,9,4.05625,0.807363,-0.051927,0.8571428571428571,0,0.29363635532590937,0.29476624195574486,15,challenger,model-v2,0.29476624195574486,synthetic_demo
entity_0013,candidate,2026-08-30 15:44:00+00:00,0.88797,5,25,47,0.16666666666666666,0.575491,-0.024401000000000006,3.5714285714285716,1,0.5879686583468617,0.5890575200446311,58,control,model-v1,0.5879686583468617,synthetic_demo
entity_0194,company,2026-08-30 15:46:00+00:00,0.686736,1,8,20,0.3840277777777778,0.937393,-0.14927,1.1428571428571428,1,0.6010887097999141,0.6087814402134145,58,control,model-v1,0.6010887097999141,synthetic_demo
entity_0102,candidate,2026-08-30 15:50:00+00:00,0.659351,1,17,19,0.7444444444444445,0.662814,0.11629800000000001,2.4285714285714284,0,0.5023066180643343,0.49600898756269,32,control,model-v1,0.5023066180643343,synthetic_demo
entity_0179,company,2026-08-30 15:53:00+00:00,0.226675,2,9,13,0.07430555555555556,0.721651,0.090775,1.2857142857142858,1,0.27999071258421726,0.27503308974447016,80,control,model-v1,0.27999071258421726,synthetic_demo
entity_0025,candidate,2026-08-30 15:58:00+00:00,0.580634,4,23,32,0.10416666666666667,0.572241,-0.008518000000000026,3.2857142857142856,1,0.42135855965186486,0.4208255764766651,70,control,model-v1,0.42135855965186486,synthetic_demo
entity_0103,candidate,2026-08-30 16:02:00+00:00,0.956936,7,18,31,0.17222222222222222,0.637277,0.129143,2.5714285714285716,0,0.659353530041924,0.6533511321279637,69,control,model-v1,0.659353530041924,synthetic_demo
entity_0196,company,2026-08-30 16:05:00+00:00,0.389342,5,10,17,0.041666666666666664,0.970514,0.064722,1.4285714285714286,0,0.4585699183232621,0.4538354442561316,83,control,model-v1,0.4585699183232621,synthetic_demo
entity_0033,candidate,2026-08-30 16:11:00+00:00,0.820832,4,11,39,0.04097222222222222,0.760571,0.09173500000000001,1.5714285714285714,1,0.5994708586775147,0.5950884887442529,20,control,model-v1,0.5994708586775147,synthetic_demo
entity_0052,candidate,2026-08-30 16:12:00+00:00,0.36005,0,5,17,1.4805555555555556,0.571215,-0.08840000000000003,0.7142857142857143,1,0.290091972175509,0.2935381676769538,70,control,model-v1,0.290091972175509,synthetic_demo
entity_0043,candidate,2026-08-30 16:13:00+00:00,0.919281,5,15,33,0.035416666666666666,0.771115,0.021009999999999973,2.142857142857143,1,0.6723107940399742,0.671605705954622,69,control,model-v1,0.6723107940399742,synthetic_demo
entity_0003,candidate,2026-08-30 16:20:00+00:00,0.725883,4,19,26,0.5006944444444444,0.649045,0.059037999999999924,2.7142857142857144,1,0.5372982730868451,0.5338441417802589,47,control,model-v1,0.5372982730868451,synthetic_demo
entity_0034,candidate,2026-08-30 16:20:00+00:00,0.182846,0,2,7,3.9097222222222223,0.70669,-0.121782,0.2857142857142857,1,0.2686671970662463,0.2728992428301099,41,control,model-v1,0.2686671970662463,synthetic_demo
entity_0170,company,2026-08-30 16:20:00+00:00,0.887148,5,14,25,0.075,0.387302,0.005365000000000064,2.0,1,0.5228182183137565,0.5229866806241409,2,permanent_holdout,non_ml_baseline,0.637225,synthetic_demo
entity_0023,candidate,2026-08-30 16:31:00+00:00,0.679168,2,8,29,0.25555555555555554,0.551892,-0.14038799999999996,1.1428571428571428,0,0.44190336421865234,0.4494665423992197,23,control,model-v1,0.44190336421865234,synthetic_demo
entity_0116,candidate,2026-08-30 16:43:00+00:00,0.283786,2,5,10,0.5902777777777778,0.450912,-0.021792000000000034,0.7142857142857143,1,0.22709418281469074,0.22727800677985427,61,control,model-v1,0.22709418281469074,synthetic_demo
entity_0187,company,2026-08-30 16:43:00+00:00,0.708122,5,22,27,0.1597222222222222,0.979069,-4.000000000004e-06,3.142857142857143,1,0.6526312191138629,0.651862413223885,6,permanent_holdout,non_ml_baseline,0.8435954999999999,synthetic_demo
entity_0057,candidate,2026-08-30 16:48:00+00:00,0.850525,4,17,33,0.058333333333333334,0.44916,0.018695999999999935,2.4285714285714284,1,0.5178582671017864,0.5171397945953021,18,challenger,model-v2,0.5171397945953021,synthetic_demo
entity_0166,company,2026-08-30 16:48:00+00:00,0.979683,4,19,47,0.10902777777777778,0.627337,0.024924999999999975,2.7142857142857144,1,0.6434976810704427,0.6427630145200554,73,control,model-v1,0.6434976810704427,synthetic_demo
entity_0146,company,2026-08-30 16:52:00+00:00,0.818768,4,15,29,0.22291666666666668,0.812222,-0.054571999999999954,2.142857142857143,1,0.6368929028459431,0.6395932896955848,96,control,model-v1,0.6368929028459431,synthetic_demo
entity_0146,company,2026-08-30 17:04:00+00:00,0.848752,5,16,30,0.008333333333333333,0.812222,0.0299839999999999,2.2857142857142856,1,0.6545239356594194,0.653094330641285,96,control,model-v1,0.6545239356594194,synthetic_demo
entity_0151,company,2026-08-30 17:05:00+00:00,0.755873,1,12,26,0.5972222222222222,0.857793,0.012147000000000019,1.7142857142857142,1,0.6118857854885579,0.6115432320367395,74,control,model-v1,0.6118857854885579,synthetic_demo
entity_0053,candidate,2026-08-30 17:17:00+00:00,0.7481,4,24,35,0.19236111111111112,0.392836,-0.08746100000000001,3.4285714285714284,0,0.44848613540050136,0.45267014821931145,85,control,model-v1,0.44848613540050136,synthetic_demo
entity_0067,candidate,2026-08-30 17:19:00+00:00,0.329199,1,7,13,0.2548611111111111,0.733388,-0.12188099999999996,1.0,1,0.3298139283055142,0.3347423005476855,67,control,model-v1,0.3298139283055142,synthetic_demo
entity_0082,candidate,2026-08-30 17:29:00+00:00,0.792565,5,30,45,0.1125,0.353741,-0.15258100000000008,4.285714285714286,0,0.4602245618144201,0.46762252102941115,41,control,model-v1,0.4602245618144201,synthetic_demo
entity_0023,candidate,2026-08-30 17:31:00+00:00,0.764481,3,9,30,0.041666666666666664,0.551892,0.08531299999999997,1.2857142857142858,1,0.4930674067888016,0.4889775039376289,23,control,model-v1,0.4930674067888016,synthetic_demo
entity_0010,candidate,2026-08-30 17:44:00+00:00,0.646702,4,18,34,0.44722222222222224,0.826775,0.05620599999999998,2.5714285714285716,0,0.5468983085576268,0.5432875622910129,50,control,model-v1,0.5468983085576268,synthetic_demo
entity_0198,company,2026-08-30 17:45:00+00:00,0.781417,4,15,29,0.47638888888888886,0.843666,-0.13768999999999998,2.142857142857143,1,0.6296054353041733,0.6362516764555319,18,challenger,model-v2,0.6362516764555319,synthetic_demo
entity_0119,candidate,2026-08-30 17:50:00+00:00,0.67962,2,19,34,0.21666666666666667,0.757125,0.06393400000000005,2.7142857142857144,0,0.5340713898103263,0.5303664852878177,91,control,model-v1,0.5340713898103263,synthetic_demo
entity_0151,company,2026-08-30 17:50:00+00:00,0.742938,2,12,27,0.03125,0.857793,-0.01293500000000003,1.7142857142857142,1,0.602254604085246,0.6030336663568946,74,control,model-v1,0.602254604085246,synthetic_demo
entity_0084,candidate,2026-08-30 17:54:00+00:00,0.779608,3,13,31,0.5034722222222222,0.886024,-0.10440900000000009,1.8571428571428572,1,0.6354873113000066,0.6406359260869859,99,control,model-v1,0.6354873113000066,synthetic_demo
entity_0110,candidate,2026-08-30 18:06:00+00:00,0.583891,3,15,21,0.6138888888888889,0.976177,-0.04173399999999994,2.142857142857143,0,0.5759655519250154,0.577400097951424,43,control,model-v1,0.5759655519250154,synthetic_demo
entity_0071,candidate,2026-08-30 18:07:00+00:00,1.0,5,25,52,0.49027777777777776,0.794835,0.15256999999999998,3.5714285714285716,1,0.7182067955797236,0.7117388590641227,19,challenger,model-v2,0.7117388590641227,synthetic_demo
entity_0195,company,2026-08-30 18:09:00+00:00,0.81045,5,6,16,0.12152777777777778,0.802905,-0.0025079999999999547,0.8571428571428571,1,0.6305256337192574,0.6309628920774163,25,control,model-v1,0.6305256337192574,synthetic_demo
entity_0097,candidate,2026-08-30 18:12:00+00:00,0.578592,4,11,21,0.16111111111111112,0.839958,0.050663000000000014,1.5714285714285714,0,0.5135614795979684,0.5103061252771017,70,control,model-v1,0.5135614795979684,synthetic_demo
entity_0032,candidate,2026-08-30 18:18:00+00:00,0.838581,0,7,29,1.8263888888888888,0.476883,-0.14276,1.0,1,0.5096768723413493,0.5182742385054468,65,control,model-v1,0.5096768723413493,synthetic_demo
entity_0134,candidate,2026-08-30 18:18:00+00:00,0.806432,5,17,37,0.13958333333333334,0.883304,0.067079,2.4285714285714284,1,0.6515072387199405,0.6480829237219473,87,control,model-v1,0.6515072387199405,synthetic_demo
entity_0032,candidate,2026-08-30 18:20:00+00:00,0.90686,1,8,30,0.001388888888888889,0.476883,0.06827899999999998,1.1428571428571428,1,0.5393268352347316,0.5369367752768553,65,control,model-v1,0.5393268352347316,synthetic_demo
entity_0090,candidate,2026-08-30 18:20:00+00:00,0.782964,3,14,27,0.22083333333333333,0.460823,-0.06790200000000002,2.0,0,0.4833372600792212,0.4871850854365719,33,control,model-v1,0.4833372600792212,synthetic_demo
entity_0096,candidate,2026-08-30 18:29:00+00:00,0.561931,2,2,8,0.3909722222222222,0.832947,0.002402999999999933,0.2857142857142857,1,0.496742765441354,0.4966086513977187,81,control,model-v1,0.496742765441354,synthetic_demo
entity_0034,candidate,2026-08-30 18:33:00+00:00,0.138326,1,3,8,0.09236111111111112,0.70669,-0.044520000000000004,0.42857142857142855,0,0.23093702294127955,0.2316746099254301,41,control,model-v1,0.23093702294127955,synthetic_demo
entity_0049,candidate,2026-08-30 18:45:00+00:00,0.733642,4,21,37,0.33125,0.578951,-0.152405,3.0,0,0.5039331066344862,0.5115622680081203,37,control,model-v1,0.5039331066344862,synthetic_demo
entity_0068,candidate,2026-08-30 18:46:00+00:00,0.524278,0,15,25,1.1652777777777779,0.497299,-0.008494000000000002,2.142857142857143,1,0.3541231621016033,0.35421436548543317,3,permanent_holdout,non_ml_baseline,0.5107885,synthetic_demo
entity_0037,candidate,2026-08-30 18:55:00+00:00,0.867705,4,28,57,0.3298611111111111,0.890078,-0.07645200000000008,4.0,1,0.6802639225619181,0.6833822080898724,94,control,model-v1,0.6802639225619181,synthetic_demo
entity_0004,candidate,2026-08-30 18:59:00+00:00,0.769269,5,12,40,0.4888888888888889,0.421875,-0.10836999999999997,1.7142857142857142,1,0.44843687259916126,0.4542050954537773,43,control,model-v1,0.44843687259916126,synthetic_demo
entity_0178,company,2026-08-30 19:03:00+00:00,0.709649,6,23,42,0.18194444444444444,0.805549,-0.12281500000000001,3.2857142857142856,1,0.5778762039281222,0.5832899047159178,6,permanent_holdout,non_ml_baseline,0.7575989999999999,synthetic_demo
entity_0005,candidate,2026-08-30 19:04:00+00:00,0.550533,0,5,6,3.170138888888889,0.703408,0.05591900000000005,0.7142857142857143,1,0.4635048560340438,0.4606447871510958,40,control,model-v1,0.4635048560340438,synthetic_demo
entity_0033,candidate,2026-08-30 19:07:00+00:00,0.893103,5,12,38,0.12222222222222222,0.760571,0.07227099999999997,1.7142857142857142,1,0.6450210854124431,0.6418612253674764,20,control,model-v1,0.6450210854124431,synthetic_demo
entity_0026,candidate,2026-08-30 19:10:00+00:00,0.927302,3,7,16,0.1486111111111111,0.52703,-0.07269800000000004,1.0,1,0.5915947987159031,0.5963053480407117,58,control,model-v1,0.5915947987159031,synthetic_demo
entity_0053,candidate,2026-08-30 19:10:00+00:00,0.757866,5,25,34,0.07847222222222222,0.392836,0.009766000000000052,3.5714285714285716,0,0.4591341376758592,0.4581267115796226,85,control,model-v1,0.4591341376758592,synthetic_demo
entity_0018,candidate,2026-08-30 19:16:00+00:00,0.231061,1,3,8,0.6111111111111112,0.622119,-0.135638,0.42857142857142855,0,0.24947435966768133,0.2541359302116638,27,control,model-v1,0.24947435966768133,synthetic_demo
entity_0194,company,2026-08-30 19:19:00+00:00,0.735746,2,8,21,0.14791666666666667,0.937393,0.04901,1.1428571428571428,1,0.6279129905819332,0.6257324369267663,58,control,model-v1,0.6279129905819332,synthetic_demo
entity_0046,candidate,2026-08-30 19:21:00+00:00,0.516504,0,4,11,5.180555555555555,0.767846,-0.10984100000000008,0.5714285714285714,1,0.4749544955563683,0.4806594556306105,15,challenger,model-v2,0.4806594556306105,synthetic_demo
entity_0156,company,2026-08-30 19:25:00+00:00,0.239831,1,7,10,0.15625,0.807363,0.080262,1.0,1,0.31178298645661157,0.30714325981753354,15,challenger,model-v2,0.30714325981753354,synthetic_demo
entity_0032,candidate,2026-08-30 19:30:00+00:00,0.845683,2,9,31,0.04861111111111111,0.476883,-0.06117700000000004,1.2857142857142858,0,0.5076212852488192,0.5116651288261405,65,control,model-v1,0.5076212852488192,synthetic_demo
entity_0139,candidate,2026-08-30 19:33:00+00:00,0.522796,1,9,11,0.25416666666666665,0.623747,-0.01592299999999991,1.2857142857142858,1,0.4008951572198319,0.40147040194528383,60,control,model-v1,0.4008951572198319,synthetic_demo
entity_0119,candidate,2026-08-30 19:36:00+00:00,0.661789,3,20,35,0.07361111111111111,0.757125,-0.01783100000000004,2.857142857142857,1,0.5261091712325753,0.5264764177208985,91,control,model-v1,0.5261091712325753,synthetic_demo
entity_0082,candidate,2026-08-30 19:39:00+00:00,0.807398,5,31,46,0.09027777777777778,0.353741,0.014832999999999985,4.428571428571429,0,0.46924647771053213,0.4678807575583073,41,control,model-v1,0.46924647771053213,synthetic_demo
entity_0090,candidate,2026-08-30 19:43:00+00:00,0.771356,4,15,27,0.05763888888888889,0.460823,-0.011607999999999952,2.142857142857143,1,0.48005962049026063,0.48075284715427913,33,control,model-v1,0.48005962049026063,synthetic_demo
entity_0013,candidate,2026-08-30 19:49:00+00:00,1.0,6,26,48,0.1701388888888889,0.575491,0.11202999999999996,3.7142857142857144,1,0.6524330896559115,0.6471222539827778,58,control,model-v1,0.6524330896559115,synthetic_demo
entity_0005,candidate,2026-08-30 19:53:00+00:00,0.605184,1,6,7,0.034027777777777775,0.703408,0.054651000000000005,0.8571428571428571,0,0.4756683946591092,0.47293790737149005,40,control,model-v1,0.4756683946591092,synthetic_demo
entity_0102,candidate,2026-08-30 19:55:00+00:00,0.585742,2,18,20,0.1701388888888889,0.662814,-0.07360900000000004,2.5714285714285716,1,0.4588377879735234,0.46211733541968036,32,control,model-v1,0.4588377879735234,synthetic_demo
entity_0140,candidate,2026-08-30 20:04:00+00:00,0.628433,3,10,19,0.4847222222222222,0.390089,-0.07797699999999996,1.4285714285714286,0,0.37377190400373966,0.37759820807339806,78,control,model-v1,0.37377190400373966,synthetic_demo
entity_0074,candidate,2026-08-30 20:11:00+00:00,0.576843,3,14,16,0.44375,0.915232,0.016005000000000047,2.0,1,0.5521127871837385,0.5506167678219447,74,control,model-v1,0.5521127871837385,synthetic_demo
entity_0049,candidate,2026-08-30 20:14:00+00:00,0.731493,4,22,38,0.06180555555555556,0.578951,-0.0021490000000000675,3.142857142857143,1,0.5013217058603247,0.5009939516031072,37,control,model-v1,0.5013217058603247,synthetic_demo
entity_0063,candidate,2026-08-30 20:18:00+00:00,0.327672,3,3,5,0.4673611111111111,0.369204,0.069913,0.42857142857142855,0,0.2261955168442303,0.22313810482838867,40,control,model-v1,0.2261955168442303,synthetic_demo
entity_0090,candidate,2026-08-30 20:28:00+00:00,0.919383,5,16,28,0.03125,0.460823,0.1480269999999999,2.2857142857142856,1,0.5688523763679195,0.5616145858680156,33,control,model-v1,0.5688523763679195,synthetic_demo
entity_0006,candidate,2026-08-30 20:33:00+00:00,0.481043,0,3,16,5.3069444444444445,0.463566,-0.08565,0.42857142857142855,1,0.33719037344292857,0.3412534785609254,39,control,model-v1,0.33719037344292857,synthetic_demo
entity_0026,candidate,2026-08-30 20:37:00+00:00,0.97131,4,8,17,0.06041666666666667,0.52703,0.04400800000000005,1.1428571428571428,1,0.6186785356251051,0.6174827008685329,58,control,model-v1,0.6186785356251051,synthetic_demo
entity_0025,candidate,2026-08-30 20:41:00+00:00,0.563777,4,23,32,0.19652777777777777,0.572241,-0.01685700000000001,3.2857142857142856,1,0.41249130545863416,0.41233034194339635,70,control,model-v1,0.41249130545863416,synthetic_demo
entity_0139,candidate,2026-08-30 20:44:00+00:00,0.618838,2,10,12,0.049305555555555554,0.623747,0.09604199999999996,1.4285714285714286,1,0.4573973321893535,0.4523157716153405,60,control,model-v1,0.4573973321893535,synthetic_demo
entity_0156,company,2026-08-30 20:51:00+00:00,0.282627,2,8,11,0.059722222222222225,0.807363,0.04279600000000003,1.1428571428571428,1,0.3359316902173424,0.3328455983941891,15,challenger,model-v2,0.3328455983941891,synthetic_demo
entity_0103,candidate,2026-08-30 21:03:00+00:00,0.960006,6,19,32,0.20902777777777778,0.637277,0.003070000000000017,2.7142857142857144,1,0.6592246934658954,0.6592757342266318,69,control,model-v1,0.6592246934658954,synthetic_demo
entity_0019,candidate,2026-08-30 21:15:00+00:00,0.191232,2,8,12,0.475,0.550086,-0.021068999999999977,1.1428571428571428,0,0.2176224495653101,0.2174310654482708,8,permanent_holdout,non_ml_baseline,0.37065899999999996,synthetic_demo
entity_0094,candidate,2026-08-30 21:16:00+00:00,0.6879,4,19,37,0.29375,0.607268,-0.162196,2.7142857142857144,0,0.4841908893106655,0.4922557100652171,86,control,model-v1,0.4841908893106655,synthetic_demo
entity_0157,company,2026-08-30 21:16:00+00:00,0.745509,2,10,20,0.3715277777777778,0.724008,0.067442,1.4285714285714286,0,0.5613024571466048,0.5581007830514373,2,permanent_holdout,non_ml_baseline,0.7347585,synthetic_demo
entity_0090,candidate,2026-08-30 21:20:00+00:00,0.886076,6,17,29,0.03611111111111111,0.460823,-0.033306999999999976,2.4285714285714284,0,0.5531893425274906,0.555078775748779,33,control,model-v1,0.5531893425274906,synthetic_demo
entity_0103,candidate,2026-08-30 21:28:00+00:00,0.856264,7,20,33,0.017361111111111112,0.637277,-0.103742,2.857142857142857,0,0.6050995739265512,0.6100335333926271,69,control,model-v1,0.6050995739265512,synthetic_demo
entity_0052,candidate,2026-08-30 21:37:00+00:00,0.293526,1,5,18,0.22569444444444445,0.571215,-0.06652399999999997,0.7142857142857143,0,0.2534951201331997,0.2555437078410747,70,control,model-v1,0.2534951201331997,synthetic_demo
entity_0120,candidate,2026-08-30 21:38:00+00:00,0.846387,3,21,36,0.2638888888888889,0.89865,-0.021878999999999982,3.0,1,0.6808623307453017,0.6818012469931817,77,control,model-v1,0.6808623307453017,synthetic_demo
entity_0144,company,2026-08-30 21:46:00+00:00,0.464745,1,6,14,0.5784722222222223,0.774807,0.17777700000000002,0.8571428571428571,0,0.4173643337860795,0.40792095124750993,28,control,model-v1,0.4173643337860795,synthetic_demo
entity_0142,company,2026-08-30 21:52:00+00:00,0.884445,4,17,24,0.5472222222222223,0.414668,0.07874500000000006,2.4285714285714284,1,0.5390750361278859,0.5353429586817974,30,control,model-v1,0.5390750361278859,synthetic_demo
entity_0102,candidate,2026-08-30 22:10:00+00:00,0.565046,2,19,21,0.09375,0.662814,-0.020695999999999937,2.7142857142857144,0,0.44696922043604115,0.4473643117005869,32,control,model-v1,0.44696922043604115,synthetic_demo
entity_0131,candidate,2026-08-30 22:11:00+00:00,0.392712,4,6,11,0.6993055555555555,0.646439,0.043677999999999995,0.8571428571428571,0,0.3441309094528709,0.34125688389666414,24,control,model-v1,0.3441309094528709,synthetic_demo
entity_0140,candidate,2026-08-30 22:26:00+00:00,0.63795,3,10,20,0.09861111111111111,0.390089,0.009516999999999998,1.4285714285714286,1,0.3751419297095782,0.37468319734521455,78,control,model-v1,0.3751419297095782,synthetic_demo
entity_0006,candidate,2026-08-30 22:33:00+00:00,0.433247,1,4,17,0.08333333333333333,0.463566,-0.047796000000000005,0.5714285714285714,1,0.28367989473242106,0.2855477456264959,39,control,model-v1,0.28367989473242106,synthetic_demo
entity_0088,candidate,2026-08-30 22:34:00+00:00,0.826001,3,15,37,0.3451388888888889,0.64556,-0.054513000000000034,2.142857142857143,1,0.5687801933109664,0.571861667472976,22,control,model-v1,0.5687801933109664,synthetic_demo
entity_0160,company,2026-08-30 22:35:00+00:00,0.353624,2,9,11,0.7625,0.746771,-0.08153900000000003,1.2857142857142858,1,0.3587061675977982,0.3617439244912396,73,control,model-v1,0.3587061675977982,synthetic_demo
entity_0005,candidate,2026-08-30 22:36:00+00:00,0.447625,2,7,7,0.11319444444444444,0.703408,-0.15755900000000006,1.0,1,0.39110205774845064,0.39849988991389773,40,control,model-v1,0.39110205774845064,synthetic_demo
entity_0030,candidate,2026-08-30 23:03:00+00:00,0.331631,3,10,21,0.39652777777777776,0.913777,0.07408399999999998,1.4285714285714286,0,0.39680489171180533,0.3918246712739119,6,permanent_holdout,non_ml_baseline,0.6227039999999999,synthetic_demo
entity_0058,candidate,2026-08-30 23:05:00+00:00,0.576334,1,8,12,0.41805555555555557,0.410471,0.017885999999999957,1.1428571428571428,0,0.35193825678295393,0.35117210831450507,37,control,model-v1,0.35193825678295393,synthetic_demo
entity_0037,candidate,2026-08-30 23:09:00+00:00,0.892005,5,28,58,0.1763888888888889,0.890078,0.0243000000000001,4.0,1,0.6927994804351558,0.6913198924047281,94,control,model-v1,0.6927994804351558,synthetic_demo
entity_0139,candidate,2026-08-30 23:12:00+00:00,0.505219,3,11,13,0.10277777777777777,0.623747,-0.11361900000000003,1.5714285714285714,0,0.3965923782326635,0.4017439424465397,60,control,model-v1,0.3965923782326635,synthetic_demo
entity_0166,company,2026-08-30 23:15:00+00:00,0.975421,5,20,45,0.26875,0.627337,-0.004261999999999988,2.857142857142857,1,0.6488318172605826,0.6493445571517241,73,control,model-v1,0.6488318172605826,synthetic_demo
entity_0180,company,2026-08-30 23:20:00+00:00,0.234438,1,5,9,0.8131944444444444,0.609243,-0.15665500000000002,0.7142857142857143,1,0.2502154044594837,0.25566866338457817,61,control,model-v1,0.2502154044594837,synthetic_demo
entity_0181,company,2026-08-30 23:20:00+00:00,0.650639,5,13,21,0.37569444444444444,0.92619,0.028775999999999913,1.8571428571428572,1,0.5952534507609953,0.5932147310728646,72,control,model-v1,0.5952534507609953,synthetic_demo
entity_0067,candidate,2026-08-30 23:26:00+00:00,0.343886,2,8,14,0.2548611111111111,0.733388,0.014687000000000006,1.1428571428571428,0,0.34046642042853614,0.33890334214087414,67,control,model-v1,0.34046642042853614,synthetic_demo
entity_0121,candidate,2026-08-30 23:28:00+00:00,0.433838,1,12,24,0.7826388888888889,0.874267,0.13800400000000002,1.7142857142857142,0,0.43713840731768827,0.4291954521758612,36,control,model-v1,0.43713840731768827,synthetic_demo
entity_0071,candidate,2026-08-30 23:29:00+00:00,0.9829,3,24,51,0.22361111111111112,0.794835,-0.017100000000000004,3.4285714285714284,1,0.7033128827940115,0.7043208509058404,19,challenger,model-v2,0.7043208509058404,synthetic_demo
entity_0181,company,2026-08-30 23:33:00+00:00,0.759224,6,14,22,0.009027777777777777,0.92619,0.10858500000000004,2.0,0,0.6549915321000777,0.6494584172266565,72,control,model-v1,0.6549915321000777,synthetic_demo
entity_0020,candidate,2026-08-30 23:34:00+00:00,0.734008,5,16,28,0.47708333333333336,0.73303,-0.008740999999999999,2.2857142857142856,0,0.5683205120679299,0.5684254949355586,40,control,model-v1,0.5683205120679299,synthetic_demo
entity_0166,company,2026-08-30 23:34:00+00:00,1.0,6,21,45,0.013194444444444444,0.627337,0.024579000000000018,3.0,1,0.664226861873718,0.6633116442032206,73,control,model-v1,0.664226861873718,synthetic_demo
entity_0157,company,2026-08-30 23:38:00+00:00,0.688239,3,11,20,0.09861111111111111,0.724008,-0.05726999999999993,1.5714285714285714,0,0.5309529137555938,0.5339098907316335,2,permanent_holdout,non_ml_baseline,0.7061235,synthetic_demo
entity_0071,candidate,2026-08-30 23:40:00+00:00,0.981019,4,25,52,0.007638888888888889,0.794835,-0.0018810000000000215,3.5714285714285716,1,0.7039328815115247,0.7041392667456278,19,challenger,model-v2,0.7041392667456278,synthetic_demo
entity_0023,candidate,2026-08-30 23:41:00+00:00,0.808274,4,8,28,0.2569444444444444,0.551892,0.04379300000000008,1.1428571428571428,1,0.5235118383112444,0.521691264519716,23,control,model-v1,0.5235118383112444,synthetic_demo
entity_0005,candidate,2026-08-30 23:59:00+00:00,0.551039,3,8,8,0.05763888888888889,0.703408,0.10341399999999995,1.1428571428571428,1,0.4525776746610372,0.4468347234074129,40,control,model-v1,0.4525776746610372,synthetic_demo
