entity_id,prediction_time,future_horizon_end,churn_label,variant,model_score,baseline_score,model_positive,baseline_positive
candidate_056,2026-03-19 20:50:27+00:00,2026-04-02 20:50:27+00:00,0,control,0.000702569821244817,0.0,0,0
company_028,2026-03-19 20:51:43+00:00,2026-04-02 20:51:43+00:00,0,control,0.7306049840014198,0.0,0,0
candidate_003,2026-03-19 21:04:12+00:00,2026-04-02 21:04:12+00:00,0,control,0.005105899706176708,0.0,0,0
candidate_041,2026-03-19 21:05:40+00:00,2026-04-02 21:05:40+00:00,0,treatment,0.8988503094389092,0.0,1,0
candidate_051,2026-03-19 21:08:36+00:00,2026-04-02 21:08:36+00:00,0,control,0.3481767519472989,0.0,0,0
candidate_009,2026-03-19 21:09:00+00:00,2026-04-02 21:09:00+00:00,0,treatment,2.176364898642225e-05,0.0,0,0
candidate_008,2026-03-19 21:29:57+00:00,2026-04-02 21:29:57+00:00,0,control,0.26155155532792407,0.0,0,0
candidate_065,2026-03-19 21:38:19+00:00,2026-04-02 21:38:19+00:00,0,control,0.011122856845067548,0.0,0,0
candidate_065,2026-03-19 21:45:15+00:00,2026-04-02 21:45:15+00:00,0,control,0.005678956209390201,0.0,0,0
candidate_047,2026-03-19 21:45:31+00:00,2026-04-02 21:45:31+00:00,0,treatment,0.0006233982040760876,0.0,0,0
company_012,2026-03-19 21:47:35+00:00,2026-04-02 21:47:35+00:00,0,control,0.8743528357924426,0.0,0,0
company_022,2026-03-19 21:52:24+00:00,2026-04-02 21:52:24+00:00,0,treatment,1.8360149139213542e-05,0.0,0,0
candidate_009,2026-03-19 21:54:43+00:00,2026-04-02 21:54:43+00:00,0,treatment,1.1191256333044619e-05,0.0,0,0
company_023,2026-03-19 21:56:37+00:00,2026-04-02 21:56:37+00:00,0,control,0.75894067538951,0.0,0,0
company_015,2026-03-20 08:02:19+00:00,2026-04-03 08:02:19+00:00,0,control,0.01429699463265874,0.0,0,0
candidate_018,2026-03-20 08:06:03+00:00,2026-04-03 08:06:03+00:00,0,control,0.7957464377813492,0.0,0,0
candidate_066,2026-03-20 08:14:53+00:00,2026-04-03 08:14:53+00:00,0,control,0.31898376233450715,0.0,0,0
company_015,2026-03-20 08:19:29+00:00,2026-04-03 08:19:29+00:00,0,control,0.007311049781747969,0.0,0,0
candidate_065,2026-03-20 08:40:47+00:00,2026-04-03 08:40:47+00:00,0,control,0.011872636673809962,0.0,0,0
candidate_045,2026-03-20 08:43:34+00:00,2026-04-03 08:43:34+00:00,0,control,0.9122604631901473,0.0,1,0
company_012,2026-03-20 09:22:09+00:00,2026-04-03 09:22:09+00:00,0,control,0.9002350838822804,0.0,1,0
candidate_060,2026-03-20 09:29:57+00:00,2026-04-03 09:29:57+00:00,0,control,0.8812306981906418,0.0,0,0
company_013,2026-03-20 09:39:46+00:00,2026-04-03 09:39:46+00:00,0,treatment,0.9710530289389945,0.0,1,0
candidate_009,2026-03-20 10:06:13+00:00,2026-04-03 10:06:13+00:00,0,treatment,2.8221037063272386e-05,0.0,0,0
company_018,2026-03-20 10:36:31+00:00,2026-04-03 10:36:31+00:00,0,treatment,0.00018701637627602187,0.0,0,0
candidate_069,2026-03-20 10:46:10+00:00,2026-04-03 10:46:10+00:00,0,control,0.0006556169621001548,0.0,0,0
candidate_059,2026-03-20 10:55:58+00:00,2026-04-03 10:55:58+00:00,0,treatment,0.00022013056954413852,0.0,0,0
company_008,2026-03-20 10:58:04+00:00,2026-04-03 10:58:04+00:00,0,control,0.007670732402071426,0.0,0,0
candidate_043,2026-03-20 10:58:56+00:00,2026-04-03 10:58:56+00:00,0,control,0.9097085981224309,0.0,1,0
company_008,2026-03-20 11:04:05+00:00,2026-04-03 11:04:05+00:00,0,control,0.003909737558630972,0.0,0,0
candidate_036,2026-03-20 11:04:36+00:00,2026-04-03 11:04:36+00:00,0,control,0.6937942455375293,0.0,0,0
candidate_047,2026-03-20 11:04:52+00:00,2026-04-03 11:04:52+00:00,0,treatment,0.0008082194232430283,0.0,0,0
candidate_018,2026-03-20 11:17:38+00:00,2026-04-03 11:17:38+00:00,0,control,0.6642281243722449,0.0,0,0
company_012,2026-03-20 11:24:18+00:00,2026-04-03 11:24:18+00:00,0,control,0.8226959257871697,0.0,0,0
company_022,2026-03-20 11:34:13+00:00,2026-04-03 11:34:13+00:00,0,treatment,0.00017729573001313393,0.0,0,0
candidate_024,2026-03-20 11:40:22+00:00,2026-04-03 11:40:22+00:00,0,treatment,0.19566728243893944,0.0,0,0
candidate_026,2026-03-20 11:52:02+00:00,2026-04-03 11:52:02+00:00,0,treatment,0.6833233887444025,0.0,0,0
candidate_043,2026-03-20 11:52:51+00:00,2026-04-03 11:52:51+00:00,0,control,0.8364923142817026,0.0,0,0
company_007,2026-03-20 11:55:35+00:00,2026-04-03 11:55:35+00:00,0,control,0.5458706788310735,0.0,0,0
company_001,2026-03-20 12:05:37+00:00,2026-04-03 12:05:37+00:00,0,treatment,0.001612904503265022,0.0,0,0
company_019,2026-03-20 12:10:45+00:00,2026-04-03 12:10:45+00:00,0,treatment,0.018782516390293953,0.0,0,0
candidate_059,2026-03-20 12:14:37+00:00,2026-04-03 12:14:37+00:00,0,treatment,0.0001117880286484279,0.0,0,0
candidate_033,2026-03-20 12:15:42+00:00,2026-04-03 12:15:42+00:00,0,treatment,0.0013025116686557238,0.0,0,0
candidate_003,2026-03-20 12:16:23+00:00,2026-04-03 12:16:23+00:00,0,control,0.01277651544405386,0.0,0,0
candidate_033,2026-03-20 12:29:38+00:00,2026-04-03 12:29:38+00:00,0,treatment,0.0006618019353485817,0.0,0,0
candidate_018,2026-03-20 12:34:23+00:00,2026-04-03 12:34:23+00:00,0,control,0.5011172259993936,0.0,0,0
company_024,2026-03-20 12:35:50+00:00,2026-04-03 12:35:50+00:00,0,control,0.009532169784628845,0.0,0,0
candidate_014,2026-03-20 12:44:10+00:00,2026-04-03 12:44:10+00:00,0,treatment,0.801447780746022,0.0,0,0
candidate_045,2026-03-20 12:50:47+00:00,2026-04-03 12:50:47+00:00,0,control,0.8709961615813048,0.0,0,0
candidate_043,2026-03-20 12:51:10+00:00,2026-04-03 12:51:10+00:00,0,control,0.7220458730211539,0.0,0,0
candidate_065,2026-03-20 13:03:44+00:00,2026-04-03 13:03:44+00:00,0,control,0.008690201545295569,0.0,0,0
company_007,2026-03-20 13:06:16+00:00,2026-04-03 13:06:16+00:00,0,control,0.4975399411980492,0.0,0,0
company_019,2026-03-20 13:15:53+00:00,2026-04-03 13:15:53+00:00,0,treatment,0.009626214061231896,0.0,0,0
candidate_019,2026-03-20 13:24:19+00:00,2026-04-03 13:24:19+00:00,0,control,0.8407512210795103,0.0,0,0
candidate_059,2026-03-20 13:25:44+00:00,2026-04-03 13:25:44+00:00,0,treatment,5.676584085891337e-05,0.0,0,0
company_021,2026-03-20 13:26:17+00:00,2026-04-03 13:26:17+00:00,0,treatment,0.8903504466544172,0.0,0,0
candidate_069,2026-03-20 13:38:01+00:00,2026-04-03 13:38:01+00:00,0,control,0.00040421378470933766,0.0,0,0
candidate_055,2026-03-20 13:41:50+00:00,2026-04-03 13:41:50+00:00,0,treatment,0.023448778039305163,0.0,0,0
candidate_033,2026-03-20 13:44:47+00:00,2026-04-03 13:44:47+00:00,0,treatment,0.00033615332456668256,0.0,0,0
candidate_014,2026-03-20 13:55:09+00:00,2026-04-03 13:55:09+00:00,0,treatment,0.7238440379011744,0.0,0,0
company_024,2026-03-20 14:00:33+00:00,2026-04-03 14:00:33+00:00,0,control,0.006210632525058965,0.0,0,0
candidate_047,2026-03-20 14:01:53+00:00,2026-04-03 14:01:53+00:00,0,treatment,0.000410553701978914,0.0,0,0
candidate_017,2026-03-20 14:16:47+00:00,2026-04-03 14:16:47+00:00,0,treatment,0.24638569633786514,0.0,0,0
candidate_056,2026-03-20 14:18:35+00:00,2026-04-03 14:18:35+00:00,0,control,0.001514530940076543,0.0,0,0
company_008,2026-03-20 14:27:32+00:00,2026-04-03 14:27:32+00:00,0,control,0.0012805810360635025,0.0,0,0
candidate_003,2026-03-20 14:29:34+00:00,2026-04-03 14:29:34+00:00,0,control,0.021375923197273734,0.0,0,0
candidate_065,2026-03-20 14:47:53+00:00,2026-04-03 14:47:53+00:00,0,control,0.004431588617060639,0.0,0,0
candidate_017,2026-03-20 14:49:03+00:00,2026-04-03 14:49:03+00:00,0,treatment,0.09540289499698607,0.0,0,0
candidate_059,2026-03-20 14:56:25+00:00,2026-04-03 14:56:25+00:00,0,treatment,2.8824852285867227e-05,0.0,0,0
candidate_070,2026-03-20 15:02:43+00:00,2026-04-03 15:02:43+00:00,0,control,7.63985146173909e-05,0.0,0,0
company_027,2026-03-20 15:02:57+00:00,2026-04-03 15:02:57+00:00,0,treatment,0.8396160549961119,0.0,0,0
candidate_003,2026-03-20 15:06:51+00:00,2026-04-03 15:06:51+00:00,0,control,0.010969492909809848,0.0,0,0
candidate_005,2026-03-20 15:20:07+00:00,2026-04-03 15:20:07+00:00,0,control,0.01638468263187802,0.0,0,0
candidate_070,2026-03-20 15:25:41+00:00,2026-04-03 15:25:41+00:00,0,control,3.879440782538144e-05,0.0,0,0
company_001,2026-03-20 15:29:55+00:00,2026-04-03 15:29:55+00:00,0,treatment,0.0008196368314021989,0.0,0,0
company_019,2026-03-20 15:47:02+00:00,2026-04-03 15:47:02+00:00,0,treatment,0.004911182852524233,0.0,0,0
candidate_036,2026-03-20 15:48:08+00:00,2026-04-03 15:48:08+00:00,1,control,0.5349910617088293,0.0,0,0
candidate_032,2026-03-20 15:53:05+00:00,2026-04-03 15:53:05+00:00,0,treatment,0.8619042493586629,0.0,0,0
company_015,2026-03-20 15:56:23+00:00,2026-04-03 15:56:23+00:00,0,control,0.015718056925917906,0.0,0,0
candidate_060,2026-03-20 16:03:40+00:00,2026-04-03 16:03:40+00:00,0,control,0.7992854440865732,0.0,0,0
candidate_009,2026-03-20 16:14:53+00:00,2026-04-03 16:14:53+00:00,0,treatment,4.5210492029738136e-05,0.0,0,0
candidate_003,2026-03-20 16:20:49+00:00,2026-04-03 16:20:49+00:00,0,control,0.005670868364173826,0.0,0,0
company_019,2026-03-20 16:50:23+00:00,2026-04-03 16:50:23+00:00,0,treatment,0.0024997992308065475,0.0,0,0
candidate_033,2026-03-20 16:54:28+00:00,2026-04-03 16:54:28+00:00,0,treatment,0.00028760647530632445,0.0,0,0
candidate_032,2026-03-20 17:03:40+00:00,2026-04-03 17:03:40+00:00,0,treatment,0.7601445464800916,0.0,0,0
candidate_059,2026-03-20 17:20:04+00:00,2026-04-03 17:20:04+00:00,0,treatment,2.129762699724965e-05,0.0,0,0
candidate_016,2026-03-20 17:26:43+00:00,2026-04-03 17:26:43+00:00,0,control,0.3645339721353251,0.0,0,0
candidate_014,2026-03-20 17:29:07+00:00,2026-04-03 17:29:07+00:00,0,treatment,0.46128212382208084,0.0,0,0
candidate_033,2026-03-20 17:29:40+00:00,2026-04-03 17:29:40+00:00,0,treatment,0.00015053812551537007,0.0,0,0
candidate_017,2026-03-20 17:51:51+00:00,2026-04-03 17:51:51+00:00,0,treatment,0.050829792644361424,0.0,0,0
company_003,2026-03-20 17:59:44+00:00,2026-04-03 17:59:44+00:00,0,control,0.8831199886024076,0.0,0,0
candidate_024,2026-03-20 18:10:05+00:00,2026-04-03 18:10:05+00:00,0,treatment,0.25005074742298605,0.0,0,0
candidate_055,2026-03-20 18:13:14+00:00,2026-04-03 18:13:14+00:00,0,treatment,0.012349396064294072,0.0,0,0
candidate_021,2026-03-20 18:22:30+00:00,2026-04-03 18:22:30+00:00,0,control,0.0006958324980206019,0.0,0,0
company_021,2026-03-20 18:27:31+00:00,2026-04-03 18:27:31+00:00,0,treatment,0.8941496363171458,0.0,0,0
candidate_047,2026-03-20 18:31:41+00:00,2026-04-03 18:31:41+00:00,0,treatment,0.00036363056026057604,0.0,0,0
company_007,2026-03-20 18:38:43+00:00,2026-04-03 18:38:43+00:00,0,control,0.33457495501102524,0.0,0,0
candidate_038,2026-03-20 18:45:27+00:00,2026-04-03 18:45:27+00:00,0,treatment,0.16846642180618798,0.0,0,0
company_003,2026-03-20 18:56:21+00:00,2026-04-03 18:56:21+00:00,0,control,0.7932434996481247,0.0,0,0
candidate_056,2026-03-20 19:16:42+00:00,2026-04-03 19:16:42+00:00,0,control,0.000608758554188174,0.0,0,0
candidate_055,2026-03-20 19:18:52+00:00,2026-04-03 19:18:52+00:00,0,treatment,0.006309015801171215,0.0,0,0
company_016,2026-03-20 19:43:13+00:00,2026-04-03 19:43:13+00:00,0,treatment,0.8292999394695861,0.0,0,0
candidate_065,2026-03-20 19:43:56+00:00,2026-04-03 19:43:56+00:00,0,control,0.0014520177598331813,0.0,0,0
company_003,2026-03-20 20:10:03+00:00,2026-04-03 20:10:03+00:00,0,control,0.7001680541128207,0.0,0,0
candidate_066,2026-03-20 20:10:37+00:00,2026-04-03 20:10:37+00:00,0,control,0.295825725949281,0.0,0,0
candidate_038,2026-03-20 20:11:57+00:00,2026-04-03 20:11:57+00:00,0,treatment,0.09327729267506601,0.0,0,0
candidate_009,2026-03-20 20:31:26+00:00,2026-04-03 20:31:26+00:00,0,treatment,3.724421931389714e-05,0.0,0,0
company_022,2026-03-20 20:32:34+00:00,2026-04-03 20:32:34+00:00,0,treatment,0.00014022312328529243,0.0,0,0
candidate_047,2026-03-20 20:47:13+00:00,2026-04-03 20:47:13+00:00,0,treatment,0.0002213600374043654,0.0,0,0
company_001,2026-03-20 20:50:16+00:00,2026-04-03 20:50:16+00:00,0,treatment,0.00038489596949840577,0.0,0,0
company_030,2026-03-20 20:55:53+00:00,2026-04-03 20:55:53+00:00,0,control,0.9419342629917987,0.0,1,0
candidate_016,2026-03-20 20:56:30+00:00,2026-04-03 20:56:30+00:00,0,control,0.2587972825458776,0.0,0,0
company_008,2026-03-20 20:56:59+00:00,2026-04-03 20:56:59+00:00,0,control,0.0006589005339528865,0.0,0,0
candidate_035,2026-03-20 21:10:00+00:00,2026-04-03 21:10:00+00:00,0,control,0.8425989363861104,0.0,0,0
company_030,2026-03-20 21:15:49+00:00,2026-04-03 21:15:49+00:00,0,control,0.9122959476934162,0.0,1,0
company_024,2026-03-20 21:28:57+00:00,2026-04-03 21:28:57+00:00,0,control,0.013536609625973035,0.0,0,0
candidate_001,2026-03-20 21:30:07+00:00,2026-04-03 21:30:07+00:00,0,treatment,0.0020530729135330075,0.0,0,0
company_008,2026-03-20 21:34:53+00:00,2026-04-03 21:34:53+00:00,0,control,0.00033467911891738917,0.0,0,0
candidate_057,2026-03-21 08:22:32+00:00,2026-04-04 08:22:32+00:00,0,treatment,0.5351546104130177,0.0,0,0
candidate_056,2026-03-21 08:27:36+00:00,2026-04-04 08:27:36+00:00,0,control,0.0009459142281798288,0.0,0,0
candidate_016,2026-03-21 08:35:49+00:00,2026-04-04 08:35:49+00:00,0,control,0.3116544235359756,0.0,0,0
candidate_038,2026-03-21 08:44:51+00:00,2026-04-04 08:44:51+00:00,0,treatment,0.11769648924284092,0.0,0,0
company_009,2026-03-21 08:50:57+00:00,2026-04-04 08:50:57+00:00,0,treatment,5.0882991273227305e-05,0.0,0,0
candidate_021,2026-03-21 09:01:10+00:00,2026-04-04 09:01:10+00:00,0,control,0.0007226317478941546,0.0,0,0
candidate_046,2026-03-21 09:05:02+00:00,2026-04-04 09:05:02+00:00,0,control,0.950701163882124,0.0,1,0
company_006,2026-03-21 09:06:18+00:00,2026-04-04 09:06:18+00:00,0,treatment,0.629909234147984,0.0,0,0
company_003,2026-03-21 09:24:28+00:00,2026-04-04 09:24:28+00:00,0,control,0.6608005360310425,0.0,0,0
company_020,2026-03-21 09:26:21+00:00,2026-04-04 09:26:21+00:00,0,control,0.8750752028536366,0.0,0,0
candidate_033,2026-03-21 09:32:34+00:00,2026-04-04 09:32:34+00:00,0,treatment,0.00033615332456668256,0.0,0,0
candidate_070,2026-03-21 09:40:17+00:00,2026-04-04 09:40:17+00:00,0,control,5.317122729276693e-05,0.0,0,0
candidate_046,2026-03-21 09:42:03+00:00,2026-04-04 09:42:03+00:00,0,control,0.9073395117699794,0.0,1,0
candidate_044,2026-03-21 09:44:45+00:00,2026-04-04 09:44:45+00:00,0,control,0.8502872564427336,0.0,0,0
candidate_068,2026-03-21 09:45:27+00:00,2026-04-04 09:45:27+00:00,0,treatment,0.3097554780072675,0.0,0,0
candidate_009,2026-03-21 09:52:08+00:00,2026-04-04 09:52:08+00:00,0,treatment,5.0407168351749825e-05,0.0,0,0
company_013,2026-03-21 10:01:56+00:00,2026-04-04 10:01:56+00:00,0,treatment,0.956823377150938,0.0,1,0
candidate_007,2026-03-21 10:11:01+00:00,2026-04-04 10:11:01+00:00,0,control,0.8903504466544172,0.0,0,0
candidate_051,2026-03-21 10:11:57+00:00,2026-04-04 10:11:57+00:00,0,control,0.3873572681781228,0.0,0,0
candidate_019,2026-03-21 10:12:40+00:00,2026-04-04 10:12:40+00:00,0,control,0.9320738524844191,0.0,1,0
candidate_056,2026-03-21 10:14:47+00:00,2026-04-04 10:14:47+00:00,0,control,0.0012637990766095712,0.0,0,0
company_002,2026-03-21 10:22:06+00:00,2026-04-04 10:22:06+00:00,0,treatment,0.7692605266217133,0.0,0,0
candidate_019,2026-03-21 10:34:13+00:00,2026-04-04 10:34:13+00:00,0,control,0.8979478116870783,0.0,0,0
company_024,2026-03-21 10:34:49+00:00,2026-04-04 10:34:49+00:00,0,control,0.018009461196936877,0.0,0,0
candidate_054,2026-03-21 10:35:24+00:00,2026-04-04 10:35:24+00:00,0,control,0.8724059682562333,0.0,0,0
candidate_009,2026-03-21 10:45:19+00:00,2026-04-04 10:45:19+00:00,0,treatment,2.5920625356848972e-05,0.0,0,0
company_007,2026-03-21 10:48:56+00:00,2026-04-04 10:48:56+00:00,0,control,0.3434304291460514,0.0,0,0
candidate_009,2026-03-21 10:52:28+00:00,2026-04-04 10:52:28+00:00,0,treatment,1.3161909373367447e-05,0.0,0,0
candidate_037,2026-03-21 10:53:31+00:00,2026-04-04 10:53:31+00:00,0,control,6.158299363841106e-06,0.0,0,0
candidate_056,2026-03-21 11:03:11+00:00,2026-04-04 11:03:11+00:00,0,control,0.001041336141356726,0.0,0,0
candidate_020,2026-03-21 11:04:11+00:00,2026-04-04 11:04:11+00:00,0,control,0.8080674945455454,0.0,0,0
candidate_027,2026-03-21 11:10:40+00:00,2026-04-04 11:10:40+00:00,0,treatment,0.875372080104017,0.0,0,0
candidate_061,2026-03-21 11:17:58+00:00,2026-04-04 11:17:58+00:00,0,treatment,0.8414194113178646,0.0,0,0
candidate_070,2026-03-21 11:20:09+00:00,2026-04-04 11:20:09+00:00,0,control,3.2364042339284047e-05,0.0,0,0
company_001,2026-03-21 11:28:52+00:00,2026-04-04 11:28:52+00:00,0,treatment,0.001329071316159272,0.0,0,0
candidate_051,2026-03-21 11:29:13+00:00,2026-04-04 11:29:13+00:00,0,control,0.24302622354145184,0.0,0,0
candidate_057,2026-03-21 11:43:53+00:00,2026-04-04 11:43:53+00:00,0,treatment,0.4120155589182477,0.0,0,0
company_024,2026-03-21 11:54:24+00:00,2026-04-04 11:54:24+00:00,0,control,0.009342422866057541,0.0,0,0
candidate_069,2026-03-21 12:19:04+00:00,2026-04-04 12:19:04+00:00,0,control,0.0004093394031150678,0.0,0,0
candidate_069,2026-03-21 12:21:59+00:00,2026-04-04 12:21:59+00:00,0,control,0.0002491897452054395,0.0,0,0
candidate_051,2026-03-21 12:24:35+00:00,2026-04-04 12:24:35+00:00,0,control,0.14016936285481735,0.0,0,0
company_003,2026-03-21 12:25:11+00:00,2026-04-04 12:25:11+00:00,0,control,0.6579693151121194,0.0,0,0
candidate_038,2026-03-21 12:25:42+00:00,2026-04-04 12:25:42+00:00,0,treatment,0.09901053271426981,0.0,0,0
candidate_050,2026-03-21 12:39:08+00:00,2026-04-04 12:39:08+00:00,0,treatment,0.96826150547331,0.0,1,0
company_008,2026-03-21 12:44:39+00:00,2026-04-04 12:44:39+00:00,0,control,0.001242519444226296,0.0,0,0
candidate_068,2026-03-21 12:57:44+00:00,2026-04-04 12:57:44+00:00,0,treatment,0.1855804060493058,0.0,0,0
company_001,2026-03-21 13:00:13+00:00,2026-04-04 13:00:13+00:00,0,treatment,0.00043456202157507207,0.0,0,0
candidate_056,2026-03-21 13:10:42+00:00,2026-04-04 13:10:42+00:00,0,control,0.0005357389618736732,0.0,0,0
candidate_038,2026-03-21 13:15:30+00:00,2026-04-04 13:15:30+00:00,0,treatment,0.052850384399499684,0.0,0,0
company_013,2026-03-21 13:20:14+00:00,2026-04-04 13:20:14+00:00,0,treatment,0.9193242400355521,0.0,1,0
candidate_045,2026-03-21 13:46:41+00:00,2026-04-04 13:46:41+00:00,0,control,0.9013615423085185,0.0,1,0
company_027,2026-03-21 13:46:45+00:00,2026-04-04 13:46:45+00:00,0,treatment,0.871603016420187,0.0,0,0
candidate_018,2026-03-21 13:49:46+00:00,2026-04-04 13:49:46+00:00,0,control,0.45279810364644796,0.0,0,0
company_006,2026-03-21 14:04:41+00:00,2026-04-04 14:04:41+00:00,0,treatment,0.46672638956467893,0.0,0,0
company_015,2026-03-21 14:08:29+00:00,2026-04-04 14:08:29+00:00,0,control,0.13715827218149454,0.0,0,0
company_024,2026-03-21 14:11:09+00:00,2026-04-04 14:11:09+00:00,0,control,0.003032890893606303,0.0,0,0
company_030,2026-03-21 14:11:41+00:00,2026-04-04 14:11:41+00:00,0,control,0.930979223255149,0.0,1,0
candidate_011,2026-03-21 14:11:52+00:00,2026-04-04 14:11:52+00:00,0,control,0.8961115826049284,0.0,0,0
candidate_061,2026-03-21 14:20:09+00:00,2026-04-04 14:20:09+00:00,0,treatment,0.7317870785156487,0.0,0,0
company_023,2026-03-21 14:23:33+00:00,2026-04-04 14:23:33+00:00,0,control,0.8641056196634576,0.0,0,0
candidate_009,2026-03-21 14:29:58+00:00,2026-04-04 14:29:58+00:00,0,treatment,6.68327897198317e-06,0.0,0,0
candidate_026,2026-03-21 14:38:50+00:00,2026-04-04 14:38:50+00:00,0,treatment,0.8486754482153017,0.0,0,0
company_001,2026-03-21 14:49:52+00:00,2026-04-04 14:49:52+00:00,0,treatment,0.00022070519501531045,0.0,0,0
candidate_032,2026-03-21 14:59:06+00:00,2026-04-04 14:59:06+00:00,0,treatment,0.8424906115203917,0.0,0,0
company_023,2026-03-21 15:07:03+00:00,2026-04-04 15:07:03+00:00,0,control,0.7657914925096176,0.0,0,0
candidate_018,2026-03-21 15:08:56+00:00,2026-04-04 15:08:56+00:00,0,control,0.29585887200994127,0.0,0,0
company_007,2026-03-21 15:21:55+00:00,2026-04-04 15:21:55+00:00,0,control,0.20986010721836487,0.0,0,0
candidate_009,2026-03-21 15:22:19+00:00,2026-04-04 15:22:19+00:00,0,treatment,3.542043708307217e-06,0.0,0,0
candidate_070,2026-03-21 15:34:23+00:00,2026-04-04 15:34:23+00:00,0,control,6.29371312609478e-05,0.0,0,0
candidate_070,2026-03-21 15:39:09+00:00,2026-04-04 15:39:09+00:00,0,control,3.195863912956811e-05,0.0,0,0
candidate_067,2026-03-21 15:44:32+00:00,2026-04-04 15:44:32+00:00,0,control,0.6709322605560962,0.0,0,0
company_009,2026-03-21 15:51:45+00:00,2026-04-04 15:51:45+00:00,0,treatment,6.286327654083109e-05,0.0,0,0
candidate_038,2026-03-21 15:56:50+00:00,2026-04-04 15:56:50+00:00,0,treatment,0.028373773347817478,0.0,0,0
company_006,2026-03-21 15:58:38+00:00,2026-04-04 15:58:38+00:00,0,treatment,0.30767399436915444,0.0,0,0
company_001,2026-03-21 15:59:56+00:00,2026-04-04 15:59:56+00:00,0,treatment,0.00011207987011320093,0.0,0,0
candidate_016,2026-03-21 16:13:56+00:00,2026-04-04 16:13:56+00:00,0,control,0.40665758517629397,0.0,0,0
company_018,2026-03-21 16:19:06+00:00,2026-04-04 16:19:06+00:00,0,treatment,0.0018149164445019448,0.0,0,0
company_009,2026-03-21 16:26:06+00:00,2026-04-04 16:26:06+00:00,0,treatment,3.82635038522403e-05,0.0,0,0
candidate_012,2026-03-21 16:26:41+00:00,2026-04-04 16:26:41+00:00,0,treatment,0.9098120355440855,0.0,1,0
candidate_062,2026-03-21 16:47:53+00:00,2026-04-04 16:47:53+00:00,0,control,0.9294459840010508,0.0,1,0
company_023,2026-03-21 17:03:33+00:00,2026-04-04 17:03:33+00:00,0,control,0.6240967015363036,0.0,0,0
candidate_021,2026-03-21 17:11:42+00:00,2026-04-04 17:11:42+00:00,0,control,0.00045691300759504876,0.0,0,0
company_022,2026-03-21 17:17:20+00:00,2026-04-04 17:17:20+00:00,0,treatment,0.00044985751551256993,0.0,0,0
company_009,2026-03-21 17:59:00+00:00,2026-04-04 17:59:00+00:00,0,treatment,1.94294629429063e-05,0.0,0,0
company_024,2026-03-21 18:10:56+00:00,2026-04-04 18:10:56+00:00,0,control,0.0016016649107590182,0.0,0,0
company_029,2026-03-21 18:17:38+00:00,2026-04-04 18:17:38+00:00,0,treatment,0.7829909991540428,0.0,0,0
candidate_054,2026-03-21 18:23:06+00:00,2026-04-04 18:23:06+00:00,0,control,0.8709961615813048,0.0,0,0
candidate_059,2026-03-21 18:25:12+00:00,2026-04-04 18:25:12+00:00,0,treatment,0.00018445741927799992,0.0,0,0
candidate_047,2026-03-21 18:54:42+00:00,2026-04-04 18:54:42+00:00,0,treatment,0.0008324870518824352,0.0,0,0
candidate_058,2026-03-21 19:12:51+00:00,2026-04-04 19:12:51+00:00,0,control,0.8891137102782423,0.0,0,0
company_008,2026-03-21 19:23:43+00:00,2026-04-04 19:23:43+00:00,0,control,0.0009299821024065103,0.0,0,0
candidate_050,2026-03-21 19:43:00+00:00,2026-04-04 19:43:00+00:00,0,treatment,0.9617323579604348,0.0,1,0
candidate_033,2026-03-21 19:52:16+00:00,2026-04-04 19:52:16+00:00,0,treatment,0.000245280535681354,0.0,0,0
company_009,2026-03-21 19:55:46+00:00,2026-04-04 19:55:46+00:00,0,treatment,9.865811870288064e-06,0.0,0,0
company_018,2026-03-21 20:14:09+00:00,2026-04-04 20:14:09+00:00,0,treatment,0.0009223859264661515,0.0,0,0
company_001,2026-03-21 20:17:25+00:00,2026-04-04 20:17:25+00:00,0,treatment,5.6914045817527545e-05,0.0,0,0
candidate_060,2026-03-21 20:21:49+00:00,2026-04-04 20:21:49+00:00,0,control,0.8962060477879523,0.0,0,0
candidate_069,2026-03-21 20:37:55+00:00,2026-04-04 20:37:55+00:00,0,control,0.0005734311132040806,0.0,0,0
company_020,2026-03-21 20:41:12+00:00,2026-04-04 20:41:12+00:00,0,control,0.7856807871378116,0.0,0,0
candidate_038,2026-03-21 20:41:48+00:00,2026-04-04 20:41:48+00:00,0,treatment,0.020861625094035285,0.0,0,0
candidate_011,2026-03-21 20:47:24+00:00,2026-04-04 20:47:24+00:00,0,control,0.6932164178033037,0.0,0,0
candidate_067,2026-03-21 20:47:41+00:00,2026-04-04 20:47:41+00:00,0,control,0.5666119517258443,0.0,0,0
candidate_058,2026-03-21 20:54:41+00:00,2026-04-04 20:54:41+00:00,1,control,0.838885963018608,0.0,0,0
candidate_027,2026-03-21 21:00:04+00:00,2026-04-04 21:00:04+00:00,0,treatment,0.7342540512522217,0.0,0,0
company_008,2026-03-21 21:29:13+00:00,2026-04-04 21:29:13+00:00,0,control,0.000300184509640845,0.0,0,0
candidate_056,2026-03-21 21:30:58+00:00,2026-04-04 21:30:58+00:00,0,control,0.0002840047249949956,0.0,0,0
company_018,2026-03-21 21:44:28+00:00,2026-04-04 21:44:28+00:00,0,treatment,0.00029773104303009335,0.0,0,0
candidate_067,2026-03-21 21:48:15+00:00,2026-04-04 21:48:15+00:00,0,control,0.44313483466036974,0.0,0,0
candidate_069,2026-03-21 21:54:02+00:00,2026-04-04 21:54:02+00:00,0,control,0.0007662349323596397,0.0,0,0
company_008,2026-03-21 21:54:48+00:00,2026-04-04 21:54:48+00:00,0,control,0.00015244750939912653,0.0,0,0
candidate_065,2026-03-22 08:07:25+00:00,2026-04-05 08:07:25+00:00,0,control,0.010225435295289787,0.0,0,0
candidate_003,2026-03-22 08:16:35+00:00,2026-04-05 08:16:35+00:00,0,control,0.010535764155128783,0.0,0,0
candidate_069,2026-03-22 08:17:26+00:00,2026-04-05 08:17:26+00:00,0,control,0.000631301427330151,0.0,0,0
company_001,2026-03-22 08:18:34+00:00,2026-04-05 08:18:34+00:00,0,treatment,7.37999701233777e-05,0.0,0,0
company_008,2026-03-22 08:21:22+00:00,2026-04-05 08:21:22+00:00,0,control,0.00019767181511839543,0.0,0,0
candidate_054,2026-03-22 08:22:00+00:00,2026-04-05 08:22:00+00:00,0,control,0.8695731065563475,0.0,0,0
candidate_051,2026-03-22 08:24:43+00:00,2026-04-05 08:24:43+00:00,0,control,0.12105123966416256,0.0,0,0
company_010,2026-03-22 08:37:31+00:00,2026-04-05 08:37:31+00:00,0,treatment,0.6288465550881571,0.0,0,0
candidate_031,2026-03-22 08:47:47+00:00,2026-04-05 08:47:47+00:00,0,treatment,0.7851252969697929,0.0,0,0
candidate_064,2026-03-22 08:54:20+00:00,2026-04-05 08:54:20+00:00,0,control,0.029940169469129054,0.0,0,0
company_009,2026-03-22 09:05:48+00:00,2026-04-05 09:05:48+00:00,0,treatment,1.2793094831010589e-05,0.0,0,0
company_023,2026-03-22 09:16:55+00:00,2026-04-05 09:16:55+00:00,0,control,0.519932338737477,0.0,0,0
company_024,2026-03-22 09:29:14+00:00,2026-04-05 09:29:14+00:00,0,control,0.00207591410003154,0.0,0,0
candidate_042,2026-03-22 09:31:09+00:00,2026-04-05 09:31:09+00:00,0,control,0.9706839628791449,0.0,1,0
candidate_021,2026-03-22 09:35:02+00:00,2026-04-05 09:35:02+00:00,0,control,0.0004685735536275355,0.0,0,0
candidate_057,2026-03-22 09:38:55+00:00,2026-04-05 09:38:55+00:00,0,treatment,0.688553159321644,0.0,0,0
candidate_013,2026-03-22 09:39:21+00:00,2026-04-05 09:39:21+00:00,0,control,0.0011021906222901596,0.0,0,0
company_022,2026-03-22 09:39:23+00:00,2026-04-05 09:39:23+00:00,0,treatment,0.0005906531460142642,0.0,0,0
candidate_029,2026-03-22 09:39:50+00:00,2026-04-05 09:39:50+00:00,0,control,0.8674467184086052,0.0,0,0
candidate_024,2026-03-22 09:43:16+00:00,2026-04-05 09:43:16+00:00,0,treatment,0.3666933482058979,0.0,0,0
company_003,2026-03-22 10:02:32+00:00,2026-04-05 10:02:32+00:00,0,control,0.6762509514018867,0.0,0,0
company_027,2026-03-22 10:03:02+00:00,2026-04-05 10:03:02+00:00,0,treatment,0.8531074782215472,0.0,0,0
candidate_001,2026-03-22 10:09:51+00:00,2026-04-05 10:09:51+00:00,0,treatment,0.0035039605003784405,0.0,0,0
company_023,2026-03-22 10:10:42+00:00,2026-04-05 10:10:42+00:00,0,control,0.4098484877271316,0.0,0,0
candidate_037,2026-03-22 10:17:10+00:00,2026-04-05 10:17:10+00:00,0,control,2.131532819556558e-05,0.0,0,0
candidate_012,2026-03-22 10:23:11+00:00,2026-04-05 10:23:11+00:00,0,treatment,0.941454476411124,0.0,1,0
candidate_056,2026-03-22 10:23:34+00:00,2026-04-05 10:23:34+00:00,0,control,0.0009809300226093088,0.0,0,0
company_013,2026-03-22 10:24:52+00:00,2026-04-05 10:24:52+00:00,0,treatment,0.9491359249935932,0.0,1,0
candidate_045,2026-03-22 10:37:26+00:00,2026-04-05 10:37:26+00:00,0,control,0.934227170883627,0.0,1,0
candidate_010,2026-03-22 10:40:07+00:00,2026-04-05 10:40:07+00:00,0,treatment,0.739583848778732,0.0,0,0
candidate_009,2026-03-22 10:54:44+00:00,2026-04-05 10:54:44+00:00,0,treatment,6.68327897198317e-06,0.0,0,0
candidate_064,2026-03-22 10:58:27+00:00,2026-04-05 10:58:27+00:00,0,control,0.018439529366333817,0.0,0,0
company_027,2026-03-22 11:05:24+00:00,2026-04-05 11:05:24+00:00,0,treatment,0.8271188396500095,0.0,0,0
candidate_013,2026-03-22 11:06:18+00:00,2026-04-05 11:06:18+00:00,0,control,0.0009081492935845862,0.0,0,0
candidate_031,2026-03-22 11:08:43+00:00,2026-04-05 11:08:43+00:00,0,treatment,0.6497779905249109,0.0,0,0
candidate_021,2026-03-22 11:09:19+00:00,2026-04-05 11:09:19+00:00,0,control,0.00023798294407420328,0.0,0,0
company_010,2026-03-22 11:23:35+00:00,2026-04-05 11:23:35+00:00,0,treatment,0.46245752855796785,0.0,0,0
candidate_012,2026-03-22 11:31:11+00:00,2026-04-05 11:31:11+00:00,0,treatment,0.890893129444728,0.0,0,0
candidate_051,2026-03-22 11:32:26+00:00,2026-04-05 11:32:26+00:00,0,control,0.07734332696040902,0.0,0,0
candidate_037,2026-03-22 11:42:09+00:00,2026-04-05 11:42:09+00:00,0,control,1.0960719402126156e-05,0.0,0,0
company_009,2026-03-22 11:45:53+00:00,2026-04-05 11:45:53+00:00,0,treatment,1.0538839248684345e-05,0.0,0,0
candidate_060,2026-03-22 12:11:24+00:00,2026-04-05 12:11:24+00:00,0,control,0.9189526887124465,0.0,1,0
candidate_063,2026-03-22 12:14:27+00:00,2026-04-05 12:14:27+00:00,0,control,0.9462546229206231,0.0,1,0
candidate_044,2026-03-22 12:19:28+00:00,2026-04-05 12:19:28+00:00,0,control,0.9319940388806676,0.0,1,0
candidate_016,2026-03-22 12:31:46+00:00,2026-04-05 12:31:46+00:00,0,control,0.36377084564759,0.0,0,0
candidate_042,2026-03-22 12:34:33+00:00,2026-04-05 12:34:33+00:00,0,control,0.9527264111068818,0.0,1,0
candidate_051,2026-03-22 12:45:56+00:00,2026-04-05 12:45:56+00:00,0,control,0.04132352233559717,0.0,0,0
candidate_055,2026-03-22 12:47:26+00:00,2026-04-05 12:47:26+00:00,0,treatment,0.014512983038461961,0.0,0,0
candidate_033,2026-03-22 12:49:34+00:00,2026-04-05 12:49:34+00:00,0,treatment,0.0004768918750291024,0.0,0,0
candidate_069,2026-03-22 12:51:23+00:00,2026-04-05 12:51:23+00:00,0,control,0.0023535744607813915,0.0,0,0
candidate_060,2026-03-22 12:53:58+00:00,2026-04-05 12:53:58+00:00,0,control,0.8520129320046034,0.0,0,0
candidate_055,2026-03-22 13:07:29+00:00,2026-04-05 13:07:29+00:00,0,treatment,0.007422294406391098,0.0,0,0
candidate_003,2026-03-22 13:20:26+00:00,2026-04-05 13:20:26+00:00,0,control,0.03824466037319628,0.0,0,0
company_022,2026-03-22 13:36:06+00:00,2026-04-05 13:36:06+00:00,0,treatment,0.00035959194670061507,0.0,0,0
candidate_059,2026-03-22 13:43:04+00:00,2026-04-05 13:43:04+00:00,0,treatment,0.00022390449433676773,0.0,0,0
candidate_029,2026-03-22 13:52:16+00:00,2026-04-05 13:52:16+00:00,0,control,0.807555815794563,0.0,0,0
candidate_065,2026-03-22 14:08:20+00:00,2026-04-05 14:08:20+00:00,0,control,0.007575370991189142,0.0,0,0
candidate_061,2026-03-22 14:16:20+00:00,2026-04-05 14:16:20+00:00,0,treatment,0.8091931585652434,0.0,0,0
company_001,2026-03-22 14:20:48+00:00,2026-04-05 14:20:48+00:00,0,treatment,3.420831642234226e-05,0.0,0,0
candidate_016,2026-03-22 14:25:16+00:00,2026-04-05 14:25:16+00:00,0,control,0.32019515739696897,0.0,0,0
candidate_016,2026-03-22 14:25:51+00:00,2026-04-05 14:25:51+00:00,0,control,0.1930052400284243,0.0,0,0
candidate_005,2026-03-22 14:26:02+00:00,2026-04-05 14:26:02+00:00,0,control,0.04591858618572223,0.0,0,0
company_009,2026-03-22 14:28:26+00:00,2026-04-05 14:28:26+00:00,0,treatment,5.419229488015573e-06,0.0,0,0
candidate_057,2026-03-22 14:28:31+00:00,2026-04-05 14:28:31+00:00,0,treatment,0.5863751750893783,0.0,0,0
company_024,2026-03-22 14:29:14+00:00,2026-04-05 14:29:14+00:00,0,control,0.0012968049810931559,0.0,0,0
company_029,2026-03-22 14:40:06+00:00,2026-04-05 14:40:06+00:00,0,treatment,0.8552488958125518,0.0,0,0
company_009,2026-03-22 14:46:10+00:00,2026-04-05 14:46:10+00:00,0,treatment,2.7517348296485294e-06,0.0,0,0
company_024,2026-03-22 14:47:21+00:00,2026-04-05 14:47:21+00:00,0,control,0.0007897182310078823,0.0,0,0
company_024,2026-03-22 14:58:43+00:00,2026-04-05 14:58:43+00:00,0,control,0.0004011519398793197,0.0,0,0
company_009,2026-03-22 15:01:38+00:00,2026-04-05 15:01:38+00:00,0,treatment,1.3972529945815753e-06,0.0,0,0
candidate_033,2026-03-22 15:02:27+00:00,2026-04-05 15:02:27+00:00,0,treatment,0.00024220871269983266,0.0,0,0
candidate_037,2026-03-22 15:03:15+00:00,2026-04-05 15:03:15+00:00,0,control,6.84175007413196e-06,0.0,0,0
company_022,2026-03-22 15:03:38+00:00,2026-04-05 15:03:38+00:00,0,treatment,0.00018262268110226537,0.0,0,0
company_008,2026-03-22 15:04:42+00:00,2026-04-05 15:04:42+00:00,0,control,0.00045490944946992453,0.0,0,0
candidate_055,2026-03-22 15:13:20+00:00,2026-04-05 15:13:20+00:00,0,treatment,0.0073299987259053566,0.0,0,0
candidate_056,2026-03-22 15:29:49+00:00,2026-04-05 15:29:49+00:00,0,control,0.002341865423746055,0.0,0,0
candidate_069,2026-03-22 15:43:01+00:00,2026-04-05 15:43:01+00:00,0,control,0.001211622447391416,0.0,0,0
candidate_044,2026-03-22 15:55:37+00:00,2026-04-05 15:55:37+00:00,0,control,0.8743528357924426,0.0,0,0
company_024,2026-03-22 15:57:10+00:00,2026-04-05 15:57:10+00:00,0,control,0.00020893423102177867,0.0,0,0
candidate_045,2026-03-22 16:00:37+00:00,2026-04-05 16:00:37+00:00,0,control,0.921265904074935,0.0,1,0
candidate_021,2026-03-22 16:16:30+00:00,2026-04-05 16:16:30+00:00,0,control,0.00028887339373568927,0.0,0,0
candidate_056,2026-03-22 16:16:33+00:00,2026-04-05 16:16:33+00:00,0,control,0.0011905036446614237,0.0,0,0
company_019,2026-03-22 16:20:54+00:00,2026-04-05 16:20:54+00:00,0,treatment,0.042002369335728665,0.0,0,0
candidate_008,2026-03-22 16:27:35+00:00,2026-04-05 16:27:35+00:00,0,control,0.7301245113985763,0.0,0,0
company_025,2026-03-22 16:30:03+00:00,2026-04-05 16:30:03+00:00,0,treatment,0.9149055964133981,0.0,1,0
candidate_024,2026-03-22 17:09:46+00:00,2026-04-05 17:09:46+00:00,0,treatment,0.17894559133068205,0.0,0,0
candidate_033,2026-03-22 17:11:47+00:00,2026-04-05 17:11:47+00:00,0,treatment,0.00012774130245590451,0.0,0,0
company_004,2026-03-22 17:19:05+00:00,2026-04-05 17:19:05+00:00,0,control,0.944208899847918,0.0,1,0
candidate_018,2026-03-22 17:19:36+00:00,2026-04-05 17:19:36+00:00,0,control,0.5306087747470569,0.0,0,0
candidate_063,2026-03-22 17:30:09+00:00,2026-04-05 17:30:09+00:00,0,control,0.9146486564844072,0.0,1,0
company_030,2026-03-22 17:39:59+00:00,2026-04-05 17:39:59+00:00,0,control,0.9459184077156734,0.0,1,0
company_022,2026-03-22 17:42:37+00:00,2026-04-05 17:42:37+00:00,0,treatment,0.0001803354255499004,0.0,0,0
candidate_069,2026-03-22 17:45:14+00:00,2026-04-05 17:45:14+00:00,0,control,0.0007378198251020855,0.0,0,0
company_007,2026-03-22 17:54:49+00:00,2026-04-05 17:54:49+00:00,0,control,0.35846069020426885,0.0,0,0
candidate_003,2026-03-22 17:55:14+00:00,2026-04-05 17:55:14+00:00,0,control,0.015143570616622307,0.0,0,0
company_022,2026-03-22 18:15:38+00:00,2026-04-05 18:15:38+00:00,0,treatment,9.157722544697315e-05,0.0,0,0
candidate_037,2026-03-22 18:38:18+00:00,2026-04-05 18:38:18+00:00,0,control,4.164332586928066e-06,0.0,0,0
candidate_048,2026-03-22 18:43:33+00:00,2026-04-05 18:43:33+00:00,0,control,0.5913086179494407,0.0,0,0
candidate_035,2026-03-22 18:54:50+00:00,2026-04-05 18:54:50+00:00,0,control,0.9386125806916458,0.0,1,0
candidate_022,2026-03-22 19:21:51+00:00,2026-04-05 19:21:51+00:00,0,control,0.5314508974889685,0.0,0,0
company_018,2026-03-22 19:22:33+00:00,2026-04-05 19:22:33+00:00,0,treatment,0.0057038367465093885,0.0,0,0
candidate_069,2026-03-22 19:39:44+00:00,2026-04-05 19:39:44+00:00,0,control,0.0002890474478443421,0.0,0,0
candidate_021,2026-03-22 19:44:25+00:00,2026-04-05 19:44:25+00:00,0,control,0.00021345245975468692,0.0,0,0
candidate_017,2026-03-22 20:11:27+00:00,2026-04-05 20:11:27+00:00,0,treatment,0.31487417554299,0.0,0,0
candidate_024,2026-03-22 20:21:34+00:00,2026-04-05 20:21:34+00:00,0,treatment,0.10077649616590986,0.0,0,0
candidate_035,2026-03-22 20:32:42+00:00,2026-04-05 20:32:42+00:00,0,control,0.9074453870798328,0.0,1,0
candidate_068,2026-03-22 20:34:31+00:00,2026-04-05 20:34:31+00:00,0,treatment,0.25137230716578307,0.0,0,0
candidate_070,2026-03-22 20:39:12+00:00,2026-04-05 20:39:12+00:00,0,control,0.00022561378012331116,0.0,0,0
company_018,2026-03-22 20:41:49+00:00,2026-04-05 20:41:49+00:00,0,treatment,0.002904397164982769,0.0,0,0
candidate_021,2026-03-22 20:42:11+00:00,2026-04-05 20:42:11+00:00,0,control,6.886585867269988e-05,0.0,0,0
candidate_064,2026-03-22 20:42:26+00:00,2026-04-05 20:42:26+00:00,0,control,0.040290777632093384,0.0,0,0
candidate_031,2026-03-22 20:53:42+00:00,2026-04-05 20:53:42+00:00,0,treatment,0.5782061245880746,0.0,0,0
company_029,2026-03-22 20:55:35+00:00,2026-04-05 20:55:35+00:00,0,treatment,0.8117040855985095,0.0,0,0
candidate_047,2026-03-22 20:56:44+00:00,2026-04-05 20:56:44+00:00,0,treatment,0.010092615998009482,0.0,0,0
candidate_061,2026-03-22 20:59:14+00:00,2026-04-05 20:59:14+00:00,0,treatment,0.7207703119785853,0.0,0,0
company_001,2026-03-22 21:05:05+00:00,2026-04-05 21:05:05+00:00,0,treatment,2.5275306891112513e-05,0.0,0,0
company_013,2026-03-22 21:22:20+00:00,2026-04-05 21:22:20+00:00,0,treatment,0.9190794620103248,0.0,1,0
candidate_055,2026-03-22 21:32:23+00:00,2026-04-05 21:32:23+00:00,0,treatment,0.004610938478953993,0.0,0,0
candidate_017,2026-03-22 21:34:23+00:00,2026-04-05 21:34:23+00:00,0,treatment,0.13053669776627666,0.0,0,0
candidate_055,2026-03-22 21:49:04+00:00,2026-04-05 21:49:04+00:00,0,treatment,0.0023466267609891047,0.0,0,0
candidate_055,2026-03-23 08:02:50+00:00,2026-04-06 08:02:50+00:00,0,treatment,0.003040785574058822,0.0,0,0
company_023,2026-03-23 08:24:58+00:00,2026-04-06 08:24:58+00:00,0,control,0.39428765742908795,0.0,0,0
candidate_044,2026-03-23 08:36:47+00:00,2026-04-06 08:36:47+00:00,0,control,0.9002350838822804,0.0,1,0
company_006,2026-03-23 09:01:34+00:00,2026-04-06 09:01:34+00:00,0,treatment,0.4273650080135549,0.0,0,0
company_009,2026-03-23 09:03:46+00:00,2026-04-06 09:03:46+00:00,0,treatment,5.487975596622582e-06,0.0,0,0
company_024,2026-03-23 09:16:29+00:00,2026-04-06 09:16:29+00:00,0,control,0.00032884056762738856,0.0,0,0
candidate_069,2026-03-23 09:22:59+00:00,2026-04-06 09:22:59+00:00,0,control,0.000374779609653137,0.0,0,0
candidate_021,2026-03-23 09:33:42+00:00,2026-04-06 09:33:42+00:00,0,control,0.00014486494980845967,0.0,0,0
company_019,2026-03-23 09:55:45+00:00,2026-04-06 09:55:45+00:00,0,treatment,0.035285713645050204,0.0,0,0
candidate_032,2026-03-23 10:08:15+00:00,2026-04-06 10:08:15+00:00,0,treatment,0.8799686297877551,0.0,0,0
candidate_009,2026-03-23 10:13:08+00:00,2026-04-06 10:13:08+00:00,0,treatment,9.92666122217166e-05,0.0,0,0
candidate_033,2026-03-23 10:21:29+00:00,2026-04-06 10:21:29+00:00,0,treatment,0.00016773847354252554,0.0,0,0
company_009,2026-03-23 10:33:01+00:00,2026-04-06 10:33:01+00:00,0,treatment,2.8219925845547088e-06,0.0,0,0
company_028,2026-03-23 10:35:10+00:00,2026-04-06 10:35:10+00:00,0,control,0.8688894758493888,0.0,0,0
candidate_034,2026-03-23 11:03:59+00:00,2026-04-06 11:03:59+00:00,0,control,0.834165365892853,0.0,0,0
company_010,2026-03-23 11:07:16+00:00,2026-04-06 11:07:16+00:00,0,treatment,0.7046296752587481,0.0,0,0
candidate_001,2026-03-23 11:07:35+00:00,2026-04-06 11:07:35+00:00,0,treatment,0.009355697846834252,0.0,0,0
candidate_018,2026-03-23 11:20:36+00:00,2026-04-06 11:20:36+00:00,0,control,0.5753767957577726,0.0,0,0
candidate_069,2026-03-23 11:45:33+00:00,2026-04-06 11:45:33+00:00,0,control,0.0003700865778198711,0.0,0,0
candidate_031,2026-03-23 11:54:34+00:00,2026-04-06 11:54:34+00:00,0,treatment,0.6399729463384339,0.0,0,0
candidate_033,2026-03-23 11:56:15+00:00,2026-04-06 11:56:15+00:00,0,treatment,8.517976268772602e-05,0.0,0,0
company_003,2026-03-23 12:00:29+00:00,2026-04-06 12:00:29+00:00,0,control,0.7303558225405816,0.0,0,0
candidate_038,2026-03-23 12:03:46+00:00,2026-04-06 12:03:46+00:00,0,treatment,0.05310118831724776,0.0,0,0
candidate_016,2026-03-23 12:28:26+00:00,2026-04-06 12:28:26+00:00,0,control,0.1645934167262484,0.0,0,0
candidate_045,2026-03-23 13:00:20+00:00,2026-04-06 13:00:20+00:00,1,control,0.9326609276122667,0.0,1,0
company_009,2026-03-23 13:01:01+00:00,2026-04-06 13:01:01+00:00,0,treatment,2.3542192810256153e-06,0.0,0,0
candidate_033,2026-03-23 13:06:22+00:00,2026-04-06 13:06:22+00:00,0,treatment,6.29371312609478e-05,0.0,0,0
candidate_038,2026-03-23 13:14:16+00:00,2026-04-06 13:14:16+00:00,0,treatment,0.027686921901466686,0.0,0,0
company_020,2026-03-23 13:28:33+00:00,2026-04-06 13:28:33+00:00,0,control,0.8572063943935736,0.0,0,0
company_022,2026-03-23 13:29:54+00:00,2026-04-06 13:29:54+00:00,0,treatment,0.0004685735536275355,0.0,0,0
company_008,2026-03-23 13:36:26+00:00,2026-04-06 13:36:26+00:00,0,control,0.0009068497304623442,0.0,0,0
candidate_037,2026-03-23 13:40:34+00:00,2026-04-06 13:40:34+00:00,0,control,9.098286411748044e-06,0.0,0,0
candidate_038,2026-03-23 13:41:19+00:00,2026-04-06 13:41:19+00:00,0,treatment,0.017931870728990856,0.0,0,0
company_024,2026-03-23 13:45:28+00:00,2026-04-06 13:45:28+00:00,0,control,0.00020017890997355356,0.0,0,0
candidate_061,2026-03-23 14:02:49+00:00,2026-04-06 14:02:49+00:00,0,treatment,0.8086837702602009,0.0,0,0
candidate_030,2026-03-23 14:06:41+00:00,2026-04-06 14:06:41+00:00,0,control,0.8458931187101203,0.0,0,0
company_024,2026-03-23 14:22:44+00:00,2026-04-06 14:22:44+00:00,0,control,0.00012185107975782714,0.0,0,0
company_028,2026-03-23 14:23:38+00:00,2026-04-06 14:23:38+00:00,1,control,0.80950729469254,0.0,0,0
candidate_049,2026-03-23 14:30:27+00:00,2026-04-06 14:30:27+00:00,0,treatment,0.8654609525930343,0.0,0,0
candidate_009,2026-03-23 14:44:48+00:00,2026-04-06 14:44:48+00:00,0,treatment,0.00013266402772729613,0.0,0,0
candidate_049,2026-03-23 14:45:02+00:00,2026-04-06 14:45:02+00:00,0,treatment,0.8048746534588296,0.0,0,0
candidate_030,2026-03-23 14:48:40+00:00,2026-04-06 14:48:40+00:00,0,control,0.7787476647732654,0.0,0,0
company_001,2026-03-23 15:38:04+00:00,2026-04-06 15:38:04+00:00,0,treatment,0.00020619325743420348,0.0,0,0
candidate_024,2026-03-23 15:48:38+00:00,2026-04-06 15:48:38+00:00,0,treatment,0.1483553600657499,0.0,0,0
company_009,2026-03-23 15:48:58+00:00,2026-04-06 15:48:58+00:00,0,treatment,1.9393816155286662e-06,0.0,0,0
company_023,2026-03-23 16:21:54+00:00,2026-04-06 16:21:54+00:00,0,control,0.24842141709115953,0.0,0,0
candidate_037,2026-03-23 16:24:14+00:00,2026-04-06 16:24:14+00:00,0,control,1.9977554506268547e-05,0.0,0,0
candidate_059,2026-03-23 16:29:55+00:00,2026-04-06 16:29:55+00:00,0,treatment,0.0010219828993954369,0.0,0,0
candidate_069,2026-03-23 16:41:37+00:00,2026-04-06 16:41:37+00:00,0,control,0.00014313672726945238,0.0,0,0
candidate_038,2026-03-23 16:57:31+00:00,2026-04-06 16:57:31+00:00,0,treatment,0.009186367920601037,0.0,0,0
candidate_024,2026-03-23 17:08:20+00:00,2026-04-06 17:08:20+00:00,0,treatment,0.10047822182763644,0.0,0,0
candidate_013,2026-03-23 17:09:11+00:00,2026-04-06 17:09:11+00:00,0,control,0.005687055523592601,0.0,0,0
candidate_019,2026-03-23 17:11:57+00:00,2026-04-06 17:11:57+00:00,1,control,0.9445248774034678,0.0,1,0
company_022,2026-03-23 17:13:00+00:00,2026-04-06 17:13:00+00:00,0,treatment,0.00023798294407420328,0.0,0,0
candidate_055,2026-03-23 17:26:20+00:00,2026-04-06 17:26:20+00:00,0,treatment,0.004923942619936434,0.0,0,0
candidate_034,2026-03-23 17:29:19+00:00,2026-04-06 17:29:19+00:00,0,control,0.8055891464054025,0.0,0,0
candidate_033,2026-03-23 17:37:35+00:00,2026-04-06 17:37:35+00:00,0,treatment,0.00014856312693208227,0.0,0,0
candidate_001,2026-03-23 17:38:50+00:00,2026-04-06 17:38:50+00:00,0,treatment,0.00495556041574996,0.0,0,0
candidate_055,2026-03-23 17:43:24+00:00,2026-04-06 17:43:24+00:00,0,treatment,0.002506309750614102,0.0,0,0
candidate_061,2026-03-23 17:50:20+00:00,2026-04-06 17:50:20+00:00,0,treatment,0.68489537328653,0.0,0,0
candidate_016,2026-03-23 17:56:10+00:00,2026-04-06 17:56:10+00:00,0,control,0.10707907411658427,0.0,0,0
candidate_026,2026-03-23 17:57:14+00:00,2026-04-06 17:57:14+00:00,0,treatment,0.8719253329257094,0.0,0,0
company_022,2026-03-23 18:44:35+00:00,2026-04-06 18:44:35+00:00,0,treatment,0.00031803545677913653,0.0,0,0
company_008,2026-03-23 18:49:09+00:00,2026-04-06 18:49:09+00:00,0,control,0.0003508537368304732,0.0,0,0
company_004,2026-03-23 19:09:23+00:00,2026-04-06 19:09:23+00:00,0,control,0.9569410627392373,0.0,1,0
candidate_055,2026-03-23 19:52:36+00:00,2026-04-06 19:52:36+00:00,0,treatment,0.002965304918724165,0.0,0,0
candidate_044,2026-03-23 20:03:51+00:00,2026-04-06 20:03:51+00:00,0,control,0.8526421513308423,0.0,0,0
company_006,2026-03-23 20:14:40+00:00,2026-04-06 20:14:40+00:00,0,treatment,0.3896858711099483,0.0,0,0
candidate_070,2026-03-23 20:28:15+00:00,2026-04-06 20:28:15+00:00,0,control,0.00044985751551256993,0.0,0,0
candidate_001,2026-03-23 20:33:24+00:00,2026-04-06 20:33:24+00:00,0,treatment,0.004189791121571762,0.0,0,0
candidate_031,2026-03-23 20:37:05+00:00,2026-04-06 20:37:05+00:00,0,treatment,0.5326742048966495,0.0,0,0
candidate_005,2026-03-23 20:38:39+00:00,2026-04-06 20:38:39+00:00,0,control,0.3795146712555939,0.0,0,0
candidate_016,2026-03-23 20:40:07+00:00,2026-04-06 20:40:07+00:00,0,control,0.057396889188503775,0.0,0,0
company_024,2026-03-23 20:42:12+00:00,2026-04-06 20:42:12+00:00,0,control,0.0001670027304625298,0.0,0,0
candidate_047,2026-03-23 20:54:36+00:00,2026-04-06 20:54:36+00:00,0,treatment,0.034417444250061886,0.0,0,0
candidate_020,2026-03-23 21:04:00+00:00,2026-04-06 21:04:00+00:00,0,control,0.7805497876056419,0.0,0,0
company_004,2026-03-23 21:11:35+00:00,2026-04-06 21:11:35+00:00,0,control,0.9344293973390045,0.0,1,0
company_001,2026-03-23 21:11:43+00:00,2026-04-06 21:11:43+00:00,0,treatment,0.00012710437844022063,0.0,0,0
candidate_032,2026-03-23 21:17:51+00:00,2026-04-06 21:17:51+00:00,0,treatment,0.8424906115203917,0.0,0,0
candidate_069,2026-03-23 21:21:35+00:00,2026-04-06 21:21:35+00:00,0,control,7.268579799950202e-05,0.0,0,0
company_020,2026-03-23 21:23:47+00:00,2026-04-06 21:23:47+00:00,1,control,0.7937885582127389,0.0,0,0
candidate_031,2026-03-23 21:36:30+00:00,2026-04-06 21:36:30+00:00,0,treatment,0.36659753575540205,0.0,0,0
company_023,2026-03-23 21:58:37+00:00,2026-04-06 21:58:37+00:00,0,control,0.14371464749846055,0.0,0,0
candidate_047,2026-03-24 08:00:22+00:00,2026-04-07 08:00:22+00:00,0,treatment,0.0441784121335949,0.0,0,0
candidate_026,2026-03-24 08:02:54+00:00,2026-04-07 08:02:54+00:00,0,treatment,0.8982494345293589,0.0,0,0
candidate_031,2026-03-24 08:36:03+00:00,2026-04-07 08:36:03+00:00,0,treatment,0.4287364275799974,0.0,0,0
candidate_065,2026-03-24 08:37:25+00:00,2026-04-07 08:37:25+00:00,0,control,0.14162228730551196,0.0,0,0
company_023,2026-03-24 08:38:42+00:00,2026-04-07 08:38:42+00:00,0,control,0.17873509796413525,0.0,0,0
candidate_046,2026-03-24 08:46:11+00:00,2026-04-07 08:46:11+00:00,0,control,0.958540427950394,0.0,1,0
candidate_060,2026-03-24 08:54:16+00:00,2026-04-07 08:54:16+00:00,0,control,0.8720386501007628,0.0,0,0
candidate_065,2026-03-24 08:56:57+00:00,2026-04-07 08:56:57+00:00,0,control,0.0773003412781487,0.0,0,0
candidate_064,2026-03-24 09:05:26+00:00,2026-04-07 09:05:26+00:00,0,control,0.03552597404575965,0.0,0,0
candidate_005,2026-03-24 09:06:48+00:00,2026-04-07 09:06:48+00:00,0,control,0.33504620506280564,0.0,0,0
candidate_057,2026-03-24 09:12:59+00:00,2026-04-07 09:12:59+00:00,0,treatment,0.701216489116622,0.0,0,0
candidate_065,2026-03-24 09:13:14+00:00,2026-04-07 09:13:14+00:00,0,control,0.04080341884988973,0.0,0,0
candidate_013,2026-03-24 09:17:58+00:00,2026-04-07 09:17:58+00:00,0,control,0.004930970475492794,0.0,0,0
candidate_070,2026-03-24 09:22:56+00:00,2026-04-07 09:22:56+00:00,0,control,0.0005906531460142642,0.0,0,0
candidate_061,2026-03-24 09:44:56+00:00,2026-04-07 09:44:56+00:00,0,treatment,0.7381150472023059,0.0,0,0
candidate_017,2026-03-24 10:00:21+00:00,2026-04-07 10:00:21+00:00,0,treatment,0.18567979071633675,0.0,0,0
candidate_003,2026-03-24 10:12:21+00:00,2026-04-07 10:12:21+00:00,0,control,0.06324760353454704,0.0,0,0
candidate_027,2026-03-24 10:18:06+00:00,2026-04-07 10:18:06+00:00,0,treatment,0.8447545982830149,0.0,0,0
candidate_011,2026-03-24 10:18:28+00:00,2026-04-07 10:18:28+00:00,0,control,0.7455528248583104,0.0,0,0
candidate_021,2026-03-24 10:24:35+00:00,2026-04-07 10:24:35+00:00,0,control,0.0004866244287586538,0.0,0,0
company_024,2026-03-24 10:25:07+00:00,2026-04-07 10:25:07+00:00,0,control,0.00016491107452456377,0.0,0,0
company_018,2026-03-24 10:31:17+00:00,2026-04-07 10:31:17+00:00,0,treatment,0.003069402690993552,0.0,0,0
candidate_064,2026-03-24 10:32:23+00:00,2026-04-07 10:32:23+00:00,0,control,0.0185887013644747,0.0,0,0
candidate_025,2026-03-24 11:03:07+00:00,2026-04-07 11:03:07+00:00,0,control,0.8511244226466295,0.0,0,0
candidate_012,2026-03-24 11:03:47+00:00,2026-04-07 11:03:47+00:00,0,treatment,0.8459138590247732,0.0,0,0
company_008,2026-03-24 11:06:16+00:00,2026-04-07 11:06:16+00:00,0,control,0.0006535171278267371,0.0,0,0
company_008,2026-03-24 11:16:57+00:00,2026-04-07 11:16:57+00:00,0,control,0.00033194381474308074,0.0,0,0
candidate_017,2026-03-24 11:32:52+00:00,2026-04-07 11:32:52+00:00,0,treatment,0.10376678046151898,0.0,0,0
company_015,2026-03-24 11:35:14+00:00,2026-04-07 11:35:14+00:00,0,control,0.2663324500374926,0.0,0,0
candidate_007,2026-03-24 11:43:01+00:00,2026-04-07 11:43:01+00:00,1,control,0.9570948732075445,0.0,1,0
candidate_064,2026-03-24 11:45:53+00:00,2026-04-07 11:45:53+00:00,0,control,0.009525964790143348,0.0,0,0
candidate_067,2026-03-24 11:47:48+00:00,2026-04-07 11:47:48+00:00,0,control,0.5078453574411972,0.0,0,0
candidate_033,2026-03-24 12:03:56+00:00,2026-04-07 12:03:56+00:00,0,treatment,0.00014856312693208227,0.0,0,0
company_009,2026-03-24 12:04:22+00:00,2026-04-07 12:04:22+00:00,0,treatment,8.709713627992481e-06,0.0,0,0
candidate_066,2026-03-24 12:05:40+00:00,2026-04-07 12:05:40+00:00,0,control,0.5792183524052968,0.0,0,0
company_019,2026-03-24 12:17:10+00:00,2026-04-07 12:17:10+00:00,0,treatment,0.09705863102020375,0.0,0,0
candidate_035,2026-03-24 12:20:38+00:00,2026-04-07 12:20:38+00:00,0,control,0.909541236405226,0.0,1,0
candidate_070,2026-03-24 12:30:53+00:00,2026-04-07 12:30:53+00:00,0,control,0.0006990687796394207,0.0,0,0
candidate_068,2026-03-24 12:31:19+00:00,2026-04-07 12:31:19+00:00,0,treatment,0.3457817546104985,0.0,0,0
candidate_001,2026-03-24 12:42:05+00:00,2026-04-07 12:42:05+00:00,0,treatment,0.018317066477319583,0.0,0,0
candidate_003,2026-03-24 12:48:52+00:00,2026-04-07 12:48:52+00:00,0,control,0.03314724814005699,0.0,0,0
candidate_021,2026-03-24 12:56:51+00:00,2026-04-07 12:56:51+00:00,0,control,0.00025346173503812083,0.0,0,0
candidate_031,2026-03-24 13:07:15+00:00,2026-04-07 13:07:15+00:00,0,treatment,0.2759315486935951,0.0,0,0
candidate_069,2026-03-24 13:15:48+00:00,2026-04-07 13:15:48+00:00,0,control,0.0002224691743854976,0.0,0,0
candidate_063,2026-03-24 13:16:07+00:00,2026-04-07 13:16:07+00:00,0,control,0.8762261290254355,0.0,0,0
candidate_057,2026-03-24 13:21:48+00:00,2026-04-07 13:21:48+00:00,0,treatment,0.5882188819349748,0.0,0,0
candidate_064,2026-03-24 13:22:38+00:00,2026-04-07 13:22:38+00:00,0,control,0.004859795884994356,0.0,0,0
company_013,2026-03-24 13:33:52+00:00,2026-04-07 13:33:52+00:00,0,treatment,0.9438606464495731,0.0,1,0
candidate_069,2026-03-24 13:35:30+00:00,2026-04-07 13:35:30+00:00,0,control,0.00011297576307604667,0.0,0,0
candidate_005,2026-03-24 13:52:03+00:00,2026-04-07 13:52:03+00:00,0,control,0.20372495088695125,0.0,0,0
candidate_021,2026-03-24 13:58:15+00:00,2026-04-07 13:58:15+00:00,0,control,0.00012871657343123454,0.0,0,0
candidate_017,2026-03-24 14:03:29+00:00,2026-04-07 14:03:29+00:00,0,treatment,0.05619065772561717,0.0,0,0
candidate_065,2026-03-24 14:07:31+00:00,2026-04-07 14:07:31+00:00,0,control,0.03571734821428117,0.0,0,0
company_024,2026-03-24 14:16:01+00:00,2026-04-07 14:16:01+00:00,0,control,0.00014605890026045664,0.0,0,0
company_012,2026-03-24 14:24:12+00:00,2026-04-07 14:24:12+00:00,0,control,0.834165365892853,0.0,0,0
candidate_047,2026-03-24 14:25:55+00:00,2026-04-07 14:25:55+00:00,0,treatment,0.022931174747403305,0.0,0,0
candidate_068,2026-03-24 14:33:15+00:00,2026-04-07 14:33:15+00:00,0,treatment,0.24807384167620633,0.0,0,0
candidate_003,2026-03-24 14:36:53+00:00,2026-04-07 14:36:53+00:00,0,control,0.01711038447531615,0.0,0,0
candidate_008,2026-03-24 14:38:00+00:00,2026-04-07 14:38:00+00:00,0,control,0.6926029143458368,0.0,0,0
candidate_038,2026-03-24 14:41:27+00:00,2026-04-07 14:41:27+00:00,0,treatment,0.02997429238030496,0.0,0,0
candidate_063,2026-03-24 14:47:06+00:00,2026-04-07 14:47:06+00:00,0,control,0.8213338080697867,0.0,0,0
candidate_062,2026-03-24 14:51:16+00:00,2026-04-07 14:51:16+00:00,0,control,0.9459998139229536,0.0,1,0
company_025,2026-03-24 15:20:22+00:00,2026-04-07 15:20:22+00:00,0,treatment,0.9201471517342475,0.0,1,0
candidate_062,2026-03-24 15:25:42+00:00,2026-04-07 15:25:42+00:00,0,control,0.8989425651526215,0.0,1,0
candidate_021,2026-03-24 15:30:13+00:00,2026-04-07 15:30:13+00:00,0,control,6.536268239302613e-05,0.0,0,0
candidate_003,2026-03-24 15:35:41+00:00,2026-04-07 15:35:41+00:00,0,control,0.00876195191507741,0.0,0,0
company_015,2026-03-24 15:53:46+00:00,2026-04-07 15:53:46+00:00,0,control,0.18096830581494117,0.0,0,0
candidate_061,2026-03-24 15:59:41+00:00,2026-04-07 15:59:41+00:00,0,treatment,0.678339326630135,0.0,0,0
candidate_070,2026-03-24 16:11:54+00:00,2026-04-07 16:11:54+00:00,0,control,0.0005257773026073232,0.0,0,0
company_001,2026-03-24 16:21:07+00:00,2026-04-07 16:21:07+00:00,0,treatment,0.0009340760681575101,0.0,0,0
company_008,2026-03-24 16:24:39+00:00,2026-04-07 16:24:39+00:00,0,control,0.00020826475058325698,0.0,0,0
candidate_014,2026-03-24 16:33:15+00:00,2026-04-07 16:33:15+00:00,0,treatment,0.6732266997969425,0.0,0,0
company_004,2026-03-24 16:40:24+00:00,2026-04-07 16:40:24+00:00,0,control,0.9742664031898719,0.0,1,0
company_019,2026-03-24 16:43:41+00:00,2026-04-07 16:43:41+00:00,0,treatment,0.051756213528516296,0.0,0,0
company_008,2026-03-24 17:12:21+00:00,2026-04-07 17:12:21+00:00,0,control,0.00010576163936989559,0.0,0,0
candidate_069,2026-03-24 17:22:03+00:00,2026-04-07 17:22:03+00:00,0,control,5.809672589581526e-05,0.0,0,0
candidate_037,2026-03-24 17:27:25+00:00,2026-04-07 17:27:25+00:00,0,control,5.324748964439989e-05,0.0,0,0
candidate_001,2026-03-24 17:39:03+00:00,2026-04-07 17:39:03+00:00,0,treatment,0.0093854963012977,0.0,0,0
candidate_068,2026-03-24 17:40:12+00:00,2026-04-07 17:40:12+00:00,0,treatment,0.21370221086449936,0.0,0,0
candidate_069,2026-03-24 17:40:47+00:00,2026-04-07 17:40:47+00:00,0,control,2.9500675300188387e-05,0.0,0,0
candidate_013,2026-03-24 17:52:18+00:00,2026-04-07 17:52:18+00:00,0,control,0.010630422621184275,0.0,0,0
candidate_065,2026-03-24 18:04:51+00:00,2026-04-07 18:04:51+00:00,0,control,0.01846079439933101,0.0,0,0
company_009,2026-03-24 18:15:02+00:00,2026-04-07 18:15:02+00:00,0,treatment,7.950503716617144e-06,0.0,0,0
candidate_013,2026-03-24 18:27:09+00:00,2026-04-07 18:27:09+00:00,0,control,0.00542621337165744,0.0,0,0
candidate_014,2026-03-24 18:31:17+00:00,2026-04-07 18:31:17+00:00,0,treatment,0.5112707683416318,0.0,0,0
candidate_033,2026-03-24 18:32:50+00:00,2026-04-07 18:32:50+00:00,0,treatment,7.544156196253452e-05,0.0,0,0
candidate_043,2026-03-24 18:36:25+00:00,2026-04-07 18:36:25+00:00,0,control,0.8359018420358149,0.0,0,0
candidate_005,2026-03-24 18:42:29+00:00,2026-04-07 18:42:29+00:00,0,control,0.17407549802234926,0.0,0,0
candidate_057,2026-03-24 18:59:11+00:00,2026-04-07 18:59:11+00:00,0,treatment,0.42347805787586257,0.0,0,0
company_012,2026-03-24 19:03:13+00:00,2026-04-07 19:03:13+00:00,0,control,0.7186380286983395,0.0,0,0
candidate_035,2026-03-24 19:04:18+00:00,2026-04-07 19:04:18+00:00,0,control,0.8362136747250077,0.0,0,0
company_013,2026-03-24 19:25:03+00:00,2026-04-07 19:25:03+00:00,0,treatment,0.8951458873589531,0.0,0,0
candidate_032,2026-03-24 19:26:56+00:00,2026-04-07 19:26:56+00:00,0,treatment,0.8938372966615841,0.0,0,0
candidate_033,2026-03-24 19:33:33+00:00,2026-04-07 19:33:33+00:00,0,treatment,3.8308458715027205e-05,0.0,0,0
candidate_005,2026-03-24 19:42:23+00:00,2026-04-07 19:42:23+00:00,0,control,0.06366058190231665,0.0,0,0
candidate_069,2026-03-24 19:57:51+00:00,2026-04-07 19:57:51+00:00,0,control,1.4979804447484024e-05,0.0,0,0
candidate_067,2026-03-24 20:02:29+00:00,2026-04-07 20:02:29+00:00,0,control,0.3857751901513523,0.0,0,0
candidate_060,2026-03-24 20:06:23+00:00,2026-04-07 20:06:23+00:00,0,control,0.8526421513308423,0.0,0,0
company_004,2026-03-24 20:08:58+00:00,2026-04-07 20:08:58+00:00,0,control,0.9505539442666401,0.0,1,0
candidate_021,2026-03-24 20:13:12+00:00,2026-04-07 20:13:12+00:00,0,control,3.9784876536517154e-05,0.0,0,0
candidate_001,2026-03-24 20:13:40+00:00,2026-04-07 20:13:40+00:00,0,treatment,0.008080537247408131,0.0,0,0
company_008,2026-03-24 20:21:10+00:00,2026-04-07 20:21:10+00:00,0,control,6.437588139895686e-05,0.0,0,0
candidate_067,2026-03-24 20:21:54+00:00,2026-04-07 20:21:54+00:00,0,control,0.2871083866594682,0.0,0,0
candidate_009,2026-03-24 20:30:48+00:00,2026-04-07 20:30:48+00:00,0,treatment,0.0027538228516271785,0.0,0,0
company_019,2026-03-24 20:44:07+00:00,2026-04-07 20:44:07+00:00,0,treatment,0.06798744741700956,0.0,0,0
candidate_034,2026-03-24 20:49:53+00:00,2026-04-07 20:49:53+00:00,0,control,0.7778138144520101,0.0,0,0
candidate_022,2026-03-24 20:52:32+00:00,2026-04-07 20:52:32+00:00,0,control,0.6103615662388057,0.0,0,0
company_025,2026-03-24 20:59:21+00:00,2026-04-07 20:59:21+00:00,0,treatment,0.880795468949513,0.0,0,0
candidate_046,2026-03-24 21:06:31+00:00,2026-04-07 21:06:31+00:00,0,control,0.9446973165665109,0.0,1,0
company_024,2026-03-24 21:12:16+00:00,2026-04-07 21:12:16+00:00,0,control,8.890575811013285e-05,0.0,0,0
candidate_005,2026-03-24 21:29:21+00:00,2026-04-07 21:29:21+00:00,0,control,0.03337068630853038,0.0,0,0
candidate_031,2026-03-24 21:34:51+00:00,2026-04-07 21:34:51+00:00,0,treatment,0.16213089815177945,0.0,0,0
candidate_001,2026-03-24 21:37:27+00:00,2026-04-07 21:37:27+00:00,0,treatment,0.004119447347395425,0.0,0,0
candidate_056,2026-03-24 21:38:22+00:00,2026-04-07 21:38:22+00:00,0,control,0.0073986824607578374,0.0,0,0
company_009,2026-03-24 21:53:53+00:00,2026-04-07 21:53:53+00:00,0,treatment,4.9005820785928084e-06,0.0,0,0
candidate_059,2026-03-24 21:58:32+00:00,2026-04-07 21:58:32+00:00,0,treatment,0.003575249412083052,0.0,0,0
company_024,2026-03-24 21:59:21+00:00,2026-04-07 21:59:21+00:00,0,control,4.5145739942157726e-05,0.0,0,0
candidate_011,2026-03-25 08:12:12+00:00,2026-04-08 08:12:12+00:00,0,control,0.8141224670625389,0.0,0,0
candidate_042,2026-03-25 08:14:56+00:00,2026-04-08 08:14:56+00:00,0,control,0.9163440820750662,0.0,1,0
candidate_043,2026-03-25 08:15:12+00:00,2026-04-08 08:15:12+00:00,0,control,0.9146486564844072,0.0,1,0
candidate_064,2026-03-25 08:16:46+00:00,2026-04-08 08:16:46+00:00,0,control,0.006533636394379689,0.0,0,0
candidate_031,2026-03-25 08:18:20+00:00,2026-04-08 08:18:20+00:00,0,treatment,0.2005877744554054,0.0,0,0
company_008,2026-03-25 08:27:08+00:00,2026-04-08 08:27:08+00:00,0,control,0.00014559085964369409,0.0,0,0
company_022,2026-03-25 08:30:52+00:00,2026-04-08 08:30:52+00:00,0,treatment,0.0010868415668791316,0.0,0,0
company_029,2026-03-25 08:47:03+00:00,2026-04-08 08:47:03+00:00,0,treatment,0.7756276476489998,0.0,0,0
candidate_009,2026-03-25 08:50:42+00:00,2026-04-08 08:50:42+00:00,0,treatment,0.0022696713479564722,0.0,0,0
company_023,2026-03-25 08:51:47+00:00,2026-04-08 08:51:47+00:00,0,control,0.3365766342683576,0.0,0,0
company_004,2026-03-25 08:55:50+00:00,2026-04-08 08:55:50+00:00,0,control,0.9529472147568241,0.0,1,0
company_004,2026-03-25 09:04:57+00:00,2026-04-08 09:04:57+00:00,0,control,0.9113769575774545,0.0,1,0
candidate_037,2026-03-25 09:22:43+00:00,2026-04-08 09:22:43+00:00,0,control,4.498505192101208e-05,0.0,0,0
candidate_037,2026-03-25 09:26:29+00:00,2026-04-08 09:26:29+00:00,0,control,2.2842609879775092e-05,0.0,0,0
candidate_035,2026-03-25 09:33:59+00:00,2026-04-08 09:33:59+00:00,0,control,0.8098578752505027,0.0,0,0
company_001,2026-03-25 09:35:28+00:00,2026-04-08 09:35:28+00:00,0,treatment,0.0018378975371349771,0.0,0,0
candidate_057,2026-03-25 09:44:47+00:00,2026-04-08 09:44:47+00:00,0,treatment,0.48122125403005517,0.0,0,0
company_022,2026-03-25 09:56:50+00:00,2026-04-08 09:56:50+00:00,0,treatment,0.0010868415668791316,0.0,0,0
candidate_001,2026-03-25 10:00:26+00:00,2026-04-08 10:00:26+00:00,0,treatment,0.005335222117971343,0.0,0,0
candidate_003,2026-03-25 10:08:46+00:00,2026-04-08 10:08:46+00:00,0,control,0.008872116885057176,0.0,0,0
candidate_024,2026-03-25 10:08:57+00:00,2026-04-08 10:08:57+00:00,0,treatment,0.26058715847477515,0.0,0,0
candidate_011,2026-03-25 10:14:56+00:00,2026-04-08 10:14:56+00:00,0,control,0.6898243011598657,0.0,0,0
candidate_031,2026-03-25 10:19:13+00:00,2026-04-08 10:19:13+00:00,0,treatment,0.13249055650989092,0.0,0,0
candidate_010,2026-03-25 10:41:23+00:00,2026-04-08 10:41:23+00:00,0,treatment,0.8171983539580913,0.0,0,0
candidate_021,2026-03-25 10:42:08+00:00,2026-04-08 10:42:08+00:00,0,control,4.028955349558993e-05,0.0,0,0
candidate_003,2026-03-25 10:46:50+00:00,2026-04-08 10:46:50+00:00,0,control,0.004524763676383808,0.0,0,0
candidate_064,2026-03-25 10:50:33+00:00,2026-04-08 10:50:33+00:00,0,control,0.0064523192765097645,0.0,0,0
candidate_003,2026-03-25 10:58:56+00:00,2026-04-08 10:58:56+00:00,0,control,0.002302672261757851,0.0,0,0
candidate_014,2026-03-25 11:05:16+00:00,2026-04-08 11:05:16+00:00,0,treatment,0.575645728341669,0.0,0,0
candidate_069,2026-03-25 11:11:47+00:00,2026-04-08 11:11:47+00:00,0,control,3.4481776730592365e-05,0.0,0,0
candidate_031,2026-03-25 11:25:04+00:00,2026-04-08 11:25:04+00:00,0,treatment,0.10505823107567598,0.0,0,0
company_025,2026-03-25 11:26:53+00:00,2026-04-08 11:26:53+00:00,0,treatment,0.9236622635942651,0.0,1,0
candidate_024,2026-03-25 11:27:39+00:00,2026-04-08 11:27:39+00:00,0,treatment,0.15178825941698512,0.0,0,0
candidate_021,2026-03-25 11:40:48+00:00,2026-04-08 11:40:48+00:00,0,control,2.452315487581776e-05,0.0,0,0
company_015,2026-03-25 11:57:47+00:00,2026-04-08 11:57:47+00:00,0,control,0.5564821286231321,0.0,0,0
candidate_065,2026-03-25 12:00:30+00:00,2026-04-08 12:00:30+00:00,0,control,0.04528137949429683,0.0,0,0
company_019,2026-03-25 12:02:11+00:00,2026-04-08 12:02:11+00:00,0,treatment,0.08985772227583096,0.0,0,0
company_027,2026-03-25 12:09:15+00:00,2026-04-08 12:09:15+00:00,0,treatment,0.9477909210852576,0.0,1,0
candidate_037,2026-03-25 12:10:38+00:00,2026-04-08 12:10:38+00:00,0,control,1.709163998489789e-05,0.0,0,0
company_015,2026-03-25 12:33:13+00:00,2026-04-08 12:33:13+00:00,0,control,0.5082633862074915,0.0,0,0
candidate_051,2026-03-25 12:50:21+00:00,2026-04-08 12:50:21+00:00,0,control,0.3161213484339215,0.0,0,0
company_027,2026-03-25 13:12:08+00:00,2026-04-08 13:12:08+00:00,0,treatment,0.9021330201236349,0.0,1,0
candidate_057,2026-03-25 13:14:28+00:00,2026-04-08 13:14:28+00:00,0,treatment,0.32019515739696897,0.0,0,0
company_001,2026-03-25 13:15:34+00:00,2026-04-08 13:15:34+00:00,0,treatment,0.002454806605793822,0.0,0,0
candidate_064,2026-03-25 13:36:59+00:00,2026-04-08 13:36:59+00:00,0,control,0.003937230871172016,0.0,0,0
candidate_046,2026-03-25 13:42:18+00:00,2026-04-08 13:42:18+00:00,0,control,0.9654850336254192,0.0,1,0
candidate_060,2026-03-25 13:43:42+00:00,2026-04-08 13:43:42+00:00,0,control,0.9281766627892247,0.0,1,0
candidate_005,2026-03-25 13:53:40+00:00,2026-04-08 13:53:40+00:00,0,control,0.04284796164763238,0.0,0,0
candidate_066,2026-03-25 13:54:07+00:00,2026-04-08 13:54:07+00:00,0,control,0.7537485221109218,0.0,0,0
candidate_029,2026-03-25 14:23:40+00:00,2026-04-08 14:23:40+00:00,0,control,0.9277746887784296,0.0,1,0
candidate_006,2026-03-25 14:31:08+00:00,2026-04-08 14:31:08+00:00,0,control,0.8576597144145397,0.0,0,0
company_001,2026-03-25 14:38:18+00:00,2026-04-08 14:38:18+00:00,0,treatment,0.0014955871688522011,0.0,0,0
candidate_047,2026-03-25 14:43:38+00:00,2026-04-08 14:43:38+00:00,0,treatment,0.024688374777147276,0.0,0,0
candidate_033,2026-03-25 14:50:11+00:00,2026-04-08 14:50:11+00:00,0,treatment,0.00012551237390603302,0.0,0,0
company_015,2026-03-25 14:55:50+00:00,2026-04-08 14:55:50+00:00,0,control,0.3470430580681057,0.0,0,0
candidate_009,2026-03-25 15:07:58+00:00,2026-04-08 15:07:58+00:00,0,treatment,0.009501103399688429,0.0,0,0
candidate_033,2026-03-25 15:08:42+00:00,2026-04-08 15:08:42+00:00,0,treatment,0.00012394030703492202,0.0,0,0
candidate_037,2026-03-25 15:10:06+00:00,2026-04-08 15:10:06+00:00,0,control,1.709163998489789e-05,0.0,0,0
candidate_057,2026-03-25 15:16:44+00:00,2026-04-08 15:16:44+00:00,0,treatment,0.22281002783495876,0.0,0,0
candidate_017,2026-03-25 15:23:03+00:00,2026-04-08 15:23:03+00:00,0,treatment,0.17425671942884352,0.0,0,0
company_024,2026-03-25 15:27:17+00:00,2026-04-08 15:27:17+00:00,0,control,0.00012085499088499315,0.0,0,0
candidate_025,2026-03-25 15:36:58+00:00,2026-04-08 15:36:58+00:00,0,control,0.9034920426708232,0.0,1,0
candidate_006,2026-03-25 15:51:00+00:00,2026-04-08 15:51:00+00:00,0,control,0.7536662110674229,0.0,0,0
candidate_003,2026-03-25 16:02:53+00:00,2026-04-08 16:02:53+00:00,0,control,0.0014205863161020067,0.0,0,0
candidate_021,2026-03-25 16:04:36+00:00,2026-04-08 16:04:36+00:00,0,control,1.2452296792675962e-05,0.0,0,0
candidate_023,2026-03-25 16:10:42+00:00,2026-04-08 16:10:42+00:00,0,treatment,0.8633978330789824,0.0,0,0
candidate_042,2026-03-25 16:24:52+00:00,2026-04-08 16:24:52+00:00,0,control,0.9098484124095245,0.0,1,0
candidate_066,2026-03-25 16:26:49+00:00,2026-04-08 16:26:49+00:00,0,control,0.7160323656468112,0.0,0,0
candidate_066,2026-03-25 16:46:24+00:00,2026-04-08 16:46:24+00:00,0,control,0.5614725186660172,0.0,0,0
candidate_029,2026-03-25 16:55:58+00:00,2026-04-08 16:55:58+00:00,1,control,0.8929505988661343,0.0,0,0
candidate_024,2026-03-25 17:44:46+00:00,2026-04-08 17:44:46+00:00,0,treatment,0.09822236779819574,0.0,0,0
candidate_035,2026-03-25 17:44:49+00:00,2026-04-08 17:44:49+00:00,0,control,0.6865346926883329,0.0,0,0
candidate_047,2026-03-25 17:55:53+00:00,2026-04-08 17:55:53+00:00,0,treatment,0.02042688480992448,0.0,0,0
candidate_060,2026-03-25 17:57:50+00:00,2026-04-08 17:57:50+00:00,0,control,0.8677589847524364,0.0,0,0
company_022,2026-03-25 18:02:41+00:00,2026-04-08 18:02:41+00:00,0,treatment,0.0010303984458767354,0.0,0,0
candidate_064,2026-03-25 18:22:56+00:00,2026-04-08 18:22:56+00:00,0,control,0.003245700735166958,0.0,0,0
company_022,2026-03-25 18:24:52+00:00,2026-04-08 18:24:52+00:00,0,treatment,0.0006274186026181135,0.0,0,0
candidate_061,2026-03-25 18:27:47+00:00,2026-04-08 18:27:47+00:00,0,treatment,0.7707285897773553,0.0,0,0
company_027,2026-03-25 18:28:25+00:00,2026-04-08 18:28:25+00:00,0,treatment,0.8239625061624163,0.0,0,0
company_001,2026-03-25 18:29:11+00:00,2026-04-08 18:29:11+00:00,0,treatment,0.0004829386401012592,0.0,0,0
candidate_014,2026-03-25 18:41:47+00:00,2026-04-08 18:41:47+00:00,0,treatment,0.4109123336542142,0.0,0,0
candidate_022,2026-03-25 18:42:54+00:00,2026-04-08 18:42:54+00:00,0,control,0.6756554949447192,0.0,0,0
company_018,2026-03-25 18:52:07+00:00,2026-04-08 18:52:07+00:00,0,treatment,0.0077783392448925,0.0,0,0
candidate_014,2026-03-25 19:05:22+00:00,2026-04-08 19:05:22+00:00,0,treatment,0.26155155532792407,0.0,0,0
company_024,2026-03-25 19:16:38+00:00,2026-04-08 19:16:38+00:00,0,control,7.356346367453995e-05,0.0,0,0
candidate_033,2026-03-25 19:32:17+00:00,2026-04-08 19:32:17+00:00,0,treatment,7.63985146173909e-05,0.0,0,0
company_019,2026-03-25 19:35:41+00:00,2026-04-08 19:35:41+00:00,0,treatment,0.03813581299066792,0.0,0,0
candidate_035,2026-03-25 19:36:53+00:00,2026-04-08 19:36:53+00:00,0,control,0.5713785576436948,0.0,0,0
candidate_001,2026-03-25 19:38:30+00:00,2026-04-08 19:38:30+00:00,0,treatment,0.02211733320821801,0.0,0,0
candidate_033,2026-03-25 19:50:30+00:00,2026-04-08 19:50:30+00:00,0,treatment,6.29371312609478e-05,0.0,0,0
company_022,2026-03-25 19:51:10+00:00,2026-04-08 19:51:10+00:00,0,treatment,0.00031868338135019594,0.0,0,0
company_008,2026-03-25 19:55:59+00:00,2026-04-08 19:55:59+00:00,0,control,0.00039787357518093834,0.0,0,0
candidate_013,2026-03-25 20:00:55+00:00,2026-04-08 20:00:55+00:00,0,control,0.06927945871509067,0.0,0,0
company_001,2026-03-25 20:09:08+00:00,2026-04-08 20:09:08+00:00,0,treatment,0.000245280535681354,0.0,0,0
candidate_064,2026-03-25 20:14:03+00:00,2026-04-08 20:14:03+00:00,0,control,0.0010760738824513807,0.0,0,0
candidate_050,2026-03-25 20:16:15+00:00,2026-04-08 20:16:15+00:00,0,treatment,0.9416602338392447,0.0,1,0
candidate_033,2026-03-25 20:20:44+00:00,2026-04-08 20:20:44+00:00,0,treatment,3.195863912956811e-05,0.0,0,0
candidate_023,2026-03-25 20:26:56+00:00,2026-04-08 20:26:56+00:00,0,treatment,0.7624353663028302,0.0,0,0
company_025,2026-03-25 20:30:02+00:00,2026-04-08 20:30:02+00:00,0,treatment,0.8817695178477044,0.0,0,0
candidate_006,2026-03-25 20:31:19+00:00,2026-04-08 20:31:19+00:00,0,control,0.6083870619126907,0.0,0,0
candidate_010,2026-03-25 20:32:31+00:00,2026-04-08 20:32:31+00:00,0,treatment,0.6941844228698018,0.0,0,0
candidate_024,2026-03-25 20:34:55+00:00,2026-04-08 20:34:55+00:00,0,treatment,0.14857070155216456,0.0,0,0
company_013,2026-03-25 20:37:36+00:00,2026-04-08 20:37:36+00:00,0,treatment,0.9436857539814896,0.0,1,0
candidate_013,2026-03-25 20:41:09+00:00,2026-04-08 20:41:09+00:00,0,control,0.036420072930188244,0.0,0,0
candidate_050,2026-03-25 20:42:50+00:00,2026-04-08 20:42:50+00:00,0,treatment,0.8912560588795567,0.0,0,0
candidate_059,2026-03-25 20:55:57+00:00,2026-04-08 20:55:57+00:00,0,treatment,0.015858529409340027,0.0,0,0
candidate_069,2026-03-25 20:58:30+00:00,2026-04-08 20:58:30+00:00,0,control,0.00010312880839913719,0.0,0,0
candidate_013,2026-03-25 20:58:45+00:00,2026-04-08 20:58:45+00:00,0,control,0.01883063334510809,0.0,0,0
company_029,2026-03-25 21:01:54+00:00,2026-04-08 21:01:54+00:00,0,treatment,0.761054830739888,0.0,0,0
candidate_037,2026-03-25 21:08:01+00:00,2026-04-08 21:08:01+00:00,0,control,2.8941562491518508e-05,0.0,0,0
company_015,2026-03-25 21:08:21+00:00,2026-04-08 21:08:21+00:00,0,control,0.14635746138913872,0.0,0,0
candidate_024,2026-03-25 21:21:51+00:00,2026-04-08 21:21:51+00:00,0,treatment,0.08139216638863095,0.0,0,0
candidate_012,2026-03-25 21:26:28+00:00,2026-04-08 21:26:28+00:00,1,treatment,0.8353882910067227,0.0,0,0
candidate_023,2026-03-25 21:31:52+00:00,2026-04-08 21:31:52+00:00,0,treatment,0.6197184255933843,0.0,0,0
candidate_070,2026-03-25 21:36:21+00:00,2026-04-08 21:36:21+00:00,0,control,0.0014540974402209477,0.0,0,0
candidate_021,2026-03-25 21:40:23+00:00,2026-04-08 21:40:23+00:00,0,control,1.0890441810729432e-05,0.0,0,0
candidate_047,2026-03-25 21:45:08+00:00,2026-04-08 21:45:08+00:00,0,treatment,0.008099481523872848,0.0,0,0
candidate_021,2026-03-25 21:48:04+00:00,2026-04-08 21:48:04+00:00,0,control,5.5298799973315875e-06,0.0,0,0
candidate_059,2026-03-25 21:59:44+00:00,2026-04-08 21:59:44+00:00,0,treatment,0.008115853665823701,0.0,0,0
company_018,2026-03-26 08:09:43+00:00,2026-04-09 08:09:43+00:00,0,treatment,0.014831043122803558,0.0,0,0
company_009,2026-03-26 08:10:07+00:00,2026-04-09 08:10:07+00:00,0,treatment,2.7656358862960006e-05,0.0,0,0
candidate_006,2026-03-26 08:13:52+00:00,2026-04-09 08:13:52+00:00,0,control,0.6682698889370873,0.0,0,0
candidate_039,2026-03-26 08:27:04+00:00,2026-04-09 08:27:04+00:00,0,control,0.7420043911723581,0.0,0,0
candidate_069,2026-03-26 08:30:00+00:00,2026-04-09 08:30:00+00:00,0,control,0.00013372443493893824,0.0,0,0
company_024,2026-03-26 08:37:38+00:00,2026-04-09 08:37:38+00:00,0,control,9.831412162932744e-05,0.0,0,0
candidate_004,2026-03-26 08:39:39+00:00,2026-04-09 08:39:39+00:00,0,treatment,0.8703188774334265,0.0,0,0
company_005,2026-03-26 08:46:41+00:00,2026-04-09 08:46:41+00:00,0,control,0.5913086179494407,0.0,0,0
company_019,2026-03-26 09:00:33+00:00,2026-04-09 09:00:33+00:00,0,treatment,0.05008387170109156,0.0,0,0
company_019,2026-03-26 09:00:57+00:00,2026-04-09 09:00:57+00:00,0,treatment,0.026073930510115983,0.0,0,0
candidate_044,2026-03-26 09:01:12+00:00,2026-04-09 09:01:12+00:00,0,control,0.9417537395535909,0.0,1,0
company_013,2026-03-26 09:01:25+00:00,2026-04-09 09:01:25+00:00,0,treatment,0.9630277028075274,0.0,1,0
company_024,2026-03-26 09:19:51+00:00,2026-04-09 09:19:51+00:00,0,control,5.9842489440277e-05,0.0,0,0
company_001,2026-03-26 09:31:25+00:00,2026-04-09 09:31:25+00:00,0,treatment,0.0003860377853065779,0.0,0,0
candidate_048,2026-03-26 09:38:32+00:00,2026-04-09 09:38:32+00:00,0,control,0.739583848778732,0.0,0,0
company_010,2026-03-26 09:42:30+00:00,2026-04-09 09:42:30+00:00,0,treatment,0.7537485221109218,0.0,0,0
candidate_001,2026-03-26 09:43:14+00:00,2026-04-09 09:43:14+00:00,0,treatment,0.01829131081606565,0.0,0,0
company_003,2026-03-26 09:48:44+00:00,2026-04-09 09:48:44+00:00,0,control,0.9014199782422015,0.0,1,0
candidate_016,2026-03-26 09:49:45+00:00,2026-04-09 09:49:45+00:00,0,control,0.2943623524861812,0.0,0,0
company_011,2026-03-26 09:49:57+00:00,2026-04-09 09:49:57+00:00,0,control,0.7420043911723581,0.0,0,0
company_003,2026-03-26 10:53:36+00:00,2026-04-09 10:53:36+00:00,0,control,0.8227918029572772,0.0,0,0
company_011,2026-03-26 10:58:29+00:00,2026-04-09 10:58:29+00:00,0,control,0.593556588016243,0.0,0,0
company_005,2026-03-26 10:59:51+00:00,2026-04-09 10:59:51+00:00,0,control,0.4812623759971612,0.0,0,0
company_017,2026-03-26 11:31:40+00:00,2026-04-09 11:31:40+00:00,0,control,0.9563660898564856,0.0,1,0
candidate_039,2026-03-26 11:40:51+00:00,2026-04-09 11:40:51+00:00,0,control,0.6484081129685074,0.0,0,0
candidate_030,2026-03-26 11:49:04+00:00,2026-04-09 11:49:04+00:00,0,control,0.8300871137934948,0.0,0,0
candidate_015,2026-03-26 11:53:13+00:00,2026-04-09 11:53:13+00:00,0,control,0.5913086179494407,0.0,0,0
company_002,2026-03-26 12:26:10+00:00,2026-04-09 12:26:10+00:00,0,treatment,0.8146206941001346,0.0,0,0
candidate_064,2026-03-26 12:46:14+00:00,2026-04-09 12:46:14+00:00,0,control,0.0017579131183589843,0.0,0,0
candidate_044,2026-03-26 12:51:51+00:00,2026-04-09 12:51:51+00:00,1,control,0.8926351459657982,0.0,0,0
candidate_024,2026-03-26 12:56:38+00:00,2026-04-09 12:56:38+00:00,0,treatment,0.06802563612697497,0.0,0,0
candidate_033,2026-03-26 12:59:13+00:00,2026-04-09 12:59:13+00:00,0,treatment,6.29371312609478e-05,0.0,0,0
candidate_013,2026-03-26 13:08:11+00:00,2026-04-09 13:08:11+00:00,0,control,0.025630577695347535,0.0,0,0
company_004,2026-03-26 13:20:02+00:00,2026-04-09 13:20:02+00:00,0,control,0.9103535003848184,0.0,1,0
company_005,2026-03-26 13:22:44+00:00,2026-04-09 13:22:44+00:00,0,control,0.3202310130336579,0.0,0,0
candidate_040,2026-03-26 13:26:09+00:00,2026-04-09 13:26:09+00:00,0,control,0.5913086179494407,0.0,0,0
candidate_002,2026-03-26 13:32:04+00:00,2026-04-09 13:32:04+00:00,0,treatment,0.5913086179494407,0.0,0,0
company_009,2026-03-26 13:34:36+00:00,2026-04-09 13:34:36+00:00,0,treatment,2.418754919563331e-05,0.0,0,0
candidate_016,2026-03-26 13:49:49+00:00,2026-04-09 13:49:49+00:00,0,control,0.29175075231258474,0.0,0,0
candidate_056,2026-03-26 13:53:52+00:00,2026-04-09 13:53:52+00:00,0,control,0.02809742458811019,0.0,0,0
candidate_052,2026-03-26 13:55:39+00:00,2026-04-09 13:55:39+00:00,0,treatment,0.5913086179494407,0.0,0,0
candidate_059,2026-03-26 13:59:10+00:00,2026-04-09 13:59:10+00:00,0,treatment,0.01692207310020861,0.0,0,0
candidate_006,2026-03-26 14:06:44+00:00,2026-04-09 14:06:44+00:00,0,control,0.5056611694234759,0.0,0,0
company_015,2026-03-26 14:16:27+00:00,2026-04-09 14:16:27+00:00,0,control,0.12513295934188293,0.0,0,0
candidate_065,2026-03-26 14:21:15+00:00,2026-04-09 14:21:15+00:00,0,control,0.02997429238030496,0.0,0,0
company_030,2026-03-26 14:24:05+00:00,2026-04-09 14:24:05+00:00,0,control,0.9612022387590786,0.0,1,0
company_013,2026-03-26 14:32:37+00:00,2026-04-09 14:32:37+00:00,0,treatment,0.9297064286071357,0.0,1,0
candidate_037,2026-03-26 14:38:13+00:00,2026-04-09 14:38:13+00:00,0,control,7.390581765190117e-05,0.0,0,0
candidate_039,2026-03-26 14:55:15+00:00,2026-04-09 14:55:15+00:00,0,control,0.5418235009618242,0.0,0,0
candidate_028,2026-03-26 14:59:46+00:00,2026-04-09 14:59:46+00:00,0,control,0.5913086179494407,0.0,0,0
company_012,2026-03-26 15:00:06+00:00,2026-04-09 15:00:06+00:00,0,control,0.8089985470715061,0.0,0,0
company_023,2026-03-26 15:18:20+00:00,2026-04-09 15:18:20+00:00,0,control,0.5374698479102752,0.0,0,0
company_009,2026-03-26 15:23:27+00:00,2026-04-09 15:23:27+00:00,0,treatment,1.2281881880245363e-05,0.0,0,0
candidate_030,2026-03-26 15:38:28+00:00,2026-04-09 15:38:28+00:00,0,control,0.7830610982736753,0.0,0,0
candidate_057,2026-03-26 15:46:19+00:00,2026-04-09 15:46:19+00:00,0,treatment,0.19976191180751907,0.0,0,0
candidate_070,2026-03-26 15:52:01+00:00,2026-04-09 15:52:01+00:00,0,control,0.0031318782073401405,0.0,0,0
candidate_006,2026-03-26 15:53:40+00:00,2026-04-09 15:53:40+00:00,0,control,0.3418458867441469,0.0,0,0
company_030,2026-03-26 15:57:07+00:00,2026-04-09 15:57:07+00:00,0,control,0.926361566545564,0.0,1,0
company_008,2026-03-26 16:02:43+00:00,2026-04-09 16:02:43+00:00,0,control,0.00040802803366505306,0.0,0,0
candidate_052,2026-03-26 16:15:23+00:00,2026-04-09 16:15:23+00:00,0,treatment,0.42351827377567364,0.0,0,0
candidate_024,2026-03-26 16:18:41+00:00,2026-04-09 16:18:41+00:00,0,treatment,0.04357581820475896,0.0,0,0
company_023,2026-03-26 16:42:44+00:00,2026-04-09 16:42:44+00:00,0,control,0.4142728377442078,0.0,0,0
company_010,2026-03-26 17:06:33+00:00,2026-04-09 17:06:33+00:00,0,treatment,0.6507222139117553,0.0,0,0
candidate_034,2026-03-26 17:10:02+00:00,2026-04-09 17:10:02+00:00,0,control,0.7799847226133471,0.0,0,0
candidate_023,2026-03-26 17:17:00+00:00,2026-04-09 17:17:00+00:00,0,treatment,0.6388202990356153,0.0,0,0
candidate_065,2026-03-26 17:40:43+00:00,2026-04-09 17:40:43+00:00,0,control,0.015640901956070482,0.0,0,0
candidate_020,2026-03-26 17:40:55+00:00,2026-04-09 17:40:55+00:00,1,control,0.8747144653780635,0.0,0,0
candidate_034,2026-03-26 17:44:39+00:00,2026-04-09 17:44:39+00:00,0,control,0.6833233887444025,0.0,0,0
company_021,2026-03-26 17:48:50+00:00,2026-04-09 17:48:50+00:00,0,treatment,0.8080674945455454,0.0,0,0
candidate_009,2026-03-26 18:00:48+00:00,2026-04-09 18:00:48+00:00,0,treatment,0.07640600507055582,0.0,0,0
candidate_024,2026-03-26 18:05:18+00:00,2026-04-09 18:05:18+00:00,0,treatment,0.026983135182126586,0.0,0,0
company_001,2026-03-26 18:16:55+00:00,2026-04-09 18:16:55+00:00,0,treatment,0.0016463675986163934,0.0,0,0
company_018,2026-03-26 18:17:19+00:00,2026-04-09 18:17:19+00:00,0,treatment,0.02134394097401701,0.0,0,0
candidate_056,2026-03-26 18:18:19+00:00,2026-04-09 18:18:19+00:00,0,control,0.015090480841451056,0.0,0,0
candidate_004,2026-03-26 18:18:31+00:00,2026-04-09 18:18:31+00:00,1,treatment,0.7753310741061088,0.0,0,0
company_010,2026-03-26 18:25:34+00:00,2026-04-09 18:25:34+00:00,0,treatment,0.4861261967825077,0.0,0,0
company_001,2026-03-26 18:31:10+00:00,2026-04-09 18:31:10+00:00,0,treatment,0.0008366557128379128,0.0,0,0
candidate_052,2026-03-26 18:35:19+00:00,2026-04-09 18:35:19+00:00,0,treatment,0.3202310130336579,0.0,0,0
candidate_027,2026-03-26 18:36:44+00:00,2026-04-09 18:36:44+00:00,0,treatment,0.9300540669837724,0.0,1,0
candidate_060,2026-03-26 18:43:53+00:00,2026-04-09 18:43:53+00:00,0,control,0.8438881827899934,0.0,0,0
candidate_051,2026-03-26 18:49:28+00:00,2026-04-09 18:49:28+00:00,0,control,0.3806925957046398,0.0,0,0
company_019,2026-03-26 18:52:06+00:00,2026-04-09 18:52:06+00:00,0,treatment,0.010246060410234143,0.0,0,0
company_003,2026-03-26 18:52:13+00:00,2026-04-09 18:52:13+00:00,0,control,0.7444254518945445,0.0,0,0
candidate_051,2026-03-26 18:52:42+00:00,2026-04-09 18:52:42+00:00,0,control,0.23788061222279483,0.0,0,0
candidate_041,2026-03-26 18:53:22+00:00,2026-04-09 18:53:22+00:00,0,treatment,0.8171983539580913,0.0,0,0
candidate_059,2026-03-26 18:56:10+00:00,2026-04-09 18:56:10+00:00,0,treatment,0.006612012804193611,0.0,0,0
candidate_016,2026-03-26 19:01:51+00:00,2026-04-09 19:01:51+00:00,0,control,0.20046567292469172,0.0,0,0
company_014,2026-03-26 19:15:57+00:00,2026-04-09 19:15:57+00:00,0,control,0.7420043911723581,0.0,0,0
candidate_013,2026-03-26 19:17:09+00:00,2026-04-09 19:17:09+00:00,0,control,0.04142694671565284,0.0,0,0
candidate_001,2026-03-26 19:18:44+00:00,2026-04-09 19:18:44+00:00,0,treatment,0.013579541994176093,0.0,0,0
candidate_033,2026-03-26 19:23:05+00:00,2026-04-09 19:23:05+00:00,0,treatment,7.449659501397239e-05,0.0,0,0
candidate_060,2026-03-26 19:23:16+00:00,2026-04-09 19:23:16+00:00,0,control,0.7329658818747701,0.0,0,0
candidate_024,2026-03-26 19:38:45+00:00,2026-04-09 19:38:45+00:00,0,treatment,0.013885681080249974,0.0,0,0
candidate_056,2026-03-26 19:45:44+00:00,2026-04-09 19:45:44+00:00,0,control,0.007719851147477309,0.0,0,0
company_023,2026-03-26 19:48:04+00:00,2026-04-09 19:48:04+00:00,0,control,0.26423847243966575,0.0,0,0
candidate_013,2026-03-26 19:50:50+00:00,2026-04-09 19:50:50+00:00,0,control,0.021473274748986172,0.0,0,0
candidate_028,2026-03-26 20:04:27+00:00,2026-04-09 20:04:27+00:00,0,control,0.42351827377567364,0.0,0,0
candidate_041,2026-03-26 20:08:14+00:00,2026-04-09 20:08:14+00:00,0,treatment,0.7413729609613721,0.0,0,0
candidate_002,2026-03-26 20:17:37+00:00,2026-04-09 20:17:37+00:00,0,treatment,0.4812623759971612,0.0,0,0
company_018,2026-03-26 20:26:44+00:00,2026-04-09 20:26:44+00:00,0,treatment,0.010952906316208747,0.0,0,0
company_013,2026-03-26 20:46:52+00:00,2026-04-09 20:46:52+00:00,0,treatment,0.8957090454625354,0.0,0,0
company_009,2026-03-26 20:56:57+00:00,2026-04-09 20:56:57+00:00,0,treatment,7.763684787653757e-06,0.0,0,0
company_015,2026-03-26 21:00:04+00:00,2026-04-09 21:00:04+00:00,0,control,0.06850947517764525,0.0,0,0
candidate_013,2026-03-26 21:04:07+00:00,2026-04-09 21:04:07+00:00,0,control,0.011019984537818078,0.0,0,0
company_012,2026-03-26 21:05:53+00:00,2026-04-09 21:05:53+00:00,1,control,0.6826097723963568,0.0,0,0
company_007,2026-03-26 21:09:55+00:00,2026-04-09 21:09:55+00:00,0,control,0.7570466374741178,0.0,0,0
candidate_010,2026-03-26 21:12:28+00:00,2026-04-09 21:12:28+00:00,0,treatment,0.7464161000971244,0.0,0,0
candidate_060,2026-03-26 21:14:59+00:00,2026-04-09 21:14:59+00:00,0,control,0.5822454340154477,0.0,0,0
company_004,2026-03-26 21:19:50+00:00,2026-04-09 21:19:50+00:00,1,control,0.8810805996477814,0.0,0,0
company_001,2026-03-26 21:33:57+00:00,2026-04-09 21:33:57+00:00,0,treatment,0.00033194381474308074,0.0,0,0
candidate_011,2026-03-26 21:35:15+00:00,2026-04-09 21:35:15+00:00,0,control,0.7425244574005173,0.0,0,0
company_007,2026-03-26 21:37:57+00:00,2026-04-09 21:37:57+00:00,0,control,0.6664543645775487,0.0,0,0
candidate_030,2026-03-26 21:41:52+00:00,2026-04-09 21:41:52+00:00,0,control,0.6595507480506362,0.0,0,0
candidate_024,2026-03-26 21:47:39+00:00,2026-04-09 21:47:39+00:00,0,treatment,0.007099268988000641,0.0,0,0
candidate_037,2026-03-26 21:53:00+00:00,2026-04-09 21:53:00+00:00,0,control,0.0001235736227282953,0.0,0,0
candidate_069,2026-03-26 21:56:04+00:00,2026-04-09 21:56:04+00:00,0,control,0.0002496358523873706,0.0,0,0
candidate_008,2026-03-27 08:02:36+00:00,2026-04-10 08:02:36+00:00,0,control,0.7536662110674229,0.0,0,0
candidate_046,2026-03-27 08:05:00+00:00,2026-04-10 08:05:00+00:00,1,control,0.9480455802999389,0.0,1,0
candidate_056,2026-03-27 08:16:04+00:00,2026-04-10 08:16:04+00:00,0,control,0.010112975948355307,0.0,0,0
candidate_067,2026-03-27 08:23:44+00:00,2026-04-10 08:23:44+00:00,0,control,0.28778343403018053,0.0,0,0
candidate_002,2026-03-27 08:23:53+00:00,2026-04-10 08:23:53+00:00,0,treatment,0.5460807252433343,0.0,0,0
candidate_047,2026-03-27 08:31:06+00:00,2026-04-10 08:31:06+00:00,0,treatment,0.0657900100686037,0.0,0,0
candidate_035,2026-03-27 08:37:47+00:00,2026-04-10 08:37:47+00:00,0,control,0.7729485171819225,0.0,0,0
company_003,2026-03-27 08:40:54+00:00,2026-04-10 08:40:54+00:00,0,control,0.7906638584624585,0.0,0,0
company_008,2026-03-27 08:42:05+00:00,2026-04-10 08:42:05+00:00,0,control,0.00040291882919352666,0.0,0,0
candidate_023,2026-03-27 08:47:06+00:00,2026-04-10 08:47:06+00:00,0,treatment,0.7433477644800187,0.0,0,0
candidate_034,2026-03-27 09:05:12+00:00,2026-04-10 09:05:12+00:00,0,control,0.7367064972573922,0.0,0,0
candidate_028,2026-03-27 09:11:21+00:00,2026-04-10 09:11:21+00:00,0,control,0.5460807252433343,0.0,0,0
company_003,2026-03-27 09:15:17+00:00,2026-04-10 09:15:17+00:00,0,control,0.6572823776395664,0.0,0,0
candidate_005,2026-03-27 09:16:39+00:00,2026-04-10 09:16:39+00:00,0,control,0.07903767318737887,0.0,0,0
candidate_032,2026-03-27 09:21:50+00:00,2026-04-10 09:21:50+00:00,0,treatment,0.927553529734103,0.0,1,0
candidate_053,2026-03-27 09:33:39+00:00,2026-04-10 09:33:39+00:00,0,control,0.5913086179494407,0.0,0,0
candidate_002,2026-03-27 09:41:55+00:00,2026-04-10 09:41:55+00:00,0,treatment,0.3792159810809062,0.0,0,0
company_007,2026-03-27 10:08:06+00:00,2026-04-10 10:08:06+00:00,0,control,0.7215222445782417,0.0,0,0
candidate_056,2026-03-27 10:19:55+00:00,2026-04-10 10:19:55+00:00,0,control,0.013470016150194535,0.0,0,0
candidate_048,2026-03-27 10:21:00+00:00,2026-04-10 10:21:00+00:00,0,control,0.8230283573143176,0.0,0,0
candidate_069,2026-03-27 10:47:39+00:00,2026-04-10 10:47:39+00:00,0,control,0.00032778700159486634,0.0,0,0
candidate_033,2026-03-27 10:48:56+00:00,2026-04-10 10:48:56+00:00,0,treatment,9.956117667300009e-05,0.0,0,0
candidate_052,2026-03-27 10:49:02+00:00,2026-04-10 10:49:02+00:00,0,treatment,0.3792159810809062,0.0,0,0
candidate_013,2026-03-27 10:51:41+00:00,2026-04-10 10:51:41+00:00,0,control,0.017538111418473723,0.0,0,0
candidate_070,2026-03-27 11:06:50+00:00,2026-04-10 11:06:50+00:00,0,control,0.016024343098253378,0.0,0,0
candidate_005,2026-03-27 11:07:59+00:00,2026-04-10 11:07:59+00:00,0,control,0.06603001313205707,0.0,0,0
candidate_040,2026-03-27 11:16:19+00:00,2026-04-10 11:16:19+00:00,0,control,0.6523104977230528,0.0,0,0
candidate_062,2026-03-27 11:17:54+00:00,2026-04-10 11:17:54+00:00,0,control,0.880795468949513,0.0,0,0
company_009,2026-03-27 11:29:01+00:00,2026-04-10 11:29:01+00:00,0,treatment,1.0067252343956017e-05,0.0,0,0
candidate_005,2026-03-27 11:29:52+00:00,2026-04-10 11:29:52+00:00,0,control,0.034654460134034434,0.0,0,0
company_001,2026-03-27 11:42:18+00:00,2026-04-10 11:42:18+00:00,0,treatment,0.0018352699467512371,0.0,0,0
candidate_056,2026-03-27 11:52:37+00:00,2026-04-10 11:52:37+00:00,0,control,0.006885335419674054,0.0,0,0
candidate_050,2026-03-27 12:17:56+00:00,2026-04-10 12:17:56+00:00,0,treatment,0.9139988674915072,0.0,1,0
candidate_006,2026-03-27 12:23:23+00:00,2026-04-10 12:23:23+00:00,0,control,0.3023117409226793,0.0,0,0
company_002,2026-03-27 12:23:36+00:00,2026-04-10 12:23:36+00:00,1,treatment,0.8507063233663623,0.0,0,0
candidate_069,2026-03-27 12:35:15+00:00,2026-04-10 12:35:15+00:00,0,control,0.000270043044079428,0.0,0,0
candidate_035,2026-03-27 12:38:58+00:00,2026-04-10 12:38:58+00:00,0,control,0.5682885768459239,0.0,0,0
candidate_047,2026-03-27 12:41:03+00:00,2026-04-10 12:41:03+00:00,0,treatment,0.034946941740821365,0.0,0,0
candidate_064,2026-03-27 12:41:49+00:00,2026-04-10 12:41:49+00:00,0,control,0.0024924209571221424,0.0,0,0
company_010,2026-03-27 12:42:43+00:00,2026-04-10 12:42:43+00:00,0,treatment,0.558366321701264,0.0,0,0
company_025,2026-03-27 12:43:06+00:00,2026-04-10 12:43:06+00:00,0,treatment,0.8600197895977303,0.0,0,0
company_019,2026-03-27 12:43:52+00:00,2026-04-10 12:43:52+00:00,0,treatment,0.016033846140956435,0.0,0,0
candidate_006,2026-03-27 13:01:26+00:00,2026-04-10 13:01:26+00:00,0,control,0.18034107418070208,0.0,0,0
candidate_028,2026-03-27 13:01:34+00:00,2026-04-10 13:01:34+00:00,0,control,0.435482703219228,0.0,0,0
company_008,2026-03-27 13:07:51+00:00,2026-04-10 13:07:51+00:00,0,control,0.0007931952175941214,0.0,0,0
company_026,2026-03-27 13:11:48+00:00,2026-04-10 13:11:48+00:00,0,control,0.7420043911723581,0.0,0,0
candidate_059,2026-03-27 13:23:19+00:00,2026-04-10 13:23:19+00:00,0,treatment,0.014156774653230838,0.0,0,0
company_019,2026-03-27 13:38:53+00:00,2026-04-10 13:38:53+00:00,0,treatment,0.008309525642863604,0.0,0,0
candidate_015,2026-03-27 13:39:57+00:00,2026-04-10 13:39:57+00:00,0,control,0.7031977786742204,0.0,0,0
company_008,2026-03-27 13:50:03+00:00,2026-04-10 13:50:03+00:00,0,control,0.0006535171278267371,0.0,0,0
candidate_048,2026-03-27 13:51:23+00:00,2026-04-10 13:51:23+00:00,0,control,0.7488781038316562,0.0,0,0
candidate_039,2026-03-27 13:53:22+00:00,2026-04-10 13:53:22+00:00,0,control,0.6052810439607857,0.0,0,0
candidate_006,2026-03-27 13:55:43+00:00,2026-04-10 13:55:43+00:00,0,control,0.1236401156708005,0.0,0,0
candidate_024,2026-03-27 13:59:11+00:00,2026-04-10 13:59:11+00:00,0,treatment,0.009301819043575734,0.0,0,0
candidate_063,2026-03-27 14:00:05+00:00,2026-04-10 14:00:05+00:00,0,control,0.807555815794563,0.0,0,0
company_001,2026-03-27 14:00:31+00:00,2026-04-10 14:00:31+00:00,0,treatment,0.0015315209175353218,0.0,0,0
company_029,2026-03-27 14:20:22+00:00,2026-04-10 14:20:22+00:00,0,treatment,0.8089985470715061,0.0,0,0
company_007,2026-03-27 14:21:11+00:00,2026-04-10 14:21:11+00:00,0,control,0.5743232191170913,0.0,0,0
company_023,2026-03-27 14:33:08+00:00,2026-04-10 14:33:08+00:00,0,control,0.6407504128093724,0.0,0,0
candidate_068,2026-03-27 14:43:10+00:00,2026-04-10 14:43:10+00:00,0,treatment,0.5207152142664768,0.0,0,0
candidate_041,2026-03-27 14:44:58+00:00,2026-04-10 14:44:58+00:00,0,treatment,0.7901045485032525,0.0,0,0
candidate_022,2026-03-27 14:49:46+00:00,2026-04-10 14:49:46+00:00,0,control,0.8949859029953864,0.0,0,0
candidate_008,2026-03-27 14:59:34+00:00,2026-04-10 14:59:34+00:00,0,control,0.7923283390128598,0.0,0,0
candidate_059,2026-03-27 15:05:11+00:00,2026-04-10 15:05:11+00:00,0,treatment,0.007422294406391098,0.0,0,0
candidate_005,2026-03-27 15:08:52+00:00,2026-04-10 15:08:52+00:00,0,control,0.02138287964300573,0.0,0,0
candidate_024,2026-03-27 15:12:34+00:00,2026-04-10 15:12:34+00:00,0,treatment,0.004744919014236146,0.0,0,0
candidate_042,2026-03-27 15:19:06+00:00,2026-04-10 15:19:06+00:00,0,control,0.8441561994370258,0.0,0,0
candidate_013,2026-03-27 15:27:30+00:00,2026-04-10 15:27:30+00:00,0,control,0.014492497340251714,0.0,0,0
candidate_059,2026-03-27 15:29:30+00:00,2026-04-10 15:29:30+00:00,0,treatment,0.0037826455107860452,0.0,0,0
candidate_061,2026-03-27 15:34:38+00:00,2026-04-10 15:34:38+00:00,1,treatment,0.9011267194259983,0.0,1,0
company_029,2026-03-27 15:35:58+00:00,2026-04-10 15:35:58+00:00,1,treatment,0.7308919568541475,0.0,0,0
candidate_022,2026-03-27 15:46:37+00:00,2026-04-10 15:46:37+00:00,0,control,0.776376982307898,0.0,0,0
company_015,2026-03-27 16:03:50+00:00,2026-04-10 16:03:50+00:00,0,control,0.12458670318700654,0.0,0,0
candidate_033,2026-03-27 16:10:11+00:00,2026-04-10 16:10:11+00:00,0,treatment,0.00017071715198847028,0.0,0,0
candidate_033,2026-03-27 16:11:22+00:00,2026-04-10 16:11:22+00:00,0,treatment,8.669250118132645e-05,0.0,0,0
candidate_070,2026-03-27 16:12:12+00:00,2026-04-10 16:12:12+00:00,0,control,0.031075487052324418,0.0,0,0
candidate_038,2026-03-27 16:12:50+00:00,2026-04-10 16:12:50+00:00,0,treatment,0.7437675792632464,0.0,0,0
candidate_068,2026-03-27 16:19:22+00:00,2026-04-10 16:19:22+00:00,0,treatment,0.3555305048393117,0.0,0,0
company_019,2026-03-27 16:20:15+00:00,2026-04-10 16:20:15+00:00,0,treatment,0.004290179074715802,0.0,0,0
candidate_024,2026-03-27 16:25:28+00:00,2026-04-10 16:25:28+00:00,0,treatment,0.002414972574740829,0.0,0,0
candidate_022,2026-03-27 16:37:39+00:00,2026-04-10 16:37:39+00:00,0,control,0.6380595159920152,0.0,0,0
candidate_038,2026-03-27 16:47:54+00:00,2026-04-10 16:47:54+00:00,0,treatment,0.5957816200894986,0.0,0,0
candidate_047,2026-03-27 16:52:00+00:00,2026-04-10 16:52:00+00:00,0,treatment,0.013981915850215007,0.0,0,0
candidate_069,2026-03-27 16:52:19+00:00,2026-04-10 16:52:19+00:00,0,control,0.00032368222586981926,0.0,0,0
candidate_025,2026-03-27 17:04:23+00:00,2026-04-10 17:04:23+00:00,0,control,0.9023872798529405,0.0,1,0
candidate_052,2026-03-27 17:12:03+00:00,2026-04-10 17:12:03+00:00,0,treatment,0.2814580456203469,0.0,0,0
candidate_053,2026-03-27 17:15:04+00:00,2026-04-10 17:15:04+00:00,0,control,0.4812623759971612,0.0,0,0
company_003,2026-03-27 17:24:34+00:00,2026-04-10 17:24:34+00:00,0,control,0.763977677728784,0.0,0,0
candidate_064,2026-03-27 17:31:29+00:00,2026-04-10 17:31:29+00:00,0,control,0.0015185260288659084,0.0,0,0
candidate_047,2026-03-27 17:31:55+00:00,2026-04-10 17:31:55+00:00,0,treatment,0.007148811467424041,0.0,0,0
company_011,2026-03-27 17:41:37+00:00,2026-04-10 17:41:37+00:00,0,control,0.6030545536394122,0.0,0,0
candidate_025,2026-03-27 17:43:49+00:00,2026-04-10 17:43:49+00:00,0,control,0.8556564320753067,0.0,0,0
company_009,2026-03-27 17:44:01+00:00,2026-04-10 17:44:01+00:00,0,treatment,9.941143675784396e-06,0.0,0,0
candidate_059,2026-03-27 17:47:34+00:00,2026-04-10 17:47:34+00:00,0,treatment,0.0031576128286910014,0.0,0,0
candidate_059,2026-03-27 17:48:38+00:00,2026-04-10 17:48:38+00:00,0,treatment,0.0016058400798655609,0.0,0,0
candidate_013,2026-03-27 17:50:40+00:00,2026-04-10 17:50:40+00:00,0,control,0.0074117422442007575,0.0,0,0
candidate_055,2026-03-27 17:53:25+00:00,2026-04-10 17:53:25+00:00,0,treatment,0.4150341611967328,0.0,0,0
candidate_068,2026-03-27 17:54:21+00:00,2026-04-10 17:54:21+00:00,0,treatment,0.25137230716578307,0.0,0,0
candidate_009,2026-03-27 17:57:12+00:00,2026-04-10 17:57:12+00:00,0,treatment,0.06688035113994135,0.0,0,0
company_026,2026-03-27 18:12:46+00:00,2026-04-10 18:12:46+00:00,0,control,0.593556588016243,0.0,0,0
company_023,2026-03-27 18:13:50+00:00,2026-04-10 18:13:50+00:00,0,control,0.36522069442236765,0.0,0,0
candidate_067,2026-03-27 18:16:03+00:00,2026-04-10 18:16:03+00:00,0,control,0.3929579824157976,0.0,0,0
company_008,2026-03-27 18:17:30+00:00,2026-04-10 18:17:30+00:00,0,control,0.00030686020874014295,0.0,0,0
company_010,2026-03-27 18:17:51+00:00,2026-04-10 18:17:51+00:00,0,treatment,0.3909810546666789,0.0,0,0
company_009,2026-03-27 18:29:11+00:00,2026-04-10 18:29:11+00:00,0,treatment,6.050831779037659e-06,0.0,0,0
candidate_069,2026-03-27 18:29:18+00:00,2026-04-10 18:29:18+00:00,0,control,0.00023617996967708536,0.0,0,0
candidate_049,2026-03-27 18:30:20+00:00,2026-04-10 18:30:20+00:00,0,treatment,0.8916179279450528,0.0,0,0
candidate_070,2026-03-27 18:38:12+00:00,2026-04-10 18:38:12+00:00,0,control,0.016024343098253378,0.0,0,0
candidate_048,2026-03-27 18:43:46+00:00,2026-04-10 18:43:46+00:00,0,control,0.6566214920058622,0.0,0,0
candidate_067,2026-03-27 18:59:20+00:00,2026-04-10 18:59:20+00:00,0,control,0.24738274903260005,0.0,0,0
candidate_038,2026-03-27 18:59:22+00:00,2026-04-10 18:59:22+00:00,0,treatment,0.3250030893018022,0.0,0,0
company_019,2026-03-27 19:00:35+00:00,2026-04-10 19:00:35+00:00,0,treatment,0.0026487590886649587,0.0,0,0
candidate_005,2026-03-27 19:06:02+00:00,2026-04-10 19:06:02+00:00,0,control,0.013289082986929806,0.0,0,0
company_008,2026-03-27 19:06:18+00:00,2026-04-10 19:06:18+00:00,0,control,0.00015583824879363526,0.0,0,0
company_009,2026-03-27 19:14:41+00:00,2026-04-10 19:14:41+00:00,0,treatment,8.086836803500768e-06,0.0,0,0
candidate_055,2026-03-27 19:20:09+00:00,2026-04-10 19:20:09+00:00,0,treatment,0.19009714305561246,0.0,0,0
candidate_008,2026-03-27 19:23:07+00:00,2026-04-10 19:23:07+00:00,0,control,0.6595507480506362,0.0,0,0
company_009,2026-03-27 19:25:44+00:00,2026-04-10 19:25:44+00:00,0,treatment,4.106277426119589e-06,0.0,0,0
candidate_053,2026-03-27 19:27:43+00:00,2026-04-10 19:27:43+00:00,0,control,0.3730044723759507,0.0,0,0
company_025,2026-03-27 19:30:55+00:00,2026-04-10 19:30:55+00:00,0,treatment,0.7890093124911114,0.0,0,0
candidate_050,2026-03-27 19:39:32+00:00,2026-04-10 19:39:32+00:00,0,treatment,0.7741807824901102,0.0,0,0
candidate_069,2026-03-27 19:40:48+00:00,2026-04-10 19:40:48+00:00,0,control,0.00011993927908964697,0.0,0,0
candidate_024,2026-03-27 19:41:28+00:00,2026-04-10 19:41:28+00:00,0,treatment,0.0012813518552408768,0.0,0,0
candidate_049,2026-03-27 19:42:08+00:00,2026-04-10 19:42:08+00:00,0,treatment,0.8406418650956211,0.0,0,0
candidate_041,2026-03-27 19:56:24+00:00,2026-04-10 19:56:24+00:00,0,treatment,0.7070692411227044,0.0,0,0
candidate_037,2026-03-27 20:02:13+00:00,2026-04-10 20:02:13+00:00,0,control,0.0008196368314021989,0.0,0,0
candidate_015,2026-03-27 20:04:28+00:00,2026-04-10 20:04:28+00:00,0,control,0.6030545536394122,0.0,0,0
candidate_052,2026-03-27 20:07:11+00:00,2026-04-10 20:07:11+00:00,0,treatment,0.20075150052944368,0.0,0,0
candidate_065,2026-03-27 20:24:14+00:00,2026-04-10 20:24:14+00:00,0,control,0.08191739008913664,0.0,0,0
candidate_034,2026-03-27 20:24:24+00:00,2026-04-10 20:24:24+00:00,0,control,0.5869074377888949,0.0,0,0
candidate_042,2026-03-27 20:25:16+00:00,2026-04-10 20:25:16+00:00,1,control,0.7333641628971846,0.0,0,0
candidate_023,2026-03-27 20:28:35+00:00,2026-04-10 20:28:35+00:00,0,treatment,0.6500089626393604,0.0,0,0
candidate_024,2026-03-27 20:48:58+00:00,2026-04-10 20:48:58+00:00,0,treatment,0.000651043917808385,0.0,0,0
candidate_039,2026-03-27 21:06:10+00:00,2026-04-10 21:06:10+00:00,0,control,0.4957889726153219,0.0,0,0
candidate_037,2026-03-27 21:14:37+00:00,2026-04-10 21:14:37+00:00,0,control,0.00041635577869972767,0.0,0,0
candidate_011,2026-03-27 21:16:58+00:00,2026-04-10 21:16:58+00:00,0,control,0.8498672207965173,0.0,0,0
candidate_070,2026-03-27 21:19:20+00:00,2026-04-10 21:19:20+00:00,0,control,0.008450812131196972,0.0,0,0
candidate_035,2026-03-27 21:20:00+00:00,2026-04-10 21:20:00+00:00,0,control,0.44793630995389866,0.0,0,0
candidate_033,2026-03-27 21:22:00+00:00,2026-04-10 21:22:00+00:00,0,treatment,6.486740557046736e-05,0.0,0,0
candidate_038,2026-03-27 21:32:12+00:00,2026-04-10 21:32:12+00:00,0,treatment,0.1984528415334246,0.0,0,0
company_018,2026-03-27 21:34:05+00:00,2026-04-10 21:34:05+00:00,0,treatment,0.0712529816506803,0.0,0,0
candidate_050,2026-03-28 08:12:11+00:00,2026-04-11 08:12:11+00:00,0,treatment,0.8163638372622808,0.0,0,0
candidate_021,2026-03-28 08:12:42+00:00,2026-04-11 08:12:42+00:00,0,control,0.00010406522622546741,0.0,0,0
company_015,2026-03-28 08:13:37+00:00,2026-04-11 08:13:37+00:00,0,control,0.1557940975471117,0.0,0,0
candidate_043,2026-03-28 08:20:05+00:00,2026-04-11 08:20:05+00:00,0,control,0.8932652357471736,0.0,0,0
candidate_069,2026-03-28 08:35:40+00:00,2026-04-11 08:35:40+00:00,0,control,0.00011843700804557677,0.0,0,0
candidate_065,2026-03-28 08:50:35+00:00,2026-04-11 08:50:35+00:00,0,control,0.055003840931570534,0.0,0,0
candidate_038,2026-03-28 08:55:42+00:00,2026-04-11 08:55:42+00:00,0,treatment,0.24535276119880634,0.0,0,0
candidate_015,2026-03-28 09:07:31+00:00,2026-04-11 09:07:31+00:00,0,control,0.7132872201954158,0.0,0,0
candidate_009,2026-03-28 09:09:54+00:00,2026-04-11 09:09:54+00:00,0,treatment,0.17992792571453786,0.0,0,0
company_005,2026-03-28 09:19:40+00:00,2026-04-11 09:19:40+00:00,0,control,0.435482703219228,0.0,0,0
candidate_065,2026-03-28 09:25:09+00:00,2026-04-11 09:25:09+00:00,0,control,0.02870657007492549,0.0,0,0
candidate_039,2026-03-28 09:26:38+00:00,2026-04-11 09:26:38+00:00,0,control,0.6168855897494774,0.0,0,0
company_022,2026-03-28 09:32:15+00:00,2026-04-11 09:32:15+00:00,0,treatment,0.010736095172558743,0.0,0,0
company_015,2026-03-28 09:34:20+00:00,2026-04-11 09:34:20+00:00,0,control,0.08567806224527601,0.0,0,0
company_015,2026-03-28 09:54:02+00:00,2026-04-11 09:54:02+00:00,0,control,0.04542035705585892,0.0,0,0
company_008,2026-03-28 09:56:11+00:00,2026-04-11 09:56:11+00:00,0,control,0.0004829386401012592,0.0,0,0
candidate_047,2026-03-28 10:13:19+00:00,2026-04-11 10:13:19+00:00,0,treatment,0.009484281466326907,0.0,0,0
candidate_017,2026-03-28 10:18:22+00:00,2026-04-11 10:18:22+00:00,0,treatment,0.32629947971404455,0.0,0,0
company_021,2026-03-28 10:19:49+00:00,2026-04-11 10:19:49+00:00,1,treatment,0.820449539617081,0.0,0,0
candidate_068,2026-03-28 10:28:30+00:00,2026-04-11 10:28:30+00:00,0,treatment,0.26463446466136775,0.0,0,0
candidate_043,2026-03-28 10:33:31+00:00,2026-04-11 10:33:31+00:00,0,control,0.80950729469254,0.0,0,0
company_013,2026-03-28 10:42:13+00:00,2026-04-11 10:42:13+00:00,0,treatment,0.9124778099772344,0.0,1,0
candidate_001,2026-03-28 10:50:19+00:00,2026-04-11 10:50:19+00:00,0,treatment,0.03392351017902672,0.0,0,0
candidate_003,2026-03-28 10:53:40+00:00,2026-04-11 10:53:40+00:00,0,control,0.0029942062091915427,0.0,0,0
candidate_014,2026-03-28 11:00:42+00:00,2026-04-11 11:00:42+00:00,0,treatment,0.4262504775359657,0.0,0,0
company_023,2026-03-28 11:27:22+00:00,2026-04-11 11:27:22+00:00,0,control,0.4721020081896238,0.0,0,0
candidate_038,2026-03-28 11:27:25+00:00,2026-04-11 11:27:25+00:00,0,treatment,0.14169554871247314,0.0,0,0
company_023,2026-03-28 11:41:50+00:00,2026-04-11 11:41:50+00:00,0,control,0.3122904844421249,0.0,0,0
company_008,2026-03-28 11:50:26+00:00,2026-04-11 11:50:26+00:00,0,control,0.00039787357518093834,0.0,0,0
company_019,2026-03-28 12:31:55+00:00,2026-04-11 12:31:55+00:00,0,treatment,0.01285681697128084,0.0,0,0
candidate_056,2026-03-28 12:31:56+00:00,2026-04-11 12:31:56+00:00,0,control,0.03019625644008543,0.0,0,0
company_016,2026-03-28 12:46:03+00:00,2026-04-11 12:46:03+00:00,0,treatment,0.8750752028536366,0.0,0,0
company_007,2026-03-28 12:49:05+00:00,2026-04-11 12:49:05+00:00,0,control,0.6937942455375293,0.0,0,0
candidate_055,2026-03-28 13:05:46+00:00,2026-04-11 13:05:46+00:00,0,treatment,0.2333401363766305,0.0,0,0
candidate_034,2026-03-28 13:10:51+00:00,2026-04-11 13:10:51+00:00,0,control,0.6883170381374438,0.0,0,0
candidate_070,2026-03-28 13:15:15+00:00,2026-04-11 13:15:15+00:00,0,control,0.018055634184904926,0.0,0,0
candidate_070,2026-03-28 13:20:00+00:00,2026-04-11 13:20:00+00:00,0,control,0.009250339594292863,0.0,0,0
candidate_055,2026-03-28 13:22:30+00:00,2026-04-11 13:22:30+00:00,0,treatment,0.13385783083877578,0.0,0,0
candidate_030,2026-03-28 13:37:26+00:00,2026-04-11 13:37:26+00:00,0,control,0.6147806059751989,0.0,0,0
candidate_027,2026-03-28 13:54:06+00:00,2026-04-11 13:54:06+00:00,0,treatment,0.9437938472357472,0.0,1,0
candidate_001,2026-03-28 14:07:34+00:00,2026-04-11 14:07:34+00:00,0,treatment,0.017517890257289528,0.0,0,0
candidate_021,2026-03-28 14:28:38+00:00,2026-04-11 14:28:38+00:00,0,control,0.0002023580097086925,0.0,0,0
candidate_048,2026-03-28 14:41:29+00:00,2026-04-11 14:41:29+00:00,0,control,0.7126127280032427,0.0,0,0
company_024,2026-03-28 15:00:14+00:00,2026-04-11 15:00:14+00:00,0,control,0.0022696713479564722,0.0,0,0
candidate_001,2026-03-28 15:07:29+00:00,2026-04-11 15:07:29+00:00,0,treatment,0.008972444088166,0.0,0,0
candidate_065,2026-03-28 15:17:12+00:00,2026-04-11 15:17:12+00:00,0,control,0.01767114915105792,0.0,0,0
company_019,2026-03-28 15:21:15+00:00,2026-04-11 15:21:15+00:00,0,treatment,0.010615358290413515,0.0,0,0
candidate_026,2026-03-28 15:30:32+00:00,2026-04-11 15:30:32+00:00,1,treatment,0.9539939117386461,0.0,1,0
company_001,2026-03-28 15:32:13+00:00,2026-04-11 15:32:13+00:00,0,treatment,0.0028555724054589006,0.0,0,0
candidate_056,2026-03-28 15:34:23+00:00,2026-04-11 15:34:23+00:00,0,control,0.010069057204739914,0.0,0,0
candidate_050,2026-03-28 15:40:56+00:00,2026-04-11 15:40:56+00:00,0,treatment,0.6956746695200494,0.0,0,0
company_016,2026-03-28 15:43:26+00:00,2026-04-11 15:43:26+00:00,1,treatment,0.8179075089463711,0.0,0,0
company_025,2026-03-28 15:48:22+00:00,2026-04-11 15:48:22+00:00,0,treatment,0.8979478116870783,0.0,0,0
candidate_054,2026-03-28 15:49:59+00:00,2026-04-11 15:49:59+00:00,0,control,0.8688894758493888,0.0,0,0
candidate_014,2026-03-28 15:52:24+00:00,2026-04-11 15:52:24+00:00,0,treatment,0.3113841958176782,0.0,0,0
candidate_069,2026-03-28 15:54:55+00:00,2026-04-11 15:54:55+00:00,0,control,7.39321123299382e-05,0.0,0,0
company_024,2026-03-28 16:15:13+00:00,2026-04-11 16:15:13+00:00,0,control,0.00224130347332955,0.0,0,0
candidate_038,2026-03-28 16:20:15+00:00,2026-04-11 16:20:15+00:00,0,treatment,0.08008554618083291,0.0,0,0
candidate_034,2026-03-28 16:21:35+00:00,2026-04-11 16:21:35+00:00,0,control,0.586108153201505,0.0,0,0
company_013,2026-03-28 16:22:18+00:00,2026-04-11 16:22:18+00:00,0,treatment,0.7730263255440762,0.0,0,0
candidate_049,2026-03-28 16:23:38+00:00,2026-04-11 16:23:38+00:00,1,treatment,0.872455317579503,0.0,0,0
candidate_030,2026-03-28 16:44:19+00:00,2026-04-11 16:44:19+00:00,0,control,0.4476247582824834,0.0,0,0
candidate_037,2026-03-28 16:49:52+00:00,2026-04-11 16:49:52+00:00,0,control,0.0018847347351540486,0.0,0,0
candidate_015,2026-03-28 17:05:08+00:00,2026-04-11 17:05:08+00:00,0,control,0.6146828872881358,0.0,0,0
candidate_065,2026-03-28 17:06:37+00:00,2026-04-11 17:06:37+00:00,0,control,0.014602775541637672,0.0,0,0
candidate_069,2026-03-28 17:08:42+00:00,2026-04-11 17:08:42+00:00,0,control,3.7541947632356705e-05,0.0,0,0
candidate_055,2026-03-28 17:10:11+00:00,2026-04-11 17:10:11+00:00,0,treatment,0.0748281985937103,0.0,0,0
candidate_054,2026-03-28 17:22:10+00:00,2026-04-11 17:22:10+00:00,1,control,0.77090890866887,0.0,0,0
candidate_009,2026-03-28 17:22:22+00:00,2026-04-11 17:22:22+00:00,0,treatment,0.10400953206589134,0.0,0,0
candidate_024,2026-03-28 17:28:17+00:00,2026-04-11 17:28:17+00:00,0,treatment,0.005156501802629904,0.0,0,0
candidate_060,2026-03-28 17:32:31+00:00,2026-04-11 17:32:31+00:00,0,control,0.7226402044176364,0.0,0,0
candidate_064,2026-03-28 17:44:19+00:00,2026-04-11 17:44:19+00:00,0,control,0.005647585638285326,0.0,0,0
company_007,2026-03-28 17:51:49+00:00,2026-04-11 17:51:49+00:00,0,control,0.5381256702487905,0.0,0,0
company_023,2026-03-28 18:02:58+00:00,2026-04-11 18:02:58+00:00,0,control,0.19795436306739694,0.0,0,0
company_007,2026-03-28 18:05:58+00:00,2026-04-11 18:05:58+00:00,0,control,0.3717012167894891,0.0,0,0
candidate_055,2026-03-28 18:08:05+00:00,2026-04-11 18:08:05+00:00,0,treatment,0.03944858229639152,0.0,0,0
candidate_001,2026-03-28 18:09:58+00:00,2026-04-11 18:09:58+00:00,0,treatment,0.004576157349795178,0.0,0,0
candidate_053,2026-03-28 18:12:20+00:00,2026-04-11 18:12:20+00:00,0,control,0.435482703219228,0.0,0,0
company_017,2026-03-28 18:17:31+00:00,2026-04-11 18:17:31+00:00,1,control,0.919811770651852,0.0,1,0
candidate_064,2026-03-28 18:29:33+00:00,2026-04-11 18:29:33+00:00,0,control,0.003445091525052954,0.0,0,0
candidate_030,2026-03-28 18:31:11+00:00,2026-04-11 18:31:11+00:00,0,control,0.34194565499000534,0.0,0,0
company_006,2026-03-28 18:33:25+00:00,2026-04-11 18:33:25+00:00,0,treatment,0.5471096620286875,0.0,0,0
candidate_005,2026-03-28 18:37:32+00:00,2026-04-11 18:37:32+00:00,0,control,0.11690887177243763,0.0,0,0
candidate_048,2026-03-28 18:42:49+00:00,2026-04-11 18:42:49+00:00,0,control,0.5573422674721785,0.0,0,0
candidate_011,2026-03-28 18:50:56+00:00,2026-04-11 18:50:56+00:00,1,control,0.9328953870250613,0.0,1,0
candidate_057,2026-03-28 18:53:38+00:00,2026-04-11 18:53:38+00:00,0,treatment,0.4961673075220113,0.0,0,0
company_024,2026-03-28 19:07:22+00:00,2026-04-11 19:07:22+00:00,0,control,0.0011891082000140792,0.0,0,0
candidate_057,2026-03-28 19:07:52+00:00,2026-04-11 19:07:52+00:00,0,treatment,0.33335363549194286,0.0,0,0
candidate_069,2026-03-28 19:11:21+00:00,2026-04-11 19:11:21+00:00,0,control,1.9063063959606156e-05,0.0,0,0
company_013,2026-03-28 19:12:02+00:00,2026-04-11 19:12:02+00:00,0,treatment,0.6336144177127798,0.0,0,0
company_009,2026-03-28 19:17:33+00:00,2026-04-11 19:17:33+00:00,0,treatment,4.395340876588165e-06,0.0,0,0
company_025,2026-03-28 19:24:58+00:00,2026-04-11 19:24:58+00:00,0,treatment,0.8171120952078468,0.0,0,0
candidate_021,2026-03-28 19:58:08+00:00,2026-04-11 19:58:08+00:00,0,control,0.00020856341385422985,0.0,0,0
candidate_056,2026-03-28 20:02:07+00:00,2026-04-11 20:02:07+00:00,0,control,0.005138241659585754,0.0,0,0
candidate_056,2026-03-28 20:04:32+00:00,2026-04-11 20:04:32+00:00,0,control,0.002615665542684038,0.0,0,0
candidate_024,2026-03-28 20:04:39+00:00,2026-04-11 20:04:39+00:00,0,treatment,0.003144919068670765,0.0,0,0
candidate_005,2026-03-28 20:26:02+00:00,2026-04-11 20:26:02+00:00,0,control,0.06298761425522584,0.0,0,0
company_024,2026-03-28 20:26:30+00:00,2026-04-11 20:26:30+00:00,0,control,0.0007241033479084476,0.0,0,0
candidate_056,2026-03-28 20:31:38+00:00,2026-04-11 20:31:38+00:00,0,control,0.0013298712841886932,0.0,0,0
candidate_017,2026-03-28 20:52:01+00:00,2026-04-11 20:52:01+00:00,0,treatment,0.3235344463892021,0.0,0,0
company_010,2026-03-28 20:52:49+00:00,2026-04-11 20:52:49+00:00,0,treatment,0.5243249451534645,0.0,0,0
candidate_005,2026-03-28 20:57:28+00:00,2026-04-11 20:57:28+00:00,0,control,0.021224282379913115,0.0,0,0
company_011,2026-03-28 20:57:49+00:00,2026-04-11 20:57:49+00:00,0,control,0.7132872201954158,0.0,0,0
candidate_047,2026-03-28 21:01:51+00:00,2026-04-11 21:01:51+00:00,0,treatment,0.011691365407358753,0.0,0,0
candidate_001,2026-03-28 21:09:04+00:00,2026-04-11 21:09:04+00:00,0,treatment,0.0027903355237876228,0.0,0,0
candidate_057,2026-03-28 21:20:08+00:00,2026-04-11 21:20:08+00:00,0,treatment,0.2024937621865781,0.0,0,0
candidate_021,2026-03-28 21:20:49+00:00,2026-04-11 21:20:49+00:00,0,control,0.00010591332303295385,0.0,0,0
candidate_038,2026-03-28 21:26:53+00:00,2026-04-11 21:26:53+00:00,0,treatment,0.04284796164763238,0.0,0,0
candidate_065,2026-03-28 21:32:01+00:00,2026-04-11 21:32:01+00:00,0,control,0.004757654737626918,0.0,0,0
candidate_009,2026-03-28 21:32:49+00:00,2026-04-11 21:32:49+00:00,0,treatment,0.055662761544841156,0.0,0,0
candidate_062,2026-03-28 21:34:29+00:00,2026-04-11 21:34:29+00:00,1,control,0.917932409522714,0.0,1,0
company_001,2026-03-28 21:40:07+00:00,2026-04-11 21:40:07+00:00,0,treatment,0.0021381641270080526,0.0,0,0
candidate_070,2026-03-28 21:46:05+00:00,2026-04-11 21:46:05+00:00,0,control,0.005970897613110644,0.0,0,0
candidate_055,2026-03-28 21:46:12+00:00,2026-04-11 21:46:12+00:00,0,treatment,0.020427501292712202,0.0,0,0
company_014,2026-03-28 21:46:44+00:00,2026-04-11 21:46:44+00:00,0,control,0.7885564021420322,0.0,0,0
company_009,2026-03-28 21:49:09+00:00,2026-04-11 21:49:09+00:00,0,treatment,2.2601435735691013e-06,0.0,0,0
company_001,2026-03-29 08:03:11+00:00,2026-04-12 08:03:11+00:00,0,treatment,0.002770828595148697,0.0,0,0
candidate_001,2026-03-29 08:05:14+00:00,2026-04-12 08:05:14+00:00,0,treatment,0.003615272786304575,0.0,0,0
candidate_065,2026-03-29 08:05:45+00:00,2026-04-12 08:05:45+00:00,0,control,0.006160618827553495,0.0,0,0
candidate_013,2026-03-29 08:13:54+00:00,2026-04-12 08:13:54+00:00,0,control,0.039660218171833864,0.0,0,0
candidate_015,2026-03-29 08:14:52+00:00,2026-04-12 08:14:52+00:00,0,control,0.6741186754909251,0.0,0,0
candidate_037,2026-03-29 08:26:06+00:00,2026-04-12 08:26:06+00:00,0,control,0.007899425093688588,0.0,0,0
company_022,2026-03-29 08:32:04+00:00,2026-04-12 08:32:04+00:00,0,treatment,0.028582196732729246,0.0,0,0
company_022,2026-03-29 08:32:41+00:00,2026-04-12 08:32:41+00:00,0,treatment,0.014720310002273137,0.0,0,0
candidate_003,2026-03-29 08:39:40+00:00,2026-04-12 08:39:40+00:00,0,control,0.02433258190845411,0.0,0,0
company_008,2026-03-29 08:54:18+00:00,2026-04-12 08:54:18+00:00,0,control,0.0006786877529938895,0.0,0,0
company_022,2026-03-29 09:02:18+00:00,2026-04-12 09:02:18+00:00,0,treatment,0.004796333731427767,0.0,0,0
candidate_006,2026-03-29 09:24:39+00:00,2026-04-12 09:24:39+00:00,0,control,0.38709605893649857,0.0,0,0
candidate_005,2026-03-29 09:24:42+00:00,2026-04-12 09:24:42+00:00,0,control,0.02734958041366801,0.0,0,0
candidate_037,2026-03-29 09:36:15+00:00,2026-04-12 09:36:15+00:00,0,control,0.006516533167681771,0.0,0,0
candidate_039,2026-03-29 09:36:53+00:00,2026-04-12 09:36:53+00:00,0,control,0.7145156113542176,0.0,0,0
candidate_001,2026-03-29 09:38:02+00:00,2026-04-12 09:38:02+00:00,0,treatment,0.0018390032037011424,0.0,0,0
candidate_043,2026-03-29 09:46:56+00:00,2026-04-12 09:46:56+00:00,0,control,0.7348966470368521,0.0,0,0
company_005,2026-03-29 09:48:53+00:00,2026-04-12 09:48:53+00:00,0,control,0.6022653392509618,0.0,0,0
candidate_009,2026-03-29 09:52:37+00:00,2026-04-12 09:52:37+00:00,0,treatment,0.07100593237722652,0.0,0,0
candidate_015,2026-03-29 09:55:55+00:00,2026-04-12 09:55:55+00:00,0,control,0.5122845622593333,0.0,0,0
company_006,2026-03-29 10:01:01+00:00,2026-04-12 10:01:01+00:00,0,treatment,0.6103615662388057,0.0,0,0
candidate_043,2026-03-29 10:01:09+00:00,2026-04-12 10:01:09+00:00,0,control,0.5846484265705222,0.0,0,0
candidate_067,2026-03-29 10:03:25+00:00,2026-04-12 10:03:25+00:00,0,control,0.28778343403018053,0.0,0,0
company_006,2026-03-29 10:24:51+00:00,2026-04-12 10:24:51+00:00,0,treatment,0.5011172259993936,0.0,0,0
candidate_033,2026-03-29 10:41:00+00:00,2026-04-12 10:41:00+00:00,0,treatment,0.00034625158953339595,0.0,0,0
candidate_028,2026-03-29 10:48:25+00:00,2026-04-12 10:48:25+00:00,0,control,0.5581552252749195,0.0,0,0
candidate_064,2026-03-29 10:50:55+00:00,2026-04-12 10:50:55+00:00,0,control,0.00541215911300781,0.0,0,0
candidate_016,2026-03-29 10:53:34+00:00,2026-04-12 10:53:34+00:00,0,control,0.34977504406959553,0.0,0,0
candidate_025,2026-03-29 10:53:51+00:00,2026-04-12 10:53:51+00:00,0,control,0.9208608716111223,0.0,1,0
company_018,2026-03-29 11:00:39+00:00,2026-04-12 11:00:39+00:00,0,treatment,0.12926422689155506,0.0,0,0
company_007,2026-03-29 11:03:15+00:00,2026-04-12 11:03:15+00:00,0,control,0.434112293257006,0.0,0,0
candidate_040,2026-03-29 11:06:34+00:00,2026-04-12 11:06:34+00:00,0,control,0.7544345919440298,0.0,0,0
candidate_059,2026-03-29 11:08:25+00:00,2026-04-12 11:08:25+00:00,0,treatment,0.006046184404770872,0.0,0,0
candidate_038,2026-03-29 11:10:49+00:00,2026-04-12 11:10:49+00:00,0,treatment,0.05486401632436013,0.0,0,0
candidate_025,2026-03-29 11:16:30+00:00,2026-04-12 11:16:30+00:00,0,control,0.7896311188232025,0.0,0,0
candidate_041,2026-03-29 11:24:42+00:00,2026-04-12 11:24:42+00:00,0,treatment,0.7151874224716505,0.0,0,0
candidate_047,2026-03-29 11:29:21+00:00,2026-04-12 11:29:21+00:00,0,treatment,0.02896730030455372,0.0,0,0
candidate_003,2026-03-29 11:32:29+00:00,2026-04-12 11:32:29+00:00,0,control,0.012505155845991166,0.0,0,0
candidate_033,2026-03-29 11:37:48+00:00,2026-04-12 11:37:48+00:00,0,treatment,0.00017584648072112638,0.0,0,0
candidate_021,2026-03-29 11:38:33+00:00,2026-04-12 11:38:33+00:00,0,control,0.0005324435817596423,0.0,0,0
candidate_059,2026-03-29 11:49:44+00:00,2026-04-12 11:49:44+00:00,0,treatment,0.0030792411567589217,0.0,0,0
candidate_014,2026-03-29 11:52:37+00:00,2026-04-12 11:52:37+00:00,0,treatment,0.4647727168856984,0.0,0,0
company_009,2026-03-29 11:53:11+00:00,2026-04-12 11:53:11+00:00,0,treatment,3.6027819879433186e-06,0.0,0,0
candidate_033,2026-03-29 11:59:17+00:00,2026-04-12 11:59:17+00:00,0,treatment,8.929746983812656e-05,0.0,0,0
candidate_055,2026-03-29 12:04:18+00:00,2026-04-12 12:04:18+00:00,0,treatment,0.01688875013799702,0.0,0,0
candidate_047,2026-03-29 12:18:56+00:00,2026-04-12 12:18:56+00:00,0,treatment,0.014921513662942441,0.0,0,0
company_008,2026-03-29 12:21:13+00:00,2026-04-12 12:21:13+00:00,0,control,0.0003447331130575649,0.0,0,0
candidate_065,2026-03-29 12:25:23+00:00,2026-04-12 12:25:23+00:00,0,control,0.005144686338010903,0.0,0,0
candidate_010,2026-03-29 12:32:10+00:00,2026-04-12 12:32:10+00:00,1,treatment,0.8752128736938504,0.0,0,0
candidate_033,2026-03-29 12:36:36+00:00,2026-04-12 12:36:36+00:00,0,treatment,4.5344657239712495e-05,0.0,0,0
candidate_017,2026-03-29 12:40:02+00:00,2026-04-12 12:40:02+00:00,0,treatment,0.38994771607065076,0.0,0,0
candidate_070,2026-03-29 12:44:25+00:00,2026-04-12 12:44:25+00:00,0,control,0.007728851258520133,0.0,0,0
company_015,2026-03-29 12:48:17+00:00,2026-04-12 12:48:17+00:00,0,control,0.11735467143121987,0.0,0,0
company_009,2026-03-29 13:26:31+00:00,2026-04-12 13:26:31+00:00,0,treatment,2.9679353770220456e-06,0.0,0,0
company_007,2026-03-29 13:27:37+00:00,2026-04-12 13:27:37+00:00,0,control,0.2803316384260437,0.0,0,0
candidate_002,2026-03-29 13:38:30+00:00,2026-04-12 13:38:30+00:00,0,treatment,0.5452636510909428,0.0,0,0
candidate_017,2026-03-29 13:46:02+00:00,2026-04-12 13:46:02+00:00,0,treatment,0.24503751312803812,0.0,0,0
candidate_069,2026-03-29 13:47:26+00:00,2026-04-12 13:47:26+00:00,0,control,3.735474495090462e-05,0.0,0,0
candidate_070,2026-03-29 13:49:54+00:00,2026-04-12 13:49:54+00:00,0,control,0.006375628490170417,0.0,0,0
candidate_013,2026-03-29 14:05:37+00:00,2026-04-12 14:05:37+00:00,0,control,0.01611290773550636,0.0,0,0
company_001,2026-03-29 14:21:15+00:00,2026-04-12 14:21:15+00:00,0,treatment,0.001731364346504573,0.0,0,0
candidate_048,2026-03-29 14:30:05+00:00,2026-04-12 14:30:05+00:00,0,control,0.6618278217090676,0.0,0,0
candidate_040,2026-03-29 14:32:49+00:00,2026-04-12 14:32:49+00:00,0,control,0.7025094503860259,0.0,0,0
candidate_065,2026-03-29 14:33:15+00:00,2026-04-12 14:33:15+00:00,0,control,0.0020208973035787947,0.0,0,0
company_001,2026-03-29 14:41:33+00:00,2026-04-12 14:41:33+00:00,0,treatment,0.0008798864414624443,0.0,0,0
company_009,2026-03-29 14:55:34+00:00,2026-04-12 14:55:34+00:00,0,treatment,1.8525983878255368e-06,0.0,0,0
candidate_064,2026-03-29 15:08:16+00:00,2026-04-12 15:08:16+00:00,0,control,0.0033429114162979922,0.0,0,0
company_008,2026-03-29 15:08:20+00:00,2026-04-12 15:08:20+00:00,0,control,0.00017729573001313393,0.0,0,0
candidate_055,2026-03-29 15:25:26+00:00,2026-04-12 15:25:26+00:00,0,treatment,0.008977803244526128,0.0,0,0
candidate_053,2026-03-29 15:30:23+00:00,2026-04-12 15:30:23+00:00,0,control,0.5581552252749195,0.0,0,0
company_022,2026-03-29 15:33:03+00:00,2026-04-12 15:33:03+00:00,0,treatment,0.0025350523156590457,0.0,0,0
company_005,2026-03-29 15:33:20+00:00,2026-04-12 15:33:20+00:00,0,control,0.5824936905525193,0.0,0,0
company_026,2026-03-29 15:35:12+00:00,2026-04-12 15:35:12+00:00,0,control,0.7051372068125529,0.0,0,0
candidate_002,2026-03-29 15:37:35+00:00,2026-04-12 15:37:35+00:00,0,treatment,0.43467264568811576,0.0,0,0
company_018,2026-03-29 15:43:37+00:00,2026-04-12 15:43:37+00:00,0,treatment,0.1119366987314951,0.0,0,0
candidate_021,2026-03-29 15:49:04+00:00,2026-04-12 15:49:04+00:00,0,control,0.0007114760398648037,0.0,0,0
candidate_059,2026-03-29 15:52:16+00:00,2026-04-12 15:52:16+00:00,0,treatment,0.003952427325382254,0.0,0,0
candidate_039,2026-03-29 15:58:35+00:00,2026-04-12 15:58:35+00:00,0,control,0.6461507408035221,0.0,0,0
candidate_002,2026-03-29 15:58:51+00:00,2026-04-12 15:58:51+00:00,0,treatment,0.28079198594765215,0.0,0,0
company_001,2026-03-29 16:01:30+00:00,2026-04-12 16:01:30+00:00,0,treatment,0.0004469743912758465,0.0,0,0
candidate_021,2026-03-29 16:05:45+00:00,2026-04-12 16:05:45+00:00,0,control,0.0003613934521143529,0.0,0,0
candidate_028,2026-03-29 16:05:52+00:00,2026-04-12 16:05:52+00:00,0,control,0.43467264568811576,0.0,0,0
candidate_024,2026-03-29 16:09:54+00:00,2026-04-12 16:09:54+00:00,0,treatment,0.011790746054097164,0.0,0,0
candidate_009,2026-03-29 16:13:45+00:00,2026-04-12 16:13:45+00:00,0,treatment,0.09374952656163558,0.0,0,0
candidate_038,2026-03-29 16:30:00+00:00,2026-04-12 16:30:00+00:00,0,treatment,0.02863157001989,0.0,0,0
candidate_024,2026-03-29 16:31:45+00:00,2026-04-12 16:31:45+00:00,0,treatment,0.007209860525362582,0.0,0,0
candidate_001,2026-03-29 16:34:31+00:00,2026-04-12 16:34:31+00:00,0,treatment,0.007805908079036859,0.0,0,0
candidate_013,2026-03-29 16:34:31+00:00,2026-04-12 16:34:31+00:00,0,control,0.008247076564656163,0.0,0,0
candidate_013,2026-03-29 16:36:49+00:00,2026-04-12 16:36:49+00:00,0,control,0.004204694932413953,0.0,0,0
candidate_005,2026-03-29 16:47:03+00:00,2026-04-12 16:47:03+00:00,0,control,0.022920012416938026,0.0,0,0
company_024,2026-03-29 16:49:21+00:00,2026-04-12 16:49:21+00:00,0,control,0.009863680952988766,0.0,0,0
candidate_021,2026-03-29 17:01:26+00:00,2026-04-12 17:01:26+00:00,0,control,0.00011808660363285405,0.0,0,0
candidate_024,2026-03-29 17:34:31+00:00,2026-04-12 17:34:31+00:00,0,treatment,0.0037204302914599615,0.0,0,0
candidate_047,2026-03-29 17:56:41+00:00,2026-04-12 17:56:41+00:00,0,treatment,0.012324589698861802,0.0,0,0
company_007,2026-03-29 17:58:02+00:00,2026-04-12 17:58:02+00:00,0,control,0.16687536230968456,0.0,0,0
company_009,2026-03-29 17:59:17+00:00,2026-04-12 17:59:17+00:00,0,treatment,3.0055854737218442e-06,0.0,0,0
candidate_069,2026-03-29 18:06:50+00:00,2026-04-12 18:06:50+00:00,0,control,3.155831398067935e-05,0.0,0,0
candidate_059,2026-03-29 18:08:36+00:00,2026-04-12 18:08:36+00:00,0,treatment,0.002010840000047892,0.0,0,0
candidate_006,2026-03-29 18:32:31+00:00,2026-04-12 18:32:31+00:00,0,control,0.4351926765804318,0.0,0,0
candidate_067,2026-03-29 18:40:41+00:00,2026-04-12 18:40:41+00:00,0,control,0.17024406056546187,0.0,0,0
candidate_038,2026-03-29 18:53:41+00:00,2026-04-12 18:53:41+00:00,0,treatment,0.009418707323907547,0.0,0,0
company_024,2026-03-29 18:53:42+00:00,2026-04-12 18:53:42+00:00,0,control,0.0032032485649161747,0.0,0,0
candidate_021,2026-03-29 18:55:48+00:00,2026-04-12 18:55:48+00:00,0,control,5.9964436390187316e-05,0.0,0,0
candidate_064,2026-03-29 19:03:18+00:00,2026-04-12 19:03:18+00:00,0,control,0.0017002311120023214,0.0,0,0
candidate_053,2026-03-29 19:03:22+00:00,2026-04-12 19:03:22+00:00,0,control,0.44752274242791557,0.0,0,0
candidate_013,2026-03-29 19:05:15+00:00,2026-04-12 19:05:15+00:00,0,control,0.002139450044719185,0.0,0,0
company_008,2026-03-29 19:14:44+00:00,2026-04-12 19:14:44+00:00,0,control,0.00018044409437255505,0.0,0,0
candidate_064,2026-03-29 19:17:58+00:00,2026-04-12 19:17:58+00:00,0,control,0.0008640511517634217,0.0,0,0
candidate_001,2026-03-29 19:20:38+00:00,2026-04-12 19:20:38+00:00,0,treatment,0.004765726978629216,0.0,0,0
candidate_005,2026-03-29 19:37:11+00:00,2026-04-12 19:37:11+00:00,0,control,0.018957828445416543,0.0,0,0
company_022,2026-03-29 19:41:48+00:00,2026-04-12 19:41:48+00:00,0,treatment,0.0013216975820657501,0.0,0,0
candidate_069,2026-03-29 19:42:03+00:00,2026-04-12 19:42:03+00:00,0,control,1.0309501857584363e-05,0.0,0,0
candidate_043,2026-03-29 19:45:41+00:00,2026-04-12 19:45:41+00:00,0,control,0.47440289086991566,0.0,0,0
candidate_040,2026-03-29 19:47:45+00:00,2026-04-12 19:47:45+00:00,0,control,0.5452636510909428,0.0,0,0
candidate_006,2026-03-29 20:18:22+00:00,2026-04-12 20:18:22+00:00,0,control,0.28121949716100403,0.0,0,0
company_025,2026-03-29 20:19:21+00:00,2026-04-12 20:19:21+00:00,1,treatment,0.8987978083895736,0.0,1,0
company_011,2026-03-29 20:30:45+00:00,2026-04-12 20:30:45+00:00,0,control,0.8225478044946193,0.0,0,0
company_026,2026-03-29 20:49:48+00:00,2026-04-12 20:49:48+00:00,0,control,0.5483874674393839,0.0,0,0
candidate_038,2026-03-29 20:51:39+00:00,2026-04-12 20:51:39+00:00,0,treatment,0.0048048222149646375,0.0,0,0
candidate_033,2026-03-29 21:10:50+00:00,2026-04-12 21:10:50+00:00,0,treatment,9.320356822638077e-05,0.0,0,0
candidate_015,2026-03-29 21:16:24+00:00,2026-04-12 21:16:24+00:00,0,control,0.38999289689494937,0.0,0,0
candidate_018,2026-03-29 21:23:57+00:00,2026-04-12 21:23:57+00:00,0,control,0.8393309133684087,0.0,0,0
company_001,2026-03-29 21:24:26+00:00,2026-04-12 21:24:26+00:00,0,treatment,0.0002098546677053863,0.0,0,0
candidate_059,2026-03-29 21:30:00+00:00,2026-04-12 21:30:00+00:00,0,treatment,0.0015463371830390941,0.0,0,0
candidate_053,2026-03-29 21:30:54+00:00,2026-04-12 21:30:54+00:00,0,control,0.2914381258813919,0.0,0,0
candidate_048,2026-03-29 21:36:36+00:00,2026-04-12 21:36:36+00:00,0,control,0.5596379303486629,0.0,0,0
candidate_005,2026-03-29 21:37:30+00:00,2026-04-12 21:37:30+00:00,0,control,0.00619501105952556,0.0,0,0
candidate_016,2026-03-29 21:45:14+00:00,2026-04-12 21:45:14+00:00,0,control,0.2895714624610448,0.0,0,0
candidate_065,2026-03-29 21:50:01+00:00,2026-04-12 21:50:01+00:00,0,control,0.0012310193564851566,0.0,0,0
candidate_024,2026-03-29 21:53:08+00:00,2026-04-12 21:53:08+00:00,0,treatment,0.002096730102166123,0.0,0,0
candidate_064,2026-03-30 08:02:38+00:00,2026-04-13 08:02:38+00:00,0,control,0.0011343332793531927,0.0,0,0
company_018,2026-03-30 08:28:12+00:00,2026-04-13 08:28:12+00:00,0,treatment,0.19409851901278163,0.0,0,0
candidate_003,2026-03-30 08:33:46+00:00,2026-04-13 08:33:46+00:00,0,control,0.010585178436070779,0.0,0,0
candidate_055,2026-03-30 08:34:04+00:00,2026-04-13 08:34:04+00:00,0,treatment,0.012052814355810284,0.0,0,0
company_001,2026-03-30 08:39:12+00:00,2026-04-13 08:39:12+00:00,0,treatment,0.0003261529658711165,0.0,0,0
candidate_024,2026-03-30 08:42:57+00:00,2026-04-13 08:42:57+00:00,0,treatment,0.0027171679807090616,0.0,0,0
candidate_013,2026-03-30 08:47:08+00:00,2026-04-13 08:47:08+00:00,0,control,0.004765726978629216,0.0,0,0
candidate_056,2026-03-30 08:47:08+00:00,2026-04-13 08:47:08+00:00,0,control,0.016233944029589324,0.0,0,0
candidate_056,2026-03-30 08:51:44+00:00,2026-04-13 08:51:44+00:00,0,control,0.008309525642863604,0.0,0,0
company_007,2026-03-30 08:53:27+00:00,2026-04-13 08:53:27+00:00,0,control,0.2717753201563286,0.0,0,0
company_019,2026-03-30 08:54:58+00:00,2026-04-13 08:54:58+00:00,0,treatment,0.018690604600678746,0.0,0,0
company_006,2026-03-30 08:56:20+00:00,2026-04-13 08:56:20+00:00,0,treatment,0.5731005937163168,0.0,0,0
candidate_051,2026-03-30 08:56:22+00:00,2026-04-13 08:56:22+00:00,0,control,0.5171430502262109,0.0,0,0
candidate_025,2026-03-30 09:02:35+00:00,2026-04-13 09:02:35+00:00,0,control,0.82956343187144,0.0,0,0
company_024,2026-03-30 09:02:53+00:00,2026-04-13 09:02:53+00:00,0,control,0.00414975180998533,0.0,0,0
candidate_059,2026-03-30 09:23:31+00:00,2026-04-13 09:23:31+00:00,0,treatment,0.0012742033252545794,0.0,0,0
candidate_052,2026-03-30 09:36:05+00:00,2026-04-13 09:36:05+00:00,0,treatment,0.359377401075398,0.0,0,0
candidate_037,2026-03-30 09:38:03+00:00,2026-04-13 09:38:03+00:00,0,control,0.0210402332188812,0.0,0,0
candidate_002,2026-03-30 09:51:57+00:00,2026-04-13 09:51:57+00:00,0,treatment,0.5240717596912031,0.0,0,0
candidate_051,2026-03-30 09:54:47+00:00,2026-04-13 09:54:47+00:00,0,control,0.3522586719216564,0.0,0,0
company_018,2026-03-30 10:03:19+00:00,2026-04-13 10:03:19+00:00,0,treatment,0.10896855202436949,0.0,0,0
candidate_047,2026-03-30 10:09:33+00:00,2026-04-13 10:09:33+00:00,0,treatment,0.019842769098158367,0.0,0,0
company_019,2026-03-30 10:17:30+00:00,2026-04-13 10:17:30+00:00,0,treatment,0.00969900420796504,0.0,0,0
candidate_052,2026-03-30 10:24:51+00:00,2026-04-13 10:24:51+00:00,0,treatment,0.22169909649629638,0.0,0,0
company_009,2026-03-30 10:26:41+00:00,2026-04-13 10:26:41+00:00,0,treatment,7.910857413398299e-06,0.0,0,0
candidate_069,2026-03-30 10:27:42+00:00,2026-04-13 10:27:42+00:00,0,control,1.622792491757367e-05,0.0,0,0
candidate_013,2026-03-30 10:58:07+00:00,2026-04-13 10:58:07+00:00,0,control,0.004706308885283846,0.0,0,0
candidate_055,2026-03-30 11:03:11+00:00,2026-04-13 11:03:11+00:00,0,treatment,0.003920026011909499,0.0,0,0
candidate_066,2026-03-30 11:08:39+00:00,2026-04-13 11:08:39+00:00,0,control,0.7472848926499557,0.0,0,0
candidate_013,2026-03-30 11:13:52+00:00,2026-04-13 11:13:52+00:00,0,control,0.0023952759461049002,0.0,0,0
candidate_040,2026-03-30 11:23:28+00:00,2026-04-13 11:23:28+00:00,0,control,0.6508140173152734,0.0,0,0
candidate_059,2026-03-30 11:27:48+00:00,2026-04-13 11:27:48+00:00,0,treatment,0.0010499108851547807,0.0,0,0
candidate_008,2026-03-30 11:30:40+00:00,2026-04-13 11:30:40+00:00,0,control,0.6663013564914703,0.0,0,0
candidate_053,2026-03-30 11:50:22+00:00,2026-04-13 11:50:22+00:00,0,control,0.44670801104298735,0.0,0,0
candidate_009,2026-03-30 11:58:32+00:00,2026-04-13 11:58:32+00:00,0,treatment,0.17736807304521832,0.0,0,0
candidate_043,2026-03-30 12:04:25+00:00,2026-04-13 12:04:25+00:00,0,control,0.5964551444608657,0.0,0,0
company_006,2026-03-30 12:06:06+00:00,2026-04-13 12:06:06+00:00,0,treatment,0.4083945915953166,0.0,0,0
company_022,2026-03-30 12:20:54+00:00,2026-04-13 12:20:54+00:00,0,treatment,0.0010890540519329975,0.0,0,0
candidate_005,2026-03-30 12:25:21+00:00,2026-04-13 12:25:21+00:00,0,control,0.03534916818946142,0.0,0,0
candidate_013,2026-03-30 12:29:09+00:00,2026-04-13 12:29:09+00:00,0,control,0.0012176873069414218,0.0,0,0
company_024,2026-03-30 12:39:35+00:00,2026-04-13 12:39:35+00:00,0,control,0.0021381641270080526,0.0,0,0
candidate_038,2026-03-30 13:01:48+00:00,2026-04-13 13:01:48+00:00,0,treatment,0.006300036324283131,0.0,0,0
candidate_024,2026-03-30 13:03:44+00:00,2026-04-13 13:03:44+00:00,0,treatment,0.0013815468350826502,0.0,0,0
company_011,2026-03-30 13:03:59+00:00,2026-04-13 13:03:59+00:00,0,control,0.8835925773321138,0.0,0,0
candidate_013,2026-03-30 13:23:54+00:00,2026-04-13 13:23:54+00:00,0,control,0.0006186771053087811,0.0,0,0
company_022,2026-03-30 13:25:30+00:00,2026-04-13 13:25:30+00:00,0,treatment,0.0005532866445810135,0.0,0,0
candidate_016,2026-03-30 13:26:13+00:00,2026-04-13 13:26:13+00:00,0,control,0.34863892955667636,0.0,0,0
company_014,2026-03-30 13:40:21+00:00,2026-04-13 13:40:21+00:00,0,control,0.8528728427183461,0.0,0,0
candidate_009,2026-03-30 13:44:37+00:00,2026-04-13 13:44:37+00:00,0,treatment,0.12146333759493771,0.0,0,0
candidate_060,2026-03-30 13:47:10+00:00,2026-04-13 13:47:10+00:00,0,control,0.8531937039463418,0.0,0,0
candidate_056,2026-03-30 14:31:09+00:00,2026-04-13 14:31:09+00:00,0,control,0.015836174935233736,0.0,0,0
candidate_053,2026-03-30 14:32:26+00:00,2026-04-13 14:32:26+00:00,0,control,0.2907580055437322,0.0,0,0
company_024,2026-03-30 14:36:25+00:00,2026-04-13 14:36:25+00:00,0,control,0.0011145601377600873,0.0,0,0
candidate_005,2026-03-30 14:38:58+00:00,2026-04-13 14:38:58+00:00,0,control,0.01826712786080877,0.0,0,0
candidate_015,2026-03-30 14:39:03+00:00,2026-04-13 14:39:03+00:00,0,control,0.49843138339652393,0.0,0,0
candidate_050,2026-03-30 14:39:39+00:00,2026-04-13 14:39:39+00:00,0,treatment,0.7719693488288296,0.0,0,0
candidate_006,2026-03-30 14:40:39+00:00,2026-04-13 14:40:39+00:00,0,control,0.466330063991995,0.0,0,0
company_024,2026-03-30 14:47:36+00:00,2026-04-13 14:47:36+00:00,0,control,0.0005662519543142013,0.0,0,0
company_013,2026-03-30 14:53:50+00:00,2026-04-13 14:53:50+00:00,0,treatment,0.8303272246017912,0.0,0,0
company_011,2026-03-30 14:54:13+00:00,2026-04-13 14:54:13+00:00,0,control,0.82956343187144,0.0,0,0
candidate_065,2026-03-30 14:55:47+00:00,2026-04-13 14:55:47+00:00,0,control,0.006778520379186182,0.0,0,0
candidate_070,2026-03-30 15:02:14+00:00,2026-04-13 15:02:14+00:00,0,control,0.05058914366703467,0.0,0,0
candidate_031,2026-03-30 15:05:13+00:00,2026-04-13 15:05:13+00:00,0,treatment,0.3970210904756317,0.0,0,0
candidate_060,2026-03-30 15:15:38+00:00,2026-04-13 15:15:38+00:00,0,control,0.788433587106877,0.0,0,0
company_008,2026-03-30 15:18:45+00:00,2026-04-13 15:18:45+00:00,0,control,0.00040802803366505306,0.0,0,0
candidate_069,2026-03-30 15:26:57+00:00,2026-04-13 15:26:57+00:00,0,control,1.1990179566775763e-05,0.0,0,0
company_009,2026-03-30 15:28:22+00:00,2026-04-13 15:28:22+00:00,0,treatment,8.011211032279572e-06,0.0,0,0
candidate_008,2026-03-30 15:33:05+00:00,2026-04-13 15:33:05+00:00,0,control,0.6634926682880301,0.0,0,0
candidate_064,2026-03-30 15:40:57+00:00,2026-04-13 15:40:57+00:00,0,control,0.001816008310953265,0.0,0,0
candidate_024,2026-03-30 15:47:02+00:00,2026-04-13 15:47:02+00:00,0,treatment,0.001008356445959206,0.0,0,0
candidate_005,2026-03-30 15:51:08+00:00,2026-04-13 15:51:08+00:00,0,control,0.014100489176466398,0.0,0,0
company_001,2026-03-30 15:55:00+00:00,2026-04-13 15:55:00+00:00,0,treatment,0.0006340813759812846,0.0,0,0
company_001,2026-03-30 16:02:15+00:00,2026-04-13 16:02:15+00:00,0,treatment,0.00032206864607996774,0.0,0,0
candidate_068,2026-03-30 16:06:08+00:00,2026-04-13 16:06:08+00:00,0,treatment,0.54778316157749,0.0,0,0
company_019,2026-03-30 16:14:23+00:00,2026-04-13 16:14:23+00:00,0,treatment,0.011460105951758604,0.0,0,0
candidate_003,2026-03-30 16:18:01+00:00,2026-04-13 16:18:01+00:00,0,control,0.009001797590556429,0.0,0,0
candidate_064,2026-03-30 16:18:18+00:00,2026-04-13 16:18:18+00:00,0,control,0.0009229413367801055,0.0,0,0
candidate_043,2026-03-30 16:31:39+00:00,2026-04-13 16:31:39+00:00,0,control,0.4865914675736676,0.0,0,0
candidate_003,2026-03-30 16:35:26+00:00,2026-04-13 16:35:26+00:00,0,control,0.004591194956685812,0.0,0,0
candidate_015,2026-03-30 16:36:15+00:00,2026-04-13 16:36:15+00:00,0,control,0.33536929917679253,0.0,0,0
company_024,2026-03-30 16:43:24+00:00,2026-04-13 16:43:24+00:00,0,control,0.0004665188880108517,0.0,0,0
candidate_031,2026-03-30 16:46:38+00:00,2026-04-13 16:46:38+00:00,0,treatment,0.25056193034610286,0.0,0,0
candidate_037,2026-03-30 17:14:31+00:00,2026-04-13 17:14:31+00:00,0,control,0.029466625614436,0.0,0,0
candidate_053,2026-03-30 17:18:42+00:00,2026-04-13 17:18:42+00:00,0,control,0.23960718466111622,0.0,0,0
company_007,2026-03-30 17:23:45+00:00,2026-04-13 17:23:45+00:00,0,control,0.21401533516262933,0.0,0,0
candidate_028,2026-03-30 17:24:25+00:00,2026-04-13 17:24:25+00:00,0,control,0.6319810362972438,0.0,0,0
candidate_055,2026-03-30 17:35:09+00:00,2026-04-13 17:35:09+00:00,0,treatment,0.002019571824723506,0.0,0,0
candidate_052,2026-03-30 17:36:12+00:00,2026-04-13 17:36:12+00:00,0,treatment,0.20789077251988064,0.0,0,0
candidate_038,2026-03-30 17:44:21+00:00,2026-04-13 17:44:21+00:00,0,treatment,0.0047809766574634545,0.0,0,0
candidate_033,2026-03-30 17:44:41+00:00,2026-04-13 17:44:41+00:00,0,treatment,0.0009340760681575101,0.0,0,0
candidate_064,2026-03-30 17:50:00+00:00,2026-04-13 17:50:00+00:00,0,control,0.0005619633902881412,0.0,0,0
candidate_066,2026-03-30 17:50:13+00:00,2026-04-13 17:50:13+00:00,0,control,0.6074652341956244,0.0,0,0
company_011,2026-03-30 17:51:10+00:00,2026-04-13 17:51:10+00:00,0,control,0.7476364583506205,0.0,0,0
candidate_065,2026-03-30 18:10:03+00:00,2026-04-13 18:10:03+00:00,0,control,0.0034534587192224402,0.0,0,0
candidate_024,2026-03-30 18:11:43+00:00,2026-04-13 18:11:43+00:00,0,treatment,0.0006296584515665247,0.0,0,0
company_026,2026-03-30 18:24:59+00:00,2026-04-13 18:24:59+00:00,0,control,0.6934843027822837,0.0,0,0
company_013,2026-03-30 18:28:01+00:00,2026-04-13 18:28:01+00:00,0,treatment,0.7130458722648327,0.0,0,0
candidate_003,2026-03-30 18:31:01+00:00,2026-04-13 18:31:01+00:00,0,control,0.0023365560088685717,0.0,0,0
candidate_024,2026-03-30 18:33:00+00:00,2026-04-13 18:33:00+00:00,0,treatment,0.0003198214157270074,0.0,0,0
candidate_008,2026-03-30 18:40:34+00:00,2026-04-13 18:40:34+00:00,0,control,0.44967662143839304,0.0,0,0
candidate_064,2026-03-30 18:49:18+00:00,2026-04-13 18:49:18+00:00,0,control,0.0002854276571134455,0.0,0,0
company_001,2026-03-30 18:52:01+00:00,2026-04-13 18:52:01+00:00,0,treatment,0.000103916189037393,0.0,0,0
company_018,2026-03-30 19:19:40+00:00,2026-04-13 19:19:40+00:00,0,treatment,0.09406769444887195,0.0,0,0
candidate_030,2026-03-30 19:25:24+00:00,2026-04-13 19:25:24+00:00,0,control,0.5002932786198648,0.0,0,0
company_019,2026-03-30 19:28:50+00:00,2026-04-13 19:28:50+00:00,0,treatment,0.021777836491611486,0.0,0,0
candidate_070,2026-03-30 19:51:30+00:00,2026-04-13 19:51:30+00:00,0,control,0.03742185649685419,0.0,0,0
candidate_030,2026-03-30 19:52:25+00:00,2026-04-13 19:52:25+00:00,0,control,0.3370313754357808,0.0,0,0
candidate_056,2026-03-30 19:59:39+00:00,2026-04-13 19:59:39+00:00,0,control,0.00516385986325446,0.0,0,0
company_015,2026-03-30 20:02:37+00:00,2026-04-13 20:02:37+00:00,0,control,0.5665227370691622,0.0,0,0
candidate_025,2026-03-30 20:07:51+00:00,2026-04-13 20:07:51+00:00,0,control,0.780276894012193,0.0,0,0
company_006,2026-03-30 20:10:02+00:00,2026-04-13 20:10:02+00:00,0,treatment,0.3695295578107228,0.0,0,0
candidate_030,2026-03-30 20:10:39+00:00,2026-04-13 20:10:39+00:00,0,control,0.24584159564321095,0.0,0,0
candidate_055,2026-03-30 20:31:09+00:00,2026-04-13 20:31:09+00:00,0,treatment,0.0015118743514547681,0.0,0,0
candidate_009,2026-03-30 20:34:00+00:00,2026-04-13 20:34:00+00:00,0,treatment,0.07852710446692382,0.0,0,0
candidate_060,2026-03-30 20:35:51+00:00,2026-04-13 20:35:51+00:00,0,control,0.6542524645024147,0.0,0,0
candidate_067,2026-03-30 20:37:29+00:00,2026-04-13 20:37:29+00:00,0,control,0.31424189589110973,0.0,0,0
candidate_069,2026-03-30 20:41:59+00:00,2026-04-13 20:41:59+00:00,0,control,1.0619309995589761e-05,0.0,0,0
company_022,2026-03-30 20:53:43+00:00,2026-04-13 20:53:43+00:00,0,treatment,0.00029184726891441507,0.0,0,0
company_019,2026-03-30 20:53:45+00:00,2026-04-13 20:53:45+00:00,0,treatment,0.018009461196936877,0.0,0,0
candidate_003,2026-03-30 20:58:11+00:00,2026-04-13 20:58:11+00:00,0,control,0.0011878014586855028,0.0,0,0
company_026,2026-03-30 21:02:40+00:00,2026-04-13 21:02:40+00:00,0,control,0.5919654092403229,0.0,0,0
candidate_006,2026-03-30 21:10:40+00:00,2026-04-13 21:10:40+00:00,0,control,0.21989436226568249,0.0,0,0
candidate_028,2026-03-30 21:28:11+00:00,2026-04-13 21:28:11+00:00,0,control,0.4658035110915717,0.0,0,0
candidate_070,2026-03-30 21:36:48+00:00,2026-04-13 21:36:48+00:00,0,control,0.023402204511930053,0.0,0,0
company_009,2026-03-30 21:40:59+00:00,2026-04-13 21:40:59+00:00,0,treatment,1.3798222258248965e-05,0.0,0,0
candidate_065,2026-03-30 21:53:23+00:00,2026-04-13 21:53:23+00:00,0,control,0.0013382100177655966,0.0,0,0
candidate_006,2026-03-30 21:58:04+00:00,2026-04-13 21:58:04+00:00,0,control,0.1252083234876566,0.0,0,0
candidate_070,2026-03-31 08:04:57+00:00,2026-04-14 08:04:57+00:00,0,control,0.019358315458180373,0.0,0,0
candidate_055,2026-03-31 08:05:45+00:00,2026-04-14 08:05:45+00:00,0,treatment,0.0019595889513567173,0.0,0,0
candidate_033,2026-03-31 08:08:26+00:00,2026-04-14 08:08:26+00:00,0,treatment,0.0009223859264661515,0.0,0,0
candidate_033,2026-03-31 08:16:58+00:00,2026-04-14 08:16:58+00:00,0,treatment,0.0004685735536275355,0.0,0,0
company_018,2026-03-31 08:18:19+00:00,2026-04-14 08:18:19+00:00,0,treatment,0.13896867715431718,0.0,0,0
candidate_043,2026-03-31 08:55:56+00:00,2026-04-14 08:55:56+00:00,0,control,0.5956616064693906,0.0,0,0
company_018,2026-03-31 09:10:04+00:00,2026-04-14 09:10:04+00:00,0,treatment,0.07574559507340432,0.0,0,0
company_024,2026-03-31 09:25:25+00:00,2026-04-14 09:25:25+00:00,0,control,0.0003892186644476548,0.0,0,0
candidate_059,2026-03-31 09:46:37+00:00,2026-04-14 09:46:37+00:00,0,treatment,0.005678956209390201,0.0,0,0
candidate_039,2026-03-31 09:48:13+00:00,2026-04-14 09:48:13+00:00,0,control,0.8374069702676993,0.0,0,0
company_009,2026-03-31 09:49:44+00:00,2026-04-14 09:49:44+00:00,0,treatment,1.1366856415409693e-05,0.0,0,0
company_022,2026-03-31 09:56:05+00:00,2026-04-14 09:56:05+00:00,0,treatment,0.0011929269027555493,0.0,0,0
company_019,2026-03-31 10:07:38+00:00,2026-04-14 10:07:38+00:00,0,treatment,0.01488323396338398,0.0,0,0
company_015,2026-03-31 10:10:22+00:00,2026-04-14 10:10:22+00:00,0,control,0.8299551970646161,0.0,0,0
candidate_065,2026-03-31 10:13:10+00:00,2026-04-14 10:13:10+00:00,0,control,0.002665345614365237,0.0,0,0
company_011,2026-03-31 10:20:37+00:00,2026-04-14 10:20:37+00:00,0,control,0.793455114558925,0.0,0,0
company_011,2026-03-31 10:55:35+00:00,2026-04-14 10:55:35+00:00,0,control,0.6610897906727478,0.0,0,0
candidate_067,2026-03-31 11:07:20+00:00,2026-04-14 11:07:20+00:00,0,control,0.372728582224146,0.0,0,0
candidate_003,2026-03-31 11:12:39+00:00,2026-04-14 11:12:39+00:00,0,control,0.0030277448202281074,0.0,0,0
candidate_005,2026-03-31 11:13:39+00:00,2026-04-14 11:13:39+00:00,0,control,0.014276809394579905,0.0,0,0
company_014,2026-03-31 11:23:07+00:00,2026-04-14 11:23:07+00:00,0,control,0.882585606809538,0.0,0,0
candidate_069,2026-03-31 11:27:52+00:00,2026-04-14 11:27:52+00:00,0,control,1.6715583062676504e-05,0.0,0,0
company_024,2026-03-31 11:35:44+00:00,2026-04-14 11:35:44+00:00,0,control,0.00012718097469930422,0.0,0,0
candidate_052,2026-03-31 11:40:04+00:00,2026-04-14 11:40:04+00:00,0,treatment,0.3400082324988745,0.0,0,0
company_024,2026-03-31 12:03:51+00:00,2026-04-14 12:03:51+00:00,0,control,6.45828516894217e-05,0.0,0,0
candidate_035,2026-03-31 12:13:08+00:00,2026-04-14 12:13:08+00:00,0,control,0.7727423746300179,0.0,0,0
candidate_070,2026-03-31 12:23:24+00:00,2026-04-14 12:23:24+00:00,0,control,0.010048784776226252,0.0,0,0
candidate_021,2026-03-31 12:25:17+00:00,2026-04-14 12:25:17+00:00,0,control,0.0018390032037011424,0.0,0,0
candidate_069,2026-03-31 12:30:02+00:00,2026-04-14 12:30:02+00:00,0,control,1.3770160147635144e-05,0.0,0,0
candidate_015,2026-03-31 12:41:01+00:00,2026-04-14 12:41:01+00:00,0,control,0.4845806124116061,0.0,0,0
company_013,2026-03-31 12:45:08+00:00,2026-04-14 12:45:08+00:00,0,treatment,0.794340606619268,0.0,0,0
candidate_055,2026-03-31 12:57:42+00:00,2026-04-14 12:57:42+00:00,0,treatment,0.0009959831019474377,0.0,0,0
candidate_013,2026-03-31 13:03:44+00:00,2026-04-14 13:03:44+00:00,0,control,0.005179105294749103,0.0,0,0
candidate_067,2026-03-31 13:15:50+00:00,2026-04-14 13:15:50+00:00,0,control,0.23403824089216885,0.0,0,0
candidate_031,2026-03-31 13:15:51+00:00,2026-04-14 13:15:51+00:00,0,treatment,0.31316561009857824,0.0,0,0
company_015,2026-03-31 13:20:33+00:00,2026-04-14 13:20:33+00:00,0,control,0.7150809986176009,0.0,0,0
candidate_006,2026-03-31 13:20:41+00:00,2026-04-14 13:20:41+00:00,0,control,0.18987656569639,0.0,0,0
candidate_070,2026-03-31 13:35:12+00:00,2026-04-14 13:35:12+00:00,0,control,0.00744415759499727,0.0,0,0
candidate_055,2026-03-31 13:40:48+00:00,2026-04-14 13:40:48+00:00,0,treatment,0.0007268673220063277,0.0,0,0
candidate_043,2026-03-31 13:41:47+00:00,2026-04-14 13:41:47+00:00,0,control,0.47275959456699884,0.0,0,0
candidate_043,2026-03-31 14:26:08+00:00,2026-04-14 14:26:08+00:00,0,control,0.3128573941624387,0.0,0,0
candidate_038,2026-03-31 14:29:10+00:00,2026-04-14 14:29:10+00:00,0,treatment,0.02105264723118519,0.0,0,0
company_015,2026-03-31 14:32:18+00:00,2026-04-14 14:32:18+00:00,0,control,0.5603212996327931,0.0,0,0
candidate_039,2026-03-31 14:33:10+00:00,2026-04-14 14:33:10+00:00,0,control,0.723389034059536,0.0,0,0
candidate_022,2026-03-31 14:37:40+00:00,2026-04-14 14:37:40+00:00,0,control,0.9395476431088366,0.0,1,0
company_009,2026-03-31 14:52:19+00:00,2026-04-14 14:52:19+00:00,0,treatment,2.4958697421834128e-05,0.0,0,0
company_005,2026-03-31 14:59:08+00:00,2026-04-14 14:59:08+00:00,0,control,0.7325203537053266,0.0,0,0
candidate_039,2026-03-31 15:04:27+00:00,2026-04-14 15:04:27+00:00,0,control,0.5704311248558459,0.0,0,0
candidate_022,2026-03-31 15:53:56+00:00,2026-04-14 15:53:56+00:00,0,control,0.9088090691778407,0.0,1,0
candidate_028,2026-03-31 15:55:17+00:00,2026-04-14 15:55:17+00:00,0,control,0.5881189394943571,0.0,0,0
company_014,2026-03-31 15:55:18+00:00,2026-04-14 15:55:18+00:00,0,control,0.7923947973959137,0.0,0,0
candidate_056,2026-03-31 15:57:45+00:00,2026-04-14 15:57:45+00:00,0,control,0.009578671016815133,0.0,0,0
candidate_017,2026-03-31 16:06:08+00:00,2026-04-14 16:06:08+00:00,0,treatment,0.37039394782618323,0.0,0,0
candidate_059,2026-03-31 16:17:11+00:00,2026-04-14 16:17:11+00:00,0,treatment,0.012232338167445202,0.0,0,0
company_008,2026-03-31 16:41:21+00:00,2026-04-14 16:41:21+00:00,0,control,0.0011480153966975197,0.0,0,0
candidate_055,2026-03-31 17:09:10+00:00,2026-04-14 17:09:10+00:00,0,treatment,0.00036921423468146765,0.0,0,0
candidate_038,2026-03-31 17:11:34+00:00,2026-04-14 17:11:34+00:00,0,treatment,0.008350822488718398,0.0,0,0
company_005,2026-03-31 17:11:54+00:00,2026-04-14 17:11:54+00:00,0,control,0.5816919526806652,0.0,0,0
candidate_051,2026-03-31 17:16:13+00:00,2026-04-14 17:16:13+00:00,0,control,0.6567145146953196,0.0,0,0
candidate_055,2026-03-31 17:25:57+00:00,2026-04-14 17:25:57+00:00,0,treatment,0.00022475958938373712,0.0,0,0
company_011,2026-03-31 18:15:52+00:00,2026-04-14 18:15:52+00:00,0,control,0.5557154341005344,0.0,0,0
company_008,2026-03-31 18:15:59+00:00,2026-04-14 18:15:59+00:00,0,control,0.0005906531460142642,0.0,0,0
candidate_005,2026-03-31 18:22:58+00:00,2026-04-14 18:22:58+00:00,0,control,0.007392583556754177,0.0,0,0
candidate_060,2026-03-31 18:26:00+00:00,2026-04-14 18:26:00+00:00,0,control,0.7486561584864039,0.0,0,0
candidate_051,2026-03-31 18:27:16+00:00,2026-04-14 18:27:16+00:00,0,control,0.49274106598154044,0.0,0,0
company_009,2026-03-31 18:47:28+00:00,2026-04-14 18:47:28+00:00,0,treatment,1.3227871666558085e-05,0.0,0,0
company_015,2026-03-31 19:01:03+00:00,2026-04-14 19:01:03+00:00,0,control,0.395882145128119,0.0,0,0
candidate_013,2026-03-31 19:01:44+00:00,2026-04-14 19:01:44+00:00,0,control,0.0017193006831876974,0.0,0,0
candidate_023,2026-03-31 19:02:46+00:00,2026-04-14 19:02:46+00:00,0,treatment,0.8573410879476968,0.0,0,0
candidate_035,2026-03-31 19:14:37+00:00,2026-04-14 19:14:37+00:00,0,control,0.6909810454533047,0.0,0,0
candidate_006,2026-03-31 19:17:38+00:00,2026-04-14 19:17:38+00:00,0,control,0.10925960453447728,0.0,0,0
candidate_069,2026-03-31 19:20:36+00:00,2026-04-14 19:20:36+00:00,0,control,8.046510661670282e-06,0.0,0,0
company_005,2026-03-31 19:22:28+00:00,2026-04-14 19:22:28+00:00,0,control,0.4138670505366115,0.0,0,0
candidate_014,2026-03-31 19:29:41+00:00,2026-04-14 19:29:41+00:00,0,treatment,0.6380227700308819,0.0,0,0
candidate_037,2026-03-31 19:37:41+00:00,2026-04-14 19:37:41+00:00,0,control,0.2267434060561072,0.0,0,0
candidate_048,2026-03-31 19:39:05+00:00,2026-04-14 19:39:05+00:00,0,control,0.8374069702676993,0.0,0,0
candidate_005,2026-03-31 19:41:11+00:00,2026-04-14 19:41:11+00:00,0,control,0.004569632868619113,0.0,0,0
candidate_005,2026-03-31 19:47:59+00:00,2026-04-14 19:47:59+00:00,0,control,0.0023549896231234877,0.0,0,0
candidate_038,2026-03-31 20:03:23+00:00,2026-04-14 20:03:23+00:00,0,treatment,0.004257807141122358,0.0,0,0
company_024,2026-03-31 20:17:06+00:00,2026-04-14 20:17:06+00:00,0,control,5.7199264002187664e-05,0.0,0,0
candidate_066,2026-03-31 20:23:37+00:00,2026-04-14 20:23:37+00:00,0,control,0.729056837597089,0.0,0,0
candidate_070,2026-03-31 20:59:13+00:00,2026-04-14 20:59:13+00:00,0,control,0.003841771004325386,0.0,0,0
company_015,2026-03-31 21:16:02+00:00,2026-04-14 21:16:02+00:00,0,control,0.2553714007774389,0.0,0,0
candidate_009,2026-03-31 21:22:24+00:00,2026-04-14 21:22:24+00:00,0,treatment,0.14216655909706974,0.0,0,0
company_024,2026-03-31 21:22:33+00:00,2026-04-14 21:22:33+00:00,0,control,3.525751247480812e-05,0.0,0,0
candidate_014,2026-03-31 21:32:06+00:00,2026-04-14 21:32:06+00:00,0,treatment,0.472295382883132,0.0,0,0
candidate_041,2026-03-31 21:37:01+00:00,2026-04-14 21:37:01+00:00,0,treatment,0.8946218551973315,0.0,0,0
candidate_005,2026-03-31 21:44:35+00:00,2026-04-14 21:44:35+00:00,0,control,0.0017410731681389354,0.0,0,0
company_010,2026-04-01 08:00:12+00:00,2026-04-15 08:00:12+00:00,0,treatment,0.782327881686867,0.0,0,0
candidate_013,2026-04-01 08:09:23+00:00,2026-04-15 08:09:23+00:00,0,control,0.0022283038061924445,0.0,0,0
candidate_069,2026-04-01 08:27:20+00:00,2026-04-15 08:27:20+00:00,0,control,1.0566355455720485e-05,0.0,0,0
candidate_065,2026-04-01 08:29:21+00:00,2026-04-15 08:29:21+00:00,0,control,0.007283962066393614,0.0,0,0
company_008,2026-04-01 08:36:06+00:00,2026-04-15 08:36:06+00:00,0,control,0.0012734368009147674,0.0,0,0
candidate_056,2026-04-01 08:43:15+00:00,2026-04-15 08:43:15+00:00,0,control,0.008751015795918245,0.0,0,0
candidate_056,2026-04-01 08:47:31+00:00,2026-04-15 08:47:31+00:00,0,control,0.004462735150312063,0.0,0,0
candidate_013,2026-04-01 09:15:04+00:00,2026-04-15 09:15:04+00:00,0,control,0.0013574702443852104,0.0,0,0
candidate_064,2026-04-01 09:24:40+00:00,2026-04-15 09:24:40+00:00,0,control,0.002563461089772807,0.0,0,0
company_022,2026-04-01 09:26:21+00:00,2026-04-15 09:26:21+00:00,0,treatment,0.007274857142714702,0.0,0,0
company_019,2026-04-01 09:26:35+00:00,2026-04-15 09:26:35+00:00,0,treatment,0.02840413778633441,0.0,0,0
candidate_009,2026-04-01 09:29:07+00:00,2026-04-15 09:29:07+00:00,0,treatment,0.20689615285082852,0.0,0,0
company_027,2026-04-01 09:37:48+00:00,2026-04-15 09:37:48+00:00,0,treatment,0.8359018420358149,0.0,0,0
candidate_065,2026-04-01 09:38:33+00:00,2026-04-15 09:38:33+00:00,0,control,0.0037118931235369376,0.0,0,0
company_011,2026-04-01 09:44:55+00:00,2026-04-15 09:44:55+00:00,0,control,0.6603509755511281,0.0,0,0
candidate_066,2026-04-01 09:56:25+00:00,2026-04-15 09:56:25+00:00,0,control,0.7772437150672413,0.0,0,0
candidate_035,2026-04-01 10:06:10+00:00,2026-04-15 10:06:10+00:00,0,control,0.7904552421324359,0.0,0,0
candidate_064,2026-04-01 10:07:08+00:00,2026-04-15 10:07:08+00:00,0,control,0.0013032956712957725,0.0,0,0
candidate_037,2026-04-01 10:11:53+00:00,2026-04-15 10:11:53+00:00,0,control,0.262512289495853,0.0,0,0
candidate_015,2026-04-01 10:13:35+00:00,2026-04-15 10:13:35+00:00,0,control,0.7261549356615192,0.0,0,0
candidate_059,2026-04-01 10:14:44+00:00,2026-04-15 10:14:44+00:00,0,treatment,0.01648447191572716,0.0,0,0
candidate_024,2026-04-01 10:17:57+00:00,2026-04-15 10:17:57+00:00,0,treatment,0.0005507248774711997,0.0,0,0
candidate_023,2026-04-01 10:18:29+00:00,2026-04-15 10:18:29+00:00,0,treatment,0.8319539283025957,0.0,0,0
candidate_043,2026-04-01 10:25:43+00:00,2026-04-15 10:25:43+00:00,0,control,0.46523605329406065,0.0,0,0
company_001,2026-04-01 10:43:07+00:00,2026-04-15 10:43:07+00:00,0,treatment,0.00040291882919352666,0.0,0,0
candidate_013,2026-04-01 10:48:11+00:00,2026-04-15 10:48:11+00:00,0,control,0.0006897448797163982,0.0,0,0
company_023,2026-04-01 11:19:59+00:00,2026-04-15 11:19:59+00:00,0,control,0.605642570601374,0.0,0,0
candidate_015,2026-04-01 11:21:56+00:00,2026-04-15 11:21:56+00:00,0,control,0.5738254280664521,0.0,0,0
candidate_018,2026-04-01 11:29:23+00:00,2026-04-15 11:29:23+00:00,0,control,0.872772385844047,0.0,0,0
candidate_055,2026-04-01 11:38:03+00:00,2026-04-15 11:38:03+00:00,0,treatment,0.00041869363370386806,0.0,0,0
candidate_018,2026-04-01 11:43:45+00:00,2026-04-15 11:43:45+00:00,0,control,0.7769486633381574,0.0,0,0
candidate_047,2026-04-01 11:58:19+00:00,2026-04-15 11:58:19+00:00,0,treatment,0.2251152174446945,0.0,0,0
company_015,2026-04-01 12:09:37+00:00,2026-04-15 12:09:37+00:00,0,control,0.310511797691255,0.0,0,0
candidate_028,2026-04-01 12:11:24+00:00,2026-04-15 12:11:24+00:00,0,control,0.7370367644302352,0.0,0,0
company_014,2026-04-01 12:44:38+00:00,2026-04-15 12:44:38+00:00,0,control,0.8822436382542522,0.0,0,0
candidate_056,2026-04-01 12:44:54+00:00,2026-04-15 12:44:54+00:00,0,control,0.002271036175696229,0.0,0,0
candidate_021,2026-04-01 12:54:30+00:00,2026-04-15 12:54:30+00:00,0,control,0.002142512200670465,0.0,0,0
company_015,2026-04-01 13:23:44+00:00,2026-04-15 13:23:44+00:00,0,control,0.14991275492889575,0.0,0,0
candidate_009,2026-04-01 13:31:07+00:00,2026-04-15 13:31:07+00:00,0,treatment,0.137024401413554,0.0,0,0
company_027,2026-04-01 13:32:33+00:00,2026-04-15 13:32:33+00:00,0,treatment,0.7701033329052385,0.0,0,0
candidate_059,2026-04-01 13:35:38+00:00,2026-04-15 13:35:38+00:00,0,treatment,0.049627107426514494,0.0,0,0
candidate_022,2026-04-01 13:53:37+00:00,2026-04-15 13:53:37+00:00,0,control,0.9143910133279796,0.0,1,0
candidate_059,2026-04-01 13:56:08+00:00,2026-04-15 13:56:08+00:00,0,treatment,0.025830182338102036,0.0,0,0
company_018,2026-04-01 14:04:17+00:00,2026-04-15 14:04:17+00:00,0,treatment,0.4870093134353399,0.0,0,0
candidate_056,2026-04-01 14:06:14+00:00,2026-04-15 14:06:14+00:00,0,control,0.00115445680604028,0.0,0,0
candidate_009,2026-04-01 14:07:48+00:00,2026-04-15 14:07:48+00:00,0,treatment,0.07460921143505352,0.0,0,0
company_022,2026-04-01 14:22:57+00:00,2026-04-15 14:22:57+00:00,0,treatment,0.010119009377882831,0.0,0,0
candidate_003,2026-04-01 14:29:36+00:00,2026-04-15 14:29:36+00:00,0,control,0.010101961725663876,0.0,0,0
candidate_070,2026-04-01 14:32:27+00:00,2026-04-15 14:32:27+00:00,0,control,0.03547584116555966,0.0,0,0
company_015,2026-04-01 14:33:22+00:00,2026-04-15 14:33:22+00:00,0,control,0.08218596515134359,0.0,0,0
company_009,2026-04-01 14:34:43+00:00,2026-04-15 14:34:43+00:00,0,treatment,0.00015311913817911215,0.0,0,0
candidate_065,2026-04-01 14:47:01+00:00,2026-04-15 14:47:01+00:00,0,control,0.002745222184794053,0.0,0,0
candidate_021,2026-04-01 14:48:55+00:00,2026-04-15 14:48:55+00:00,0,control,0.0010890540519329975,0.0,0,0
candidate_038,2026-04-01 15:12:17+00:00,2026-04-15 15:12:17+00:00,0,treatment,0.007904148457573581,0.0,0,0
candidate_022,2026-04-01 15:16:19+00:00,2026-04-15 15:16:19+00:00,0,control,0.8443218821466926,0.0,0,0
candidate_040,2026-04-01 15:19:17+00:00,2026-04-15 15:19:17+00:00,0,control,0.8143130560972882,0.0,0,0
candidate_066,2026-04-01 15:23:23+00:00,2026-04-15 15:23:23+00:00,0,control,0.642115250024858,0.0,0,0
candidate_059,2026-04-01 15:27:42+00:00,2026-04-15 15:27:42+00:00,0,treatment,0.01328472393363296,0.0,0,0
candidate_040,2026-04-01 15:29:56+00:00,2026-04-15 15:29:56+00:00,0,control,0.7376750353747346,0.0,0,0
company_009,2026-04-01 15:36:15+00:00,2026-04-15 15:36:15+00:00,0,treatment,9.320356822638077e-05,0.0,0,0
candidate_009,2026-04-01 15:48:23+00:00,2026-04-15 15:48:23+00:00,0,treatment,0.039807783586564706,0.0,0,0
company_023,2026-04-01 15:51:16+00:00,2026-04-15 15:51:16+00:00,0,control,0.4381453611170279,0.0,0,0
candidate_055,2026-04-01 15:51:27+00:00,2026-04-15 15:51:27+00:00,0,treatment,0.0004955613862242333,0.0,0,0
candidate_013,2026-04-01 15:53:38+00:00,2026-04-15 15:53:38+00:00,0,control,0.0004199356700871365,0.0,0,0
candidate_040,2026-04-01 15:56:14+00:00,2026-04-15 15:56:14+00:00,0,control,0.6432632540877955,0.0,0,0
company_010,2026-04-01 16:03:42+00:00,2026-04-15 16:03:42+00:00,0,treatment,0.791825872557329,0.0,0,0
company_027,2026-04-01 16:11:17+00:00,2026-04-15 16:11:17+00:00,0,treatment,0.6297559587021542,0.0,0,0
candidate_052,2026-04-01 16:13:02+00:00,2026-04-15 16:13:02+00:00,0,treatment,0.4004898508480942,0.0,0,0
candidate_009,2026-04-01 16:46:02+00:00,2026-04-15 16:46:02+00:00,0,treatment,0.024612959473849404,0.0,0,0
candidate_008,2026-04-01 16:49:00+00:00,2026-04-15 16:49:00+00:00,0,control,0.6826097723963568,0.0,0,0
candidate_052,2026-04-01 16:51:47+00:00,2026-04-15 16:51:47+00:00,0,treatment,0.29989710928697244,0.0,0,0
candidate_053,2026-04-01 16:59:00+00:00,2026-04-15 16:59:00+00:00,0,control,0.41306778008665135,0.0,0,0
candidate_055,2026-04-01 16:59:13+00:00,2026-04-15 16:59:13+00:00,0,treatment,0.00025169308810945353,0.0,0,0
candidate_024,2026-04-01 17:02:01+00:00,2026-04-15 17:02:01+00:00,0,treatment,0.0004069658951621171,0.0,0,0
candidate_001,2026-04-01 17:02:48+00:00,2026-04-15 17:02:48+00:00,0,treatment,0.18427619935580059,0.0,0,0
candidate_047,2026-04-01 17:26:50+00:00,2026-04-15 17:26:50+00:00,0,treatment,0.2251152174446945,0.0,0,0
candidate_005,2026-04-01 17:36:42+00:00,2026-04-15 17:36:42+00:00,0,control,0.003280076686699405,0.0,0,0
candidate_013,2026-04-01 17:53:52+00:00,2026-04-15 17:53:52+00:00,0,control,0.00019468789040993432,0.0,0,0
candidate_047,2026-04-01 18:23:35+00:00,2026-04-15 18:23:35+00:00,0,treatment,0.15187292193156654,0.0,0,0
candidate_052,2026-04-01 18:25:33+00:00,2026-04-15 18:25:33+00:00,0,treatment,0.17865119255327921,0.0,0,0
company_019,2026-04-01 18:43:04+00:00,2026-04-15 18:43:04+00:00,0,treatment,0.09432052840393826,0.0,0,0
candidate_005,2026-04-01 18:47:57+00:00,2026-04-15 18:47:57+00:00,0,control,0.0016682211913657138,0.0,0,0
company_018,2026-04-01 18:48:19+00:00,2026-04-15 18:48:19+00:00,0,treatment,0.3662206931982632,0.0,0,0
candidate_035,2026-04-01 18:55:58+00:00,2026-04-15 18:55:58+00:00,0,control,0.5520307938061625,0.0,0,0
candidate_003,2026-04-01 19:14:19+00:00,2026-04-15 19:14:19+00:00,0,control,0.005220171417239419,0.0,0,0
candidate_047,2026-04-01 19:17:22+00:00,2026-04-15 19:17:22+00:00,0,treatment,0.08334740304795321,0.0,0,0
company_011,2026-04-01 19:18:36+00:00,2026-04-15 19:18:36+00:00,0,control,0.49678352420985517,0.0,0,0
company_014,2026-04-01 19:19:55+00:00,2026-04-15 19:19:55+00:00,0,control,0.7918520989158708,0.0,0,0
candidate_057,2026-04-01 19:27:30+00:00,2026-04-15 19:27:30+00:00,0,treatment,0.5760346787294183,0.0,0,0
candidate_024,2026-04-01 19:39:21+00:00,2026-04-15 19:39:21+00:00,0,treatment,0.000250886631385058,0.0,0,0
company_018,2026-04-01 19:40:56+00:00,2026-04-15 19:40:56+00:00,0,treatment,0.22906759860501924,0.0,0,0
company_022,2026-04-01 19:43:43+00:00,2026-04-15 19:43:43+00:00,0,treatment,0.007590691813268176,0.0,0,0
company_024,2026-04-01 20:00:25+00:00,2026-04-15 20:00:25+00:00,0,control,6.822188375175734e-05,0.0,0,0
company_007,2026-04-01 20:08:33+00:00,2026-04-15 20:08:33+00:00,0,control,0.5115855911817997,0.0,0,0
candidate_069,2026-04-01 20:12:45+00:00,2026-04-15 20:12:45+00:00,0,control,2.5386675009019095e-05,0.0,0,0
company_019,2026-04-01 20:18:26+00:00,2026-04-15 20:18:26+00:00,0,treatment,0.050829792644361424,0.0,0,0
candidate_005,2026-04-01 20:22:35+00:00,2026-04-15 20:22:35+00:00,0,control,0.0010160481480399025,0.0,0,0
candidate_003,2026-04-01 20:25:05+00:00,2026-04-15 20:25:05+00:00,0,control,0.0026574800245772008,0.0,0,0
candidate_024,2026-04-01 20:47:21+00:00,2026-04-15 20:47:21+00:00,0,treatment,0.00012902474018157656,0.0,0,0
company_008,2026-04-01 20:52:27+00:00,2026-04-15 20:52:27+00:00,0,control,0.0036587699235372984,0.0,0,0
company_019,2026-04-01 20:55:56+00:00,2026-04-15 20:55:56+00:00,0,treatment,0.026472226247323122,0.0,0,0
candidate_025,2026-04-01 20:58:47+00:00,2026-04-15 20:58:47+00:00,0,control,0.8715568348291629,0.0,0,0
candidate_016,2026-04-01 21:01:48+00:00,2026-04-15 21:01:48+00:00,0,control,0.5379759126243941,0.0,0,0
candidate_047,2026-04-01 21:07:13+00:00,2026-04-15 21:07:13+00:00,0,treatment,0.028495234528577176,0.0,0,0
candidate_028,2026-04-01 21:18:03+00:00,2026-04-15 21:18:03+00:00,0,control,0.6304466274896672,0.0,0,0
candidate_070,2026-04-01 21:30:39+00:00,2026-04-15 21:30:39+00:00,0,control,0.018885461674468088,0.0,0,0
candidate_065,2026-04-01 21:31:49+00:00,2026-04-15 21:31:49+00:00,0,control,0.0008872089093463931,0.0,0,0
candidate_021,2026-04-01 21:34:38+00:00,2026-04-15 21:34:38+00:00,0,control,0.0011561107924602848,0.0,0,0
company_009,2026-04-01 21:41:39+00:00,2026-04-15 21:41:39+00:00,0,treatment,3.6041804463268105e-05,0.0,0,0
candidate_069,2026-04-01 21:46:46+00:00,2026-04-15 21:46:46+00:00,0,control,1.305430388490999e-05,0.0,0,0
company_015,2026-04-01 21:49:56+00:00,2026-04-15 21:49:56+00:00,0,control,0.04455200134871943,0.0,0,0
company_003,2026-04-01 21:52:33+00:00,2026-04-15 21:52:33+00:00,0,control,0.6369240411611555,0.0,0,0
company_015,2026-04-02 08:05:38+00:00,2026-04-16 08:05:38+00:00,0,control,0.05701746108162873,0.0,0,0
company_013,2026-04-02 08:11:41+00:00,2026-04-16 08:11:41+00:00,0,treatment,0.8819899325976351,0.0,0,0
candidate_002,2026-04-02 08:15:45+00:00,2026-04-16 08:15:45+00:00,0,treatment,0.7564399379354028,0.0,0,0
company_023,2026-04-02 08:20:21+00:00,2026-04-16 08:20:21+00:00,0,control,0.5027851250591984,0.0,0,0
candidate_064,2026-04-02 08:21:41+00:00,2026-04-16 08:21:41+00:00,0,control,0.01901625397330646,0.0,0,0
candidate_055,2026-04-02 08:28:32+00:00,2026-04-16 08:28:32+00:00,0,treatment,0.00020735128593679162,0.0,0,0
company_019,2026-04-02 08:40:17+00:00,2026-04-16 08:40:17+00:00,0,treatment,0.021909740598543042,0.0,0,0
candidate_070,2026-04-02 08:42:25+00:00,2026-04-16 08:42:25+00:00,0,control,0.024653885395532055,0.0,0,0
candidate_066,2026-04-02 08:43:58+00:00,2026-04-16 08:43:58+00:00,0,control,0.7046627895426747,0.0,0,0
candidate_060,2026-04-02 08:50:10+00:00,2026-04-16 08:50:10+00:00,0,control,0.8004498946906463,0.0,0,0
candidate_039,2026-04-02 09:24:14+00:00,2026-04-16 09:24:14+00:00,0,control,0.6141628853690599,0.0,0,0
candidate_003,2026-04-02 09:25:24+00:00,2026-04-16 09:25:24+00:00,0,control,0.0026242778060864835,0.0,0,0
company_030,2026-04-02 09:27:50+00:00,2026-04-16 09:27:50+00:00,0,control,0.8932652357471736,0.0,0,0
candidate_039,2026-04-02 09:30:39+00:00,2026-04-16 09:30:39+00:00,0,control,0.4469801100741133,0.0,0,0
candidate_037,2026-04-02 09:32:47+00:00,2026-04-16 09:32:47+00:00,0,control,0.6784293472004717,0.0,0,0
company_026,2026-04-02 09:34:23+00:00,2026-04-16 09:34:23+00:00,0,control,0.6319810362972438,0.0,0,0
company_024,2026-04-02 09:40:51+00:00,2026-04-16 09:40:51+00:00,0,control,0.00010874483642248391,0.0,0,0
company_027,2026-04-02 09:55:33+00:00,2026-04-16 09:55:33+00:00,0,treatment,0.6907459382357556,0.0,0,0
company_008,2026-04-02 10:00:38+00:00,2026-04-16 10:00:38+00:00,0,control,0.004739231722794411,0.0,0,0
candidate_008,2026-04-02 10:02:44+00:00,2026-04-16 10:02:44+00:00,0,control,0.7360667128954286,0.0,0,0
candidate_018,2026-04-02 10:07:41+00:00,2026-04-16 10:07:41+00:00,0,control,0.8724059682562333,0.0,0,0
company_008,2026-04-02 10:09:19+00:00,2026-04-16 10:09:19+00:00,0,control,0.002412071204294448,0.0,0,0
candidate_048,2026-04-02 10:19:09+00:00,2026-04-16 10:19:09+00:00,0,control,0.9066979963434965,0.0,1,0
candidate_040,2026-04-02 10:24:15+00:00,2026-04-16 10:24:15+00:00,0,control,0.7370367644302352,0.0,0,0
company_018,2026-04-02 10:38:01+00:00,2026-04-16 10:38:01+00:00,0,treatment,0.35923740658195646,0.0,0,0
candidate_035,2026-04-02 10:43:28+00:00,2026-04-16 10:43:28+00:00,0,control,0.6180591135955072,0.0,0,0
company_022,2026-04-02 10:43:56+00:00,2026-04-16 10:43:56+00:00,0,treatment,0.016033846140956435,0.0,0,0
company_008,2026-04-02 10:49:49+00:00,2026-04-16 10:49:49+00:00,0,control,0.0012262356678728408,0.0,0,0
company_015,2026-04-02 10:51:23+00:00,2026-04-16 10:51:23+00:00,0,control,0.02978782700610209,0.0,0,0
candidate_038,2026-04-02 10:54:37+00:00,2026-04-16 10:54:37+00:00,0,treatment,0.018009461196936877,0.0,0,0
candidate_059,2026-04-02 11:00:50+00:00,2026-04-16 11:00:50+00:00,0,treatment,0.0367005385954992,0.0,0,0
company_023,2026-04-02 11:12:52+00:00,2026-04-16 11:12:52+00:00,0,control,0.3392621312072396,0.0,0,0
candidate_030,2026-04-02 11:19:39+00:00,2026-04-16 11:19:39+00:00,0,control,0.3228202835268183,0.0,0,0
company_006,2026-04-02 11:21:11+00:00,2026-04-16 11:21:11+00:00,0,treatment,0.6137591675975669,0.0,0,0
company_024,2026-04-02 11:36:59+00:00,2026-04-16 11:36:59+00:00,0,control,5.522042839388592e-05,0.0,0,0
candidate_066,2026-04-02 11:40:09+00:00,2026-04-16 11:40:09+00:00,0,control,0.6471357664141388,0.0,0,0
company_019,2026-04-02 11:47:01+00:00,2026-04-16 11:47:01+00:00,0,treatment,0.008361262706012547,0.0,0,0
candidate_009,2026-04-02 11:54:04+00:00,2026-04-16 11:54:04+00:00,0,treatment,0.04084940128143433,0.0,0,0
candidate_035,2026-04-02 12:01:00+00:00,2026-04-16 12:01:00+00:00,0,control,0.4510556130586248,0.0,0,0
candidate_001,2026-04-02 12:11:37+00:00,2026-04-16 12:11:37+00:00,0,treatment,0.264762422281141,0.0,0,0
candidate_069,2026-04-02 12:14:19+00:00,2026-04-16 12:14:19+00:00,0,control,8.773928000179724e-05,0.0,0,0
candidate_055,2026-04-02 12:19:25+00:00,2026-04-16 12:19:25+00:00,0,treatment,0.0002454283303507952,0.0,0,0
candidate_065,2026-04-02 12:25:06+00:00,2026-04-16 12:25:06+00:00,0,control,0.0036198142197770814,0.0,0,0
candidate_060,2026-04-02 12:27:16+00:00,2026-04-16 12:27:16+00:00,0,control,0.6707068627852788,0.0,0,0
candidate_064,2026-04-02 12:33:37+00:00,2026-04-16 12:33:37+00:00,0,control,0.0062143524214126064,0.0,0,0
company_015,2026-04-02 12:39:17+00:00,2026-04-16 12:39:17+00:00,0,control,0.01535046945516332,0.0,0,0
candidate_038,2026-04-02 12:40:50+00:00,2026-04-16 12:40:50+00:00,0,treatment,0.009226472475216406,0.0,0,0
company_024,2026-04-02 12:50:32+00:00,2026-04-16 12:50:32+00:00,0,control,5.452873378430536e-05,0.0,0,0
company_019,2026-04-02 12:53:36+00:00,2026-04-16 12:53:36+00:00,0,treatment,0.0042631522599783185,0.0,0,0
candidate_067,2026-04-02 12:57:53+00:00,2026-04-16 12:57:53+00:00,0,control,0.49399063402057664,0.0,0,0
company_009,2026-04-02 13:06:05+00:00,2026-04-16 13:06:05+00:00,0,treatment,5.6731650547926065e-05,0.0,0,0
company_019,2026-04-02 13:07:38+00:00,2026-04-16 13:07:38+00:00,0,treatment,0.0021692570893423507,0.0,0,0
company_003,2026-04-02 13:17:42+00:00,2026-04-16 13:17:42+00:00,0,control,0.6999549039864986,0.0,0,0
company_003,2026-04-02 13:18:29+00:00,2026-04-16 13:18:29+00:00,0,control,0.5422386834842786,0.0,0,0
candidate_030,2026-04-02 13:20:14+00:00,2026-04-16 13:20:14+00:00,0,control,0.19687208236956405,0.0,0,0
candidate_048,2026-04-02 13:22:36+00:00,2026-04-16 13:22:36+00:00,0,control,0.8314926499441266,0.0,0,0
candidate_002,2026-04-02 13:23:58+00:00,2026-04-16 13:23:58+00:00,0,treatment,0.6540228022532729,0.0,0,0
candidate_037,2026-04-02 13:38:19+00:00,2026-04-16 13:38:19+00:00,0,control,0.6756730504993856,0.0,0,0
candidate_001,2026-04-02 13:42:06+00:00,2026-04-16 13:42:06+00:00,0,treatment,0.1875933902078987,0.0,0,0
candidate_008,2026-04-02 13:51:18+00:00,2026-04-16 13:51:18+00:00,0,control,0.7336104624648588,0.0,0,0
company_008,2026-04-02 14:07:59+00:00,2026-04-16 14:07:59+00:00,0,control,0.001041336141356726,0.0,0,0
candidate_048,2026-04-02 14:10:09+00:00,2026-04-16 14:10:09+00:00,0,control,0.7147401106249115,0.0,0,0
candidate_006,2026-04-02 14:10:11+00:00,2026-04-16 14:10:11+00:00,0,control,0.23119970404897056,0.0,0,0
candidate_033,2026-04-02 14:12:11+00:00,2026-04-16 14:12:11+00:00,0,treatment,0.0029843835602829947,0.0,0,0
company_009,2026-04-02 14:22:09+00:00,2026-04-16 14:22:09+00:00,0,treatment,2.917292174697386e-05,0.0,0,0
candidate_018,2026-04-02 14:25:51+00:00,2026-04-16 14:25:51+00:00,0,control,0.776376982307898,0.0,0,0
candidate_055,2026-04-02 14:29:43+00:00,2026-04-16 14:29:43+00:00,0,treatment,0.00020218999299971633,0.0,0,0
candidate_047,2026-04-02 14:31:34+00:00,2026-04-16 14:31:34+00:00,0,treatment,0.0696841342688866,0.0,0,0
candidate_065,2026-04-02 14:52:57+00:00,2026-04-16 14:52:57+00:00,0,control,0.0030216056709610763,0.0,0,0
candidate_056,2026-04-02 14:56:17+00:00,2026-04-16 14:56:17+00:00,0,control,0.011039499935650158,0.0,0,0
candidate_039,2026-04-02 14:58:07+00:00,2026-04-16 14:58:07+00:00,0,control,0.29621384980478443,0.0,0,0
candidate_069,2026-04-02 15:04:22+00:00,2026-04-16 15:04:22+00:00,0,control,4.4553384701271685e-05,0.0,0,0
company_030,2026-04-02 15:06:48+00:00,2026-04-16 15:06:48+00:00,0,control,0.8114436051608702,0.0,0,0
candidate_038,2026-04-02 15:14:58+00:00,2026-04-16 15:14:58+00:00,0,treatment,0.005636164449180167,0.0,0,0
candidate_056,2026-04-02 15:20:53+00:00,2026-04-16 15:20:53+00:00,0,control,0.005636164449180167,0.0,0,0
candidate_001,2026-04-02 15:22:26+00:00,2026-04-16 15:22:26+00:00,0,treatment,0.10494498592645658,0.0,0,0
candidate_013,2026-04-02 15:26:46+00:00,2026-04-16 15:26:46+00:00,0,control,0.0033527989208028495,0.0,0,0
company_026,2026-04-02 15:30:05+00:00,2026-04-16 15:30:05+00:00,0,control,0.5240717596912031,0.0,0,0
candidate_002,2026-04-02 15:33:33+00:00,2026-04-16 15:33:33+00:00,0,treatment,0.4929130901952838,0.0,0,0
candidate_040,2026-04-02 15:34:20+00:00,2026-04-16 15:34:20+00:00,0,control,0.6333787286227115,0.0,0,0
candidate_065,2026-04-02 15:40:22+00:00,2026-04-16 15:40:22+00:00,0,control,0.0023241603516208644,0.0,0,0
candidate_013,2026-04-02 15:50:41+00:00,2026-04-16 15:50:41+00:00,0,control,0.0017052682878541709,0.0,0,0
company_001,2026-04-02 15:52:11+00:00,2026-04-16 15:52:11+00:00,0,treatment,0.0036131030363176766,0.0,0,0
candidate_014,2026-04-02 15:55:39+00:00,2026-04-16 15:55:39+00:00,0,treatment,0.7072465080557028,0.0,0,0
candidate_064,2026-04-02 16:22:38+00:00,2026-04-16 16:22:38+00:00,0,control,0.004598986072989522,0.0,0,0
candidate_009,2026-04-02 16:26:18+00:00,2026-04-16 16:26:18+00:00,0,treatment,0.07560319212041179,0.0,0,0
candidate_040,2026-04-02 16:39:57+00:00,2026-04-16 16:39:57+00:00,0,control,0.46730034993244446,0.0,0,0
candidate_047,2026-04-02 16:45:31+00:00,2026-04-16 16:45:31+00:00,0,treatment,0.05811869324933832,0.0,0,0
candidate_035,2026-04-02 16:59:21+00:00,2026-04-16 16:59:21+00:00,0,control,0.2507824927978386,0.0,0,0
candidate_038,2026-04-02 17:02:44+00:00,2026-04-16 17:02:44+00:00,0,treatment,0.0028698425253599214,0.0,0,0
candidate_023,2026-04-02 17:08:02+00:00,2026-04-16 17:08:02+00:00,0,treatment,0.8447545982830149,0.0,0,0
company_013,2026-04-02 17:39:14+00:00,2026-04-16 17:39:14+00:00,0,treatment,0.8234839459216099,0.0,0,0
candidate_008,2026-04-02 17:46:21+00:00,2026-04-16 17:46:21+00:00,0,control,0.6263356096831707,0.0,0,0
company_008,2026-04-02 17:51:31+00:00,2026-04-16 17:51:31+00:00,0,control,0.0006421199497113555,0.0,0,0
candidate_059,2026-04-02 18:01:55+00:00,2026-04-16 18:01:55+00:00,0,treatment,0.02294467829079121,0.0,0,0
company_001,2026-04-02 18:09:43+00:00,2026-04-16 18:09:43+00:00,0,treatment,0.0026387062576571597,0.0,0,0
candidate_065,2026-04-02 18:10:42+00:00,2026-04-16 18:10:42+00:00,0,control,0.001433854781365573,0.0,0,0
candidate_009,2026-04-02 18:23:11+00:00,2026-04-16 18:23:11+00:00,0,treatment,0.04035834294365243,0.0,0,0
company_022,2026-04-02 18:26:19+00:00,2026-04-16 18:26:19+00:00,0,treatment,0.01892322045297206,0.0,0,0
company_009,2026-04-02 18:33:31+00:00,2026-04-16 18:33:31+00:00,0,treatment,2.917292174697386e-05,0.0,0,0
candidate_038,2026-04-02 18:40:43+00:00,2026-04-16 18:40:43+00:00,0,treatment,0.0017487314679014779,0.0,0,0
candidate_065,2026-04-02 18:40:58+00:00,2026-04-16 18:40:58+00:00,0,control,0.0007285840768383684,0.0,0,0
candidate_001,2026-04-02 18:52:31+00:00,2026-04-16 18:52:31+00:00,0,treatment,0.0364442334397268,0.0,0,0
candidate_009,2026-04-02 18:53:28+00:00,2026-04-16 18:53:28+00:00,0,treatment,0.02090814729914353,0.0,0,0
candidate_060,2026-04-02 19:07:12+00:00,2026-04-16 19:07:12+00:00,0,control,0.6007842807195128,0.0,0,0
candidate_070,2026-04-02 19:19:57+00:00,2026-04-16 19:19:57+00:00,0,control,0.04055240345881179,0.0,0,0
company_015,2026-04-02 19:26:52+00:00,2026-04-16 19:26:52+00:00,0,control,0.008194630969283016,0.0,0,0
candidate_037,2026-04-02 19:28:37+00:00,2026-04-16 19:28:37+00:00,0,control,0.4492749532075458,0.0,0,0
candidate_006,2026-04-02 19:37:33+00:00,2026-04-16 19:37:33+00:00,0,control,0.10535351091139869,0.0,0,0
company_003,2026-04-02 19:38:28+00:00,2026-04-16 19:38:28+00:00,0,control,0.37853748084737704,0.0,0,0
company_019,2026-04-02 19:39:01+00:00,2026-04-16 19:39:01+00:00,0,treatment,0.001603680961388163,0.0,0,0
company_005,2026-04-02 19:42:40+00:00,2026-04-16 19:42:40+00:00,0,control,0.5774021266245847,0.0,0,0
candidate_069,2026-04-02 19:42:57+00:00,2026-04-16 19:42:57+00:00,0,control,2.795022935365956e-05,0.0,0,0
company_001,2026-04-02 19:45:32+00:00,2026-04-16 19:45:32+00:00,0,treatment,0.0016992087375490908,0.0,0,0
company_005,2026-04-02 19:53:00+00:00,2026-04-16 19:53:00+00:00,0,control,0.4669867227138739,0.0,0,0
candidate_023,2026-04-02 19:58:46+00:00,2026-04-16 19:58:46+00:00,0,treatment,0.779418613805629,0.0,0,0
company_023,2026-04-02 20:01:07+00:00,2026-04-16 20:01:07+00:00,0,control,0.30521055990485835,0.0,0,0
candidate_018,2026-04-02 20:03:53+00:00,2026-04-16 20:03:53+00:00,0,control,0.6380595159920152,0.0,0,0
candidate_064,2026-04-02 20:03:58+00:00,2026-04-16 20:03:58+00:00,0,control,0.0033596087046290795,0.0,0,0
candidate_070,2026-04-02 20:08:50+00:00,2026-04-16 20:08:50+00:00,0,control,0.02508077845107902,0.0,0,0
candidate_059,2026-04-02 20:09:35+00:00,2026-04-16 20:09:35+00:00,0,treatment,0.011931428487413924,0.0,0,0
candidate_014,2026-04-02 20:25:12+00:00,2026-04-16 20:25:12+00:00,0,treatment,0.558366321701264,0.0,0,0
company_013,2026-04-02 20:50:00+00:00,2026-04-16 20:50:00+00:00,0,treatment,0.6462450718608163,0.0,0,0
company_022,2026-04-02 21:00:00+00:00,2026-04-16 21:00:00+00:00,0,treatment,0.011603797975549567,0.0,0,0
company_027,2026-04-02 21:14:46+00:00,2026-04-16 21:14:46+00:00,0,treatment,0.5314295525865779,0.0,0,0
company_001,2026-04-02 21:36:14+00:00,2026-04-16 21:36:14+00:00,0,treatment,0.0008744760303927856,0.0,0,0
candidate_069,2026-04-02 21:45:17+00:00,2026-04-16 21:45:17+00:00,0,control,1.7012461889847563e-05,0.0,0,0
candidate_016,2026-04-03 08:10:18+00:00,2026-04-17 08:10:18+00:00,0,control,0.6926029143458368,0.0,0,0
candidate_016,2026-04-03 08:14:40+00:00,2026-04-17 08:14:40+00:00,0,control,0.5335972319939851,0.0,0,0
candidate_047,2026-04-03 08:16:44+00:00,2026-04-17 08:16:44+00:00,0,treatment,0.07618494895918562,0.0,0,0
candidate_013,2026-04-03 08:25:53+00:00,2026-04-17 08:25:53+00:00,0,control,0.0014592841765556426,0.0,0,0
candidate_043,2026-04-03 08:30:34+00:00,2026-04-17 08:30:34+00:00,0,control,0.6602158247616211,0.0,0,0
candidate_038,2026-04-03 08:43:08+00:00,2026-04-17 08:43:08+00:00,0,treatment,0.0014410304352126136,0.0,0,0
company_007,2026-04-03 08:43:24+00:00,2026-04-17 08:43:24+00:00,0,control,0.6668260568916028,0.0,0,0
candidate_033,2026-04-03 08:45:14+00:00,2026-04-17 08:45:14+00:00,0,treatment,0.0067246322761701375,0.0,0,0
candidate_033,2026-04-03 08:47:48+00:00,2026-04-17 08:47:48+00:00,0,treatment,0.0034259131225902483,0.0,0,0
company_011,2026-04-03 08:56:01+00:00,2026-04-17 08:56:01+00:00,0,control,0.7304913401224516,0.0,0,0
candidate_009,2026-04-03 09:09:25+00:00,2026-04-17 09:09:25+00:00,0,treatment,0.03307932242636755,0.0,0,0
candidate_002,2026-04-03 09:21:06+00:00,2026-04-17 09:21:06+00:00,0,treatment,0.6201197697787744,0.0,0,0
candidate_009,2026-04-03 09:23:12+00:00,2026-04-17 09:23:12+00:00,0,treatment,0.017074741319683083,0.0,0,0
candidate_038,2026-04-03 09:26:08+00:00,2026-04-17 09:26:08+00:00,0,treatment,0.0007322328271797408,0.0,0,0
company_015,2026-04-03 09:27:24+00:00,2026-04-17 09:27:24+00:00,0,control,0.03309859949884552,0.0,0,0
company_007,2026-04-03 09:29:52+00:00,2026-04-17 09:29:52+00:00,0,control,0.504034854990605,0.0,0,0
company_019,2026-04-03 09:30:41+00:00,2026-04-17 09:30:41+00:00,0,treatment,0.0031430307167344086,0.0,0,0
candidate_003,2026-04-03 09:31:54+00:00,2026-04-17 09:31:54+00:00,0,control,0.030070269013564133,0.0,0,0
candidate_060,2026-04-03 09:35:12+00:00,2026-04-17 09:35:12+00:00,0,control,0.795580484700401,0.0,0,0
candidate_005,2026-04-03 10:03:42+00:00,2026-04-17 10:03:42+00:00,0,control,0.00742491574356771,0.0,0,0
candidate_013,2026-04-03 10:03:56+00:00,2026-04-17 10:03:56+00:00,0,control,0.0007415147937650195,0.0,0,0
candidate_047,2026-04-03 10:15:34+00:00,2026-04-17 10:15:34+00:00,0,treatment,0.04068083036549581,0.0,0,0
company_024,2026-04-03 10:19:48+00:00,2026-04-17 10:19:48+00:00,0,control,0.0001504474642502252,0.0,0,0
company_019,2026-04-03 10:20:10+00:00,2026-04-17 10:20:10+00:00,0,treatment,0.0019154030221135959,0.0,0,0
candidate_024,2026-04-03 10:22:52+00:00,2026-04-17 10:22:52+00:00,0,treatment,0.0005515143767602822,0.0,0,0
candidate_014,2026-04-03 10:29:56+00:00,2026-04-17 10:29:56+00:00,0,treatment,0.621134770526029,0.0,0,0
candidate_070,2026-04-03 10:39:39+00:00,2026-04-17 10:39:39+00:00,0,control,0.04574053441265641,0.0,0,0
company_001,2026-04-03 10:48:19+00:00,2026-04-17 10:48:19+00:00,0,treatment,0.001133650801330325,0.0,0,0
company_011,2026-04-03 10:55:15+00:00,2026-04-17 10:55:15+00:00,0,control,0.6226065821176865,0.0,0,0
candidate_035,2026-04-03 10:58:12+00:00,2026-04-17 10:58:12+00:00,0,control,0.30533834351950295,0.0,0,0
company_009,2026-04-03 11:16:40+00:00,2026-04-17 11:16:40+00:00,0,treatment,5.6731650547926065e-05,0.0,0,0
candidate_064,2026-04-03 11:16:43+00:00,2026-04-17 11:16:43+00:00,0,control,0.004352111882074062,0.0,0,0
candidate_005,2026-04-03 11:17:48+00:00,2026-04-17 11:17:48+00:00,0,control,0.004589675692888084,0.0,0,0
company_022,2026-04-03 11:29:57+00:00,2026-04-17 11:29:57+00:00,0,treatment,0.011460105951758604,0.0,0,0
candidate_015,2026-04-03 11:31:04+00:00,2026-04-17 11:31:04+00:00,0,control,0.7528031317480469,0.0,0,0
candidate_055,2026-04-03 11:33:26+00:00,2026-04-17 11:33:26+00:00,0,treatment,0.00028685771641908406,0.0,0,0
candidate_068,2026-04-03 12:00:16+00:00,2026-04-17 12:00:16+00:00,0,treatment,0.881752929136674,0.0,0,0
candidate_070,2026-04-03 12:08:55+00:00,2026-04-17 12:08:55+00:00,0,control,0.024054852907961742,0.0,0,0
company_001,2026-04-03 12:10:31+00:00,2026-04-17 12:10:31+00:00,0,treatment,0.0009459142281798288,0.0,0,0
candidate_064,2026-04-03 12:17:03+00:00,2026-04-17 12:17:03+00:00,0,control,0.0022146203715605567,0.0,0,0
company_009,2026-04-03 12:18:35+00:00,2026-04-17 12:18:35+00:00,0,treatment,2.917292174697386e-05,0.0,0,0
candidate_038,2026-04-03 12:21:01+00:00,2026-04-17 12:21:01+00:00,0,treatment,0.0003719406403068708,0.0,0,0
candidate_021,2026-04-03 12:40:17+00:00,2026-04-17 12:40:17+00:00,0,control,0.008054848280095702,0.0,0,0
candidate_005,2026-04-03 12:43:16+00:00,2026-04-17 12:43:16+00:00,0,control,0.002365341902750523,0.0,0,0
company_024,2026-04-03 12:55:43+00:00,2026-04-17 12:55:43+00:00,0,control,0.00017807681159968746,0.0,0,0
candidate_015,2026-04-03 13:04:26+00:00,2026-04-17 13:04:26+00:00,0,control,0.64956518393011,0.0,0,0
candidate_060,2026-04-03 13:22:21+00:00,2026-04-17 13:22:21+00:00,0,control,0.6640004342246218,0.0,0,0
candidate_035,2026-04-03 13:25:45+00:00,2026-04-17 13:25:45+00:00,0,control,0.21317561575049315,0.0,0,0
candidate_065,2026-04-03 13:27:34+00:00,2026-04-17 13:27:34+00:00,0,control,0.0036717917651940676,0.0,0,0
company_024,2026-04-03 13:33:45+00:00,2026-04-17 13:33:45+00:00,0,control,9.043016446249659e-05,0.0,0,0
candidate_021,2026-04-03 13:34:33+00:00,2026-04-17 13:34:33+00:00,0,control,0.004106299014466261,0.0,0,0
candidate_064,2026-04-03 13:49:54+00:00,2026-04-17 13:49:54+00:00,0,control,0.0011400117042316576,0.0,0,0
candidate_052,2026-04-03 13:53:21+00:00,2026-04-17 13:53:21+00:00,0,treatment,0.37981867053607404,0.0,0,0
company_024,2026-04-03 13:54:41+00:00,2026-04-17 13:54:41+00:00,0,control,4.5919857588859835e-05,0.0,0,0
company_008,2026-04-03 13:55:58+00:00,2026-04-17 13:55:58+00:00,0,control,0.0022723319723489867,0.0,0,0
candidate_021,2026-04-03 13:59:57+00:00,2026-04-17 13:59:57+00:00,0,control,0.002089282431201595,0.0,0,0
candidate_051,2026-04-03 14:06:16+00:00,2026-04-17 14:06:16+00:00,0,control,0.6663013564914703,0.0,0,0
candidate_047,2026-04-03 14:16:28+00:00,2026-04-17 14:16:28+00:00,0,treatment,0.05427864823770576,0.0,0,0
candidate_025,2026-04-03 14:17:48+00:00,2026-04-17 14:17:48+00:00,0,control,0.926701861935371,0.0,1,0
candidate_064,2026-04-03 14:22:07+00:00,2026-04-17 14:22:07+00:00,0,control,0.0005791898753422916,0.0,0,0
candidate_009,2026-04-03 14:28:33+00:00,2026-04-17 14:28:33+00:00,0,treatment,0.01410843912128833,0.0,0,0
company_001,2026-04-03 14:46:36+00:00,2026-04-17 14:46:36+00:00,0,treatment,0.0004866244287586538,0.0,0,0
candidate_070,2026-04-03 14:52:45+00:00,2026-04-17 14:52:45+00:00,0,control,0.01766537843697982,0.0,0,0
candidate_055,2026-04-03 14:59:43+00:00,2026-04-17 14:59:43+00:00,0,treatment,0.0003395300008622182,0.0,0,0
candidate_035,2026-04-03 15:19:11+00:00,2026-04-17 15:19:11+00:00,0,control,0.1209341617276302,0.0,0,0
candidate_021,2026-04-03 15:21:05+00:00,2026-04-17 15:21:05+00:00,0,control,0.0010619691306706432,0.0,0,0
candidate_023,2026-04-03 15:24:00+00:00,2026-04-17 15:24:00+00:00,0,treatment,0.8226959257871697,0.0,0,0
company_009,2026-04-03 15:26:49+00:00,2026-04-17 15:26:49+00:00,0,treatment,1.7756686381074106e-05,0.0,0,0
candidate_024,2026-04-03 15:37:25+00:00,2026-04-17 15:37:25+00:00,0,treatment,0.0004659716636395957,0.0,0,0
candidate_056,2026-04-03 15:43:57+00:00,2026-04-17 15:43:57+00:00,0,control,0.009578671016815133,0.0,0,0
candidate_017,2026-04-03 15:44:39+00:00,2026-04-17 15:44:39+00:00,0,treatment,0.82941549922906,0.0,0,0
candidate_005,2026-04-03 16:06:01+00:00,2026-04-17 16:06:01+00:00,0,control,0.0007739284544258388,0.0,0,0
candidate_038,2026-04-03 16:06:19+00:00,2026-04-17 16:06:19+00:00,0,treatment,0.0002264195335509407,0.0,0,0
company_011,2026-04-03 16:13:58+00:00,2026-04-17 16:13:58+00:00,0,control,0.5010341040904626,0.0,0,0
candidate_063,2026-04-03 16:16:11+00:00,2026-04-17 16:16:11+00:00,1,control,0.8450214006201885,0.0,0,0
candidate_047,2026-04-03 16:19:26+00:00,2026-04-17 16:19:26+00:00,0,treatment,0.02831770153945793,0.0,0,0
candidate_038,2026-04-03 16:22:07+00:00,2026-04-17 16:22:07+00:00,0,treatment,0.00011644053754535312,0.0,0,0
company_018,2026-04-03 16:27:34+00:00,2026-04-17 16:27:34+00:00,0,treatment,0.6887708076978677,0.0,0,0
candidate_015,2026-04-03 16:30:08+00:00,2026-04-17 16:30:08+00:00,0,control,0.4880047001288601,0.0,0,0
candidate_059,2026-04-03 16:54:28+00:00,2026-04-17 16:54:28+00:00,0,treatment,0.13932363532279812,0.0,0,0
candidate_003,2026-04-03 16:58:02+00:00,2026-04-17 16:58:02+00:00,0,control,0.06072025920692103,0.0,0,0
company_008,2026-04-03 17:04:04+00:00,2026-04-17 17:04:04+00:00,0,control,0.0022439309182441295,0.0,0,0
candidate_069,2026-04-03 17:04:21+00:00,2026-04-17 17:04:21+00:00,0,control,3.4359043835864064e-05,0.0,0,0
candidate_070,2026-04-03 17:08:40+00:00,2026-04-17 17:08:40+00:00,0,control,0.009440758990876609,0.0,0,0
candidate_033,2026-04-03 17:14:15+00:00,2026-04-17 17:14:15+00:00,0,treatment,0.012403136463666187,0.0,0,0
candidate_055,2026-04-03 17:19:44+00:00,2026-04-17 17:19:44+00:00,0,treatment,0.0002066868766236772,0.0,0,0
company_008,2026-04-03 17:27:43+00:00,2026-04-17 17:27:43+00:00,0,control,0.0011406629042880986,0.0,0,0
candidate_068,2026-04-03 17:28:55+00:00,2026-04-17 17:28:55+00:00,0,treatment,0.7952102364331439,0.0,0,0
candidate_013,2026-04-03 17:48:11+00:00,2026-04-17 17:48:11+00:00,0,control,0.00046298531211454126,0.0,0,0
company_015,2026-04-03 17:57:22+00:00,2026-04-17 17:57:22+00:00,0,control,0.015022708155612192,0.0,0,0
candidate_003,2026-04-03 18:00:44+00:00,2026-04-17 18:00:44+00:00,0,control,0.03178189163092818,0.0,0,0
candidate_056,2026-04-03 18:11:45+00:00,2026-04-17 18:11:45+00:00,0,control,0.00585212107082724,0.0,0,0
candidate_014,2026-04-03 18:19:55+00:00,2026-04-17 18:19:55+00:00,0,treatment,0.5819389375826809,0.0,0,0
company_009,2026-04-03 18:31:28+00:00,2026-04-17 18:31:28+00:00,0,treatment,9.246615906956534e-06,0.0,0,0
candidate_055,2026-04-03 18:36:40+00:00,2026-04-17 18:36:40+00:00,0,treatment,0.0002066868766236772,0.0,0,0
candidate_002,2026-04-03 18:38:03+00:00,2026-04-17 18:38:03+00:00,0,treatment,0.45634586463366017,0.0,0,0
candidate_003,2026-04-03 18:50:21+00:00,2026-04-17 18:50:21+00:00,0,control,0.01639439580912534,0.0,0,0
company_027,2026-04-03 19:01:27+00:00,2026-04-17 19:01:27+00:00,0,treatment,0.4830174804075027,0.0,0,0
candidate_023,2026-04-03 19:04:53+00:00,2026-04-17 19:04:53+00:00,0,treatment,0.7385083881452732,0.0,0,0
candidate_009,2026-04-03 19:37:06+00:00,2026-04-17 19:37:06+00:00,0,treatment,0.011797409334040016,0.0,0,0
candidate_065,2026-04-03 19:38:43+00:00,2026-04-17 19:38:43+00:00,0,control,0.0030267413416792985,0.0,0,0
company_001,2026-04-03 19:46:48+00:00,2026-04-17 19:46:48+00:00,0,treatment,0.0004009104074979544,0.0,0,0
company_001,2026-04-03 19:56:08+00:00,2026-04-17 19:56:08+00:00,0,treatment,0.0002036108526035403,0.0,0,0
candidate_065,2026-04-03 20:10:00+00:00,2026-04-17 20:10:00+00:00,0,control,0.0009783780215885196,0.0,0,0
candidate_064,2026-04-03 20:14:18+00:00,2026-04-17 20:14:18+00:00,0,control,0.0002979104325239426,0.0,0,0
candidate_059,2026-04-03 20:15:22+00:00,2026-04-17 20:15:22+00:00,0,treatment,0.050829792644361424,0.0,0,0
candidate_047,2026-04-03 20:17:33+00:00,2026-04-17 20:17:33+00:00,0,treatment,0.024029022930709326,0.0,0,0
company_027,2026-04-03 20:27:38+00:00,2026-04-17 20:27:38+00:00,0,treatment,0.3217631231370375,0.0,0,0
company_019,2026-04-03 20:33:55+00:00,2026-04-17 20:33:55+00:00,0,treatment,0.0027724939477341837,0.0,0,0
company_024,2026-04-03 20:46:54+00:00,2026-04-17 20:46:54+00:00,0,control,4.5344657239712495e-05,0.0,0,0
candidate_043,2026-04-03 21:03:14+00:00,2026-04-17 21:03:14+00:00,0,control,0.7396846656311508,0.0,0,0
candidate_056,2026-04-03 21:08:48+00:00,2026-04-17 21:08:48+00:00,0,control,0.001895301965744527,0.0,0,0
candidate_021,2026-04-03 21:18:38+00:00,2026-04-17 21:18:38+00:00,0,control,0.00034281864702983655,0.0,0,0
company_026,2026-04-03 21:28:23+00:00,2026-04-17 21:28:23+00:00,0,control,0.7265595854623106,0.0,0,0
company_007,2026-04-03 21:33:09+00:00,2026-04-17 21:33:09+00:00,0,control,0.4694685306966505,0.0,0,0
candidate_023,2026-04-03 21:43:27+00:00,2026-04-17 21:43:27+00:00,0,treatment,0.5922105807005119,0.0,0,0
company_019,2026-04-03 21:51:39+00:00,2026-04-17 21:51:39+00:00,0,treatment,0.0014097158217976247,0.0,0,0
company_008,2026-04-03 21:53:43+00:00,2026-04-17 21:53:43+00:00,0,control,0.0007341432549431195,0.0,0,0
candidate_017,2026-04-03 21:57:53+00:00,2026-04-17 21:57:53+00:00,0,treatment,0.7036392116223802,0.0,0,0
candidate_052,2026-04-04 08:08:38+00:00,2026-04-18 08:08:38+00:00,0,treatment,0.4488611546367624,0.0,0,0
company_009,2026-04-04 08:12:04+00:00,2026-04-18 08:12:04+00:00,0,treatment,1.4739507422089163e-05,0.0,0,0
candidate_003,2026-04-04 08:13:37+00:00,2026-04-18 08:13:37+00:00,0,control,0.021155924043389427,0.0,0,0
candidate_037,2026-04-04 08:18:50+00:00,2026-04-18 08:18:50+00:00,0,control,0.5683897997942957,0.0,0,0
candidate_035,2026-04-04 08:21:42+00:00,2026-04-18 08:21:42+00:00,0,control,0.1209341617276302,0.0,0,0
candidate_015,2026-04-04 08:31:32+00:00,2026-04-18 08:31:32+00:00,0,control,0.555877744762399,0.0,0,0
company_009,2026-04-04 08:55:26+00:00,2026-04-18 08:55:26+00:00,0,treatment,1.2142281023912621e-05,0.0,0,0
candidate_014,2026-04-04 08:57:29+00:00,2026-04-18 08:57:29+00:00,0,treatment,0.7217261645345346,0.0,0,0
company_013,2026-04-04 08:59:16+00:00,2026-04-18 08:59:16+00:00,0,treatment,0.6433579300378955,0.0,0,0
company_026,2026-04-04 09:02:18+00:00,2026-04-18 09:02:18+00:00,0,control,0.8131229144504033,0.0,0,0
candidate_033,2026-04-04 09:05:37+00:00,2026-04-18 09:05:37+00:00,0,treatment,0.010368505654057555,0.0,0,0
candidate_009,2026-04-04 09:14:53+00:00,2026-04-18 09:14:53+00:00,0,treatment,0.011797409334040016,0.0,0,0
candidate_047,2026-04-04 09:25:14+00:00,2026-04-18 09:25:14+00:00,0,treatment,0.024973497289665914,0.0,0,0
company_008,2026-04-04 09:28:03+00:00,2026-04-18 09:28:03+00:00,0,control,0.0011406629042880986,0.0,0,0
candidate_013,2026-04-04 09:33:24+00:00,2026-04-18 09:33:24+00:00,0,control,0.001046549514221807,0.0,0,0
company_019,2026-04-04 09:38:13+00:00,2026-04-18 09:38:13+00:00,0,treatment,0.002189502906987146,0.0,0,0
company_001,2026-04-04 09:42:32+00:00,2026-04-18 09:42:32+00:00,0,treatment,0.00016773847354252554,0.0,0,0
company_015,2026-04-04 09:44:18+00:00,2026-04-18 09:44:18+00:00,0,control,0.02831770153945793,0.0,0,0
company_014,2026-04-04 09:44:25+00:00,2026-04-18 09:44:25+00:00,0,control,0.812331812132677,0.0,0,0
company_030,2026-04-04 09:51:08+00:00,2026-04-18 09:51:08+00:00,0,control,0.8534684186844879,0.0,0,0
company_024,2026-04-04 09:52:13+00:00,2026-04-18 09:52:13+00:00,0,control,4.477666163038248e-05,0.0,0,0
candidate_035,2026-04-04 09:54:32+00:00,2026-04-18 09:54:32+00:00,0,control,0.065293610881031,0.0,0,0
candidate_060,2026-04-04 09:55:44+00:00,2026-04-18 09:55:44+00:00,0,control,0.6611822274913981,0.0,0,0
candidate_033,2026-04-04 10:10:19+00:00,2026-04-18 10:10:19+00:00,0,treatment,0.008557098878213536,0.0,0,0
candidate_035,2026-04-04 10:13:28+00:00,2026-04-18 10:13:28+00:00,0,control,0.040783919889469784,0.0,0,0
candidate_069,2026-04-04 10:23:10+00:00,2026-04-18 10:23:10+00:00,0,control,6.648343853544073e-05,0.0,0,0
company_007,2026-04-04 10:32:36+00:00,2026-04-18 10:32:36+00:00,0,control,0.5343346400456201,0.0,0,0
candidate_055,2026-04-04 10:36:30+00:00,2026-04-18 10:36:30+00:00,0,treatment,0.00017243230062900694,0.0,0,0
candidate_038,2026-04-04 10:58:29+00:00,2026-04-18 10:58:29+00:00,0,treatment,0.0003814334956028506,0.0,0,0
candidate_003,2026-04-04 10:59:54+00:00,2026-04-18 10:59:54+00:00,0,control,0.010991602152383309,0.0,0,0
candidate_039,2026-04-04 11:30:43+00:00,2026-04-18 11:30:43+00:00,0,control,0.49399063402057664,0.0,0,0
company_027,2026-04-04 11:32:04+00:00,2026-04-18 11:32:04+00:00,0,treatment,0.42443009285217126,0.0,0,0
candidate_048,2026-04-04 11:38:38+00:00,2026-04-18 11:38:38+00:00,0,control,0.8017715447488932,0.0,0,0
candidate_069,2026-04-04 11:46:04+00:00,2026-04-18 11:46:04+00:00,0,control,3.375946578277623e-05,0.0,0,0
candidate_005,2026-04-04 11:48:34+00:00,2026-04-18 11:48:34+00:00,0,control,0.0020954698073812374,0.0,0,0
candidate_003,2026-04-04 12:02:59+00:00,2026-04-18 12:02:59+00:00,0,control,0.0056115774373907855,0.0,0,0
candidate_048,2026-04-04 12:13:36+00:00,2026-04-18 12:13:36+00:00,0,control,0.6725362779507085,0.0,0,0
candidate_059,2026-04-04 12:31:10+00:00,2026-04-18 12:31:10+00:00,0,treatment,0.07684279016560319,0.0,0,0
candidate_069,2026-04-04 12:37:28+00:00,2026-04-18 12:37:28+00:00,0,control,4.511854815231714e-05,0.0,0,0
company_015,2026-04-04 12:38:35+00:00,2026-04-18 12:38:35+00:00,0,control,0.022181514932197124,0.0,0,0
candidate_002,2026-04-04 12:46:54+00:00,2026-04-18 12:46:54+00:00,0,treatment,0.5211800143722334,0.0,0,0
candidate_053,2026-04-04 12:47:10+00:00,2026-04-18 12:47:10+00:00,0,control,0.701096695043465,0.0,0,0
company_010,2026-04-04 12:47:18+00:00,2026-04-18 12:47:18+00:00,0,treatment,0.7600636927981944,0.0,0,0
candidate_002,2026-04-04 13:05:37+00:00,2026-04-18 13:05:37+00:00,0,treatment,0.35595736455408433,0.0,0,0
candidate_001,2026-04-04 13:07:49+00:00,2026-04-18 13:07:49+00:00,0,treatment,0.030964021935618983,0.0,0,0
candidate_021,2026-04-04 13:19:12+00:00,2026-04-18 13:19:12+00:00,0,control,0.0008750026172558945,0.0,0,0
candidate_047,2026-04-04 13:22:56+00:00,2026-04-18 13:22:56+00:00,0,treatment,0.015542173704010119,0.0,0,0
candidate_009,2026-04-04 13:30:42+00:00,2026-04-18 13:30:42+00:00,0,treatment,0.030094829011802167,0.0,0,0
candidate_053,2026-04-04 13:37:21+00:00,2026-04-18 13:37:21+00:00,0,control,0.6006471521828657,0.0,0,0
company_024,2026-04-04 13:42:18+00:00,2026-04-18 13:42:18+00:00,0,control,5.9842489440277e-05,0.0,0,0
candidate_059,2026-04-04 13:46:57+00:00,2026-04-18 13:46:57+00:00,0,treatment,0.04822146549226921,0.0,0,0
candidate_055,2026-04-04 13:50:40+00:00,2026-04-18 13:50:40+00:00,0,treatment,0.00010763985957526821,0.0,0,0
candidate_059,2026-04-04 13:51:57+00:00,2026-04-18 13:51:57+00:00,0,treatment,0.02508077845107902,0.0,0,0
company_024,2026-04-04 13:55:47+00:00,2026-04-18 13:55:47+00:00,0,control,3.038717483620972e-05,0.0,0,0
company_006,2026-04-04 14:03:15+00:00,2026-04-18 14:03:15+00:00,0,treatment,0.8276877876321964,0.0,0,0
candidate_047,2026-04-04 14:14:06+00:00,2026-04-18 14:14:06+00:00,0,treatment,0.007952705487765471,0.0,0,0
company_019,2026-04-04 14:45:58+00:00,2026-04-18 14:45:58+00:00,0,treatment,0.001127068315520005,0.0,0,0
candidate_013,2026-04-04 14:59:10+00:00,2026-04-18 14:59:10+00:00,0,control,0.0006372571584445425,0.0,0,0
company_026,2026-04-04 15:04:03+00:00,2026-04-18 15:04:03+00:00,0,control,0.7361528459420539,0.0,0,0
candidate_001,2026-04-04 15:05:20+00:00,2026-04-18 15:05:20+00:00,0,treatment,0.016165240344061353,0.0,0,0
company_030,2026-04-04 15:13:59+00:00,2026-04-18 15:13:59+00:00,0,control,0.7035020987615898,0.0,0,0
company_009,2026-04-04 15:31:55+00:00,2026-04-18 15:31:55+00:00,0,treatment,7.390594641094909e-06,0.0,0,0
candidate_052,2026-04-04 15:32:07+00:00,2026-04-18 15:32:07+00:00,0,treatment,0.3430714461213857,0.0,0,0
candidate_009,2026-04-04 15:32:17+00:00,2026-04-18 15:32:17+00:00,0,treatment,0.022800915146474667,0.0,0,0
company_024,2026-04-04 15:36:44+00:00,2026-04-18 15:36:44+00:00,0,control,2.5350314583114833e-05,0.0,0,0
company_015,2026-04-04 15:39:14+00:00,2026-04-18 15:39:14+00:00,0,control,0.010405158565282329,0.0,0,0
candidate_053,2026-04-04 16:17:47+00:00,2026-04-18 16:17:47+00:00,0,control,0.43301451666662244,0.0,0,0
candidate_055,2026-04-04 16:20:21+00:00,2026-04-18 16:20:21+00:00,0,treatment,6.551918038098692e-05,0.0,0,0
company_022,2026-04-04 16:23:20+00:00,2026-04-18 16:23:20+00:00,0,treatment,0.022048011533606787,0.0,0,0
company_007,2026-04-04 16:28:56+00:00,2026-04-18 16:28:56+00:00,0,control,0.3250379955429963,0.0,0,0
candidate_059,2026-04-04 16:42:19+00:00,2026-04-18 16:42:19+00:00,0,treatment,0.018423941002879776,0.0,0,0
candidate_021,2026-04-04 16:43:26+00:00,2026-04-18 16:43:26+00:00,0,control,0.000539519134334153,0.0,0,0
candidate_064,2026-04-04 16:49:01+00:00,2026-04-18 16:49:01+00:00,0,control,0.0005549277235987818,0.0,0,0
company_013,2026-04-04 17:06:22+00:00,2026-04-18 17:06:22+00:00,0,treatment,0.4919173108919671,0.0,0,0
candidate_048,2026-04-04 17:21:58+00:00,2026-04-18 17:21:58+00:00,0,control,0.5136365909870644,0.0,0,0
company_030,2026-04-04 17:31:02+00:00,2026-04-18 17:31:02+00:00,0,control,0.6034036431728339,0.0,0,0
company_001,2026-04-04 17:32:06+00:00,2026-04-18 17:32:06+00:00,0,treatment,0.0007158786873838587,0.0,0,0
candidate_013,2026-04-04 17:32:19+00:00,2026-04-18 17:32:19+00:00,0,control,0.0003879717292560896,0.0,0,0
candidate_064,2026-04-04 17:41:18+00:00,2026-04-18 17:41:18+00:00,0,control,0.0002818531848618346,0.0,0,0
candidate_056,2026-04-04 18:03:27+00:00,2026-04-18 18:03:27+00:00,0,control,0.03485910669701229,0.0,0,0
candidate_024,2026-04-04 18:15:40+00:00,2026-04-18 18:15:40+00:00,0,treatment,0.0005800201573424351,0.0,0,0
company_024,2026-04-04 18:17:21+00:00,2026-04-18 18:17:21+00:00,0,control,8.281431732544352e-06,0.0,0,0
company_015,2026-04-04 18:20:29+00:00,2026-04-18 18:20:29+00:00,0,control,0.005310637204763513,0.0,0,0
candidate_001,2026-04-04 18:25:52+00:00,2026-04-18 18:25:52+00:00,0,treatment,0.010152075462703455,0.0,0,0
candidate_024,2026-04-04 18:34:47+00:00,2026-04-18 18:34:47+00:00,0,treatment,0.0002946015155488948,0.0,0,0
candidate_023,2026-04-04 18:53:57+00:00,2026-04-18 18:53:57+00:00,0,treatment,0.6929992994840085,0.0,0,0
company_008,2026-04-04 18:54:22+00:00,2026-04-18 18:54:22+00:00,0,control,0.0009638283511259256,0.0,0,0
candidate_069,2026-04-04 18:58:01+00:00,2026-04-18 18:58:01+00:00,0,control,2.3495338438122373e-05,0.0,0,0
candidate_003,2026-04-04 18:59:17+00:00,2026-04-18 18:59:17+00:00,0,control,0.0034230777700549465,0.0,0,0
company_015,2026-04-04 19:01:46+00:00,2026-04-18 19:01:46+00:00,0,control,0.002703654967400342,0.0,0,0
candidate_013,2026-04-04 19:13:25+00:00,2026-04-18 19:13:25+00:00,0,control,0.00023617996967708536,0.0,0,0
candidate_064,2026-04-04 19:15:37+00:00,2026-04-18 19:15:37+00:00,0,control,0.00014679079203359281,0.0,0,0
company_013,2026-04-04 19:22:55+00:00,2026-04-18 19:22:55+00:00,0,treatment,0.3323772926887668,0.0,0,0
candidate_009,2026-04-04 19:31:17+00:00,2026-04-18 19:31:17+00:00,0,treatment,0.016947544241342736,0.0,0,0
company_019,2026-04-04 19:37:01+00:00,2026-04-18 19:37:01+00:00,0,treatment,0.0006950079165112532,0.0,0,0
candidate_039,2026-04-04 19:38:53+00:00,2026-04-18 19:38:53+00:00,0,control,0.38499453681241524,0.0,0,0
candidate_006,2026-04-04 19:44:47+00:00,2026-04-18 19:44:47+00:00,0,control,0.24665765775017273,0.0,0,0
candidate_037,2026-04-04 19:51:13+00:00,2026-04-18 19:51:13+00:00,0,control,0.34022914917908753,0.0,0,0
company_010,2026-04-04 19:54:55+00:00,2026-04-18 19:54:55+00:00,0,treatment,0.7088695120343508,0.0,0,0
candidate_047,2026-04-04 20:05:08+00:00,2026-04-18 20:05:08+00:00,0,treatment,0.004434247698706193,0.0,0,0
candidate_032,2026-04-04 20:18:41+00:00,2026-04-18 20:18:41+00:00,0,treatment,0.8472556058085714,0.0,0,0
candidate_024,2026-04-04 20:25:53+00:00,2026-04-18 20:25:53+00:00,0,treatment,0.0001816083274237481,0.0,0,0
candidate_052,2026-04-04 20:35:31+00:00,2026-04-18 20:35:31+00:00,0,treatment,0.3135321068825619,0.0,0,0
company_022,2026-04-04 20:37:46+00:00,2026-04-18 20:37:46+00:00,0,treatment,0.008642341424811458,0.0,0,0
company_001,2026-04-04 20:39:53+00:00,2026-04-18 20:39:53+00:00,0,treatment,0.00023104155350566242,0.0,0,0
candidate_038,2026-04-04 20:43:43+00:00,2026-04-18 20:43:43+00:00,0,treatment,0.0006457246610100084,0.0,0,0
company_027,2026-04-04 20:44:25+00:00,2026-04-18 20:44:25+00:00,0,treatment,0.21300539752860184,0.0,0,0
candidate_009,2026-04-04 20:50:51+00:00,2026-04-18 20:50:51+00:00,0,treatment,0.008677862578334666,0.0,0,0
candidate_003,2026-04-04 20:52:45+00:00,2026-04-18 20:52:45+00:00,0,control,0.0024997992308065475,0.0,0,0
candidate_039,2026-04-04 20:54:02+00:00,2026-04-18 20:54:02+00:00,0,control,0.24119725728082694,0.0,0,0
company_001,2026-04-04 20:58:32+00:00,2026-04-18 20:58:32+00:00,0,treatment,0.00011732954030113131,0.0,0,0
candidate_060,2026-04-04 21:05:13+00:00,2026-04-18 21:05:13+00:00,0,control,0.3893072067287228,0.0,0,0
company_019,2026-04-04 21:31:58+00:00,2026-04-18 21:31:58+00:00,0,treatment,0.0005071746914068623,0.0,0,0
candidate_001,2026-04-04 21:32:52+00:00,2026-04-18 21:32:52+00:00,0,treatment,0.005246195951571584,0.0,0,0
candidate_065,2026-04-04 21:35:31+00:00,2026-04-18 21:35:31+00:00,0,control,0.002819902243565319,0.0,0,0
candidate_064,2026-04-04 21:41:13+00:00,2026-04-18 21:41:13+00:00,0,control,7.454149087806571e-05,0.0,0,0
company_006,2026-04-04 21:44:04+00:00,2026-04-18 21:44:04+00:00,0,treatment,0.7179711471671244,0.0,0,0
company_009,2026-04-04 21:49:52+00:00,2026-04-18 21:49:52+00:00,0,treatment,1.500129048169712e-05,0.0,0,0
candidate_069,2026-04-05 08:27:28+00:00,2026-04-19 08:27:28+00:00,0,control,7.412513187986308e-05,0.0,0,0
candidate_069,2026-04-05 08:29:42+00:00,2026-04-19 08:29:42+00:00,0,control,3.7639964502294326e-05,0.0,0,0
company_026,2026-04-05 08:30:13+00:00,2026-04-19 08:30:13+00:00,0,control,0.7834525568800599,0.0,0,0
candidate_018,2026-04-05 08:32:55+00:00,2026-04-19 08:32:55+00:00,0,control,0.817604104155925,0.0,0,0
company_018,2026-04-05 08:36:18+00:00,2026-04-19 08:36:18+00:00,0,treatment,0.8932728734271026,0.0,0,0
candidate_015,2026-04-05 08:59:03+00:00,2026-04-19 08:59:03+00:00,0,control,0.7536044780977502,0.0,0,0
candidate_006,2026-04-05 09:06:04+00:00,2026-04-19 09:06:04+00:00,0,control,0.29803233888157704,0.0,0,0
company_019,2026-04-05 09:15:12+00:00,2026-04-19 09:15:12+00:00,0,treatment,0.0007881133866042213,0.0,0,0
candidate_009,2026-04-05 09:16:31+00:00,2026-04-19 09:16:31+00:00,0,treatment,0.011364566011473563,0.0,0,0
company_024,2026-04-05 09:37:47+00:00,2026-04-19 09:37:47+00:00,0,control,2.1416601770149613e-05,0.0,0,0
candidate_009,2026-04-05 09:47:03+00:00,2026-04-19 09:47:03+00:00,0,treatment,0.005803058998821091,0.0,0,0
company_030,2026-04-05 09:51:22+00:00,2026-04-19 09:51:22+00:00,0,control,0.7028141779666499,0.0,0,0
company_010,2026-04-05 09:57:38+00:00,2026-04-19 09:57:38+00:00,0,treatment,0.8383799452410938,0.0,0,0
candidate_051,2026-04-05 10:02:03+00:00,2026-04-19 10:02:03+00:00,0,control,0.88878835900539,0.0,0,0
company_027,2026-04-05 10:04:35+00:00,2026-04-19 10:04:35+00:00,0,treatment,0.40565619736546277,0.0,0,0
candidate_051,2026-04-05 10:05:43+00:00,2026-04-19 10:05:43+00:00,0,control,0.8022948377766376,0.0,0,0
company_024,2026-04-05 10:25:04+00:00,2026-04-19 10:25:04+00:00,0,control,1.3035606442475432e-05,0.0,0,0
candidate_064,2026-04-05 10:33:10+00:00,2026-04-19 10:33:10+00:00,0,control,0.00018795346475194074,0.0,0,0
company_019,2026-04-05 10:46:17+00:00,2026-04-19 10:46:17+00:00,0,treatment,0.00040033641319789327,0.0,0,0
candidate_036,2026-04-05 10:47:51+00:00,2026-04-19 10:47:51+00:00,1,control,0.5913086179494407,0.0,0,0
candidate_013,2026-04-05 10:52:47+00:00,2026-04-19 10:52:47+00:00,0,control,0.0005030303048917333,0.0,0,0
candidate_016,2026-04-05 10:52:47+00:00,2026-04-19 10:52:47+00:00,0,control,0.59934093141731,0.0,0,0
candidate_043,2026-04-05 11:00:36+00:00,2026-04-19 11:00:36+00:00,0,control,0.8543559992130633,0.0,0,0
company_014,2026-04-05 11:01:51+00:00,2026-04-19 11:01:51+00:00,0,control,0.9116139788827745,0.0,1,0
candidate_023,2026-04-05 11:04:09+00:00,2026-04-19 11:04:09+00:00,0,treatment,0.745359140399708,0.0,0,0
candidate_038,2026-04-05 11:05:51+00:00,2026-04-19 11:05:51+00:00,0,treatment,0.0010160481480399025,0.0,0,0
company_019,2026-04-05 11:21:34+00:00,2026-04-19 11:21:34+00:00,0,treatment,0.00020331927996900028,0.0,0,0
company_001,2026-04-05 11:25:46+00:00,2026-04-19 11:25:46+00:00,0,treatment,0.00025309879354793846,0.0,0,0
candidate_005,2026-04-05 11:32:50+00:00,2026-04-19 11:32:50+00:00,0,control,0.00490823917759498,0.0,0,0
candidate_009,2026-04-05 11:40:08+00:00,2026-04-19 11:40:08+00:00,0,treatment,0.0019031451413113968,0.0,0,0
candidate_021,2026-04-05 11:43:43+00:00,2026-04-19 11:43:43+00:00,0,control,0.001454972551837754,0.0,0,0
candidate_021,2026-04-05 11:51:29+00:00,2026-04-19 11:51:29+00:00,0,control,0.0007393223319210176,0.0,0,0
candidate_055,2026-04-05 11:51:58+00:00,2026-04-19 11:51:58+00:00,0,treatment,0.00012677342006196324,0.0,0,0
company_001,2026-04-05 12:01:39+00:00,2026-04-19 12:01:39+00:00,0,treatment,0.00012853223631319665,0.0,0,0
company_013,2026-04-05 12:06:49+00:00,2026-04-19 12:06:49+00:00,0,treatment,0.5566308313720029,0.0,0,0
candidate_069,2026-04-05 12:18:10+00:00,2026-04-19 12:18:10+00:00,0,control,2.2910398398995105e-05,0.0,0,0
candidate_068,2026-04-05 12:25:54+00:00,2026-04-19 12:25:54+00:00,0,treatment,0.8082248846849792,0.0,0,0
candidate_070,2026-04-05 12:28:16+00:00,2026-04-19 12:28:16+00:00,0,control,0.06866028458487698,0.0,0,0
company_015,2026-04-05 12:37:15+00:00,2026-04-19 12:37:15+00:00,0,control,0.006018343172109152,0.0,0,0
candidate_052,2026-04-05 12:47:23+00:00,2026-04-19 12:47:23+00:00,0,treatment,0.37195834216389867,0.0,0,0
company_014,2026-04-05 12:48:36+00:00,2026-04-19 12:48:36+00:00,0,control,0.8686573767799306,0.0,0,0
candidate_047,2026-04-05 12:51:05+00:00,2026-04-19 12:51:05+00:00,0,treatment,0.007138645315429416,0.0,0,0
candidate_055,2026-04-05 13:28:47+00:00,2026-04-19 13:28:47+00:00,0,treatment,0.00020565640730237883,0.0,0,0
candidate_047,2026-04-05 13:32:19+00:00,2026-04-19 13:32:19+00:00,0,treatment,0.0036375788563958442,0.0,0,0
candidate_039,2026-04-05 13:33:49+00:00,2026-04-19 13:33:49+00:00,0,control,0.37490786186199754,0.0,0,0
company_019,2026-04-05 13:42:38+00:00,2026-04-19 13:42:38+00:00,0,treatment,0.0001778217974459594,0.0,0,0
company_009,2026-04-05 13:43:44+00:00,2026-04-19 13:43:44+00:00,0,treatment,6.29371312609478e-05,0.0,0,0
candidate_068,2026-04-05 13:45:11+00:00,2026-04-19 13:45:11+00:00,0,treatment,0.6815256997598118,0.0,0,0
company_001,2026-04-05 13:53:08+00:00,2026-04-19 13:53:08+00:00,0,treatment,6.526906949983333e-05,0.0,0,0
candidate_033,2026-04-05 14:01:59+00:00,2026-04-19 14:01:59+00:00,0,treatment,0.011986294161348311,0.0,0,0
candidate_047,2026-04-05 14:02:07+00:00,2026-04-19 14:02:07+00:00,0,treatment,0.0018503701232716267,0.0,0,0
company_018,2026-04-05 14:15:13+00:00,2026-04-19 14:15:13+00:00,0,treatment,0.8376345702758652,0.0,0,0
company_018,2026-04-05 14:18:25+00:00,2026-04-19 14:18:25+00:00,0,treatment,0.7237235816249034,0.0,0,0
candidate_057,2026-04-05 14:18:47+00:00,2026-04-19 14:18:47+00:00,0,treatment,0.7928701206011795,0.0,0,0
company_018,2026-04-05 14:32:53+00:00,2026-04-19 14:32:53+00:00,0,treatment,0.5708409170281095,0.0,0,0
candidate_052,2026-04-05 14:37:54+00:00,2026-04-19 14:37:54+00:00,0,treatment,0.23119970404897056,0.0,0,0
candidate_037,2026-04-05 14:41:40+00:00,2026-04-19 14:41:40+00:00,0,control,0.721719976918841,0.0,0,0
candidate_065,2026-04-05 14:50:43+00:00,2026-04-19 14:50:43+00:00,0,control,0.004682949932969846,0.0,0,0
candidate_028,2026-04-05 14:52:07+00:00,2026-04-19 14:52:07+00:00,0,control,0.853606036014899,0.0,0,0
candidate_057,2026-04-05 15:02:41+00:00,2026-04-19 15:02:41+00:00,0,treatment,0.5525341906575069,0.0,0,0
company_001,2026-04-05 15:09:17+00:00,2026-04-19 15:09:17+00:00,0,treatment,5.514134050714119e-05,0.0,0,0
candidate_052,2026-04-05 15:14:36+00:00,2026-04-19 15:14:36+00:00,0,treatment,0.13247226980488802,0.0,0,0
candidate_055,2026-04-05 15:15:40+00:00,2026-04-19 15:15:40+00:00,0,treatment,0.00020308072472242876,0.0,0,0
candidate_015,2026-04-05 15:19:50+00:00,2026-04-19 15:19:50+00:00,0,control,0.66511484896732,0.0,0,0
candidate_069,2026-04-05 15:33:05+00:00,2026-04-19 15:33:05+00:00,0,control,2.2910398398995105e-05,0.0,0,0
company_009,2026-04-05 15:34:18+00:00,2026-04-19 15:34:18+00:00,0,treatment,6.486740557046736e-05,0.0,0,0
company_009,2026-04-05 15:42:45+00:00,2026-04-19 15:42:45+00:00,0,treatment,3.2938838077475225e-05,0.0,0,0
candidate_009,2026-04-05 15:43:01+00:00,2026-04-19 15:43:01+00:00,0,treatment,0.001159237762431826,0.0,0,0
company_010,2026-04-05 15:46:10+00:00,2026-04-19 15:46:10+00:00,0,treatment,0.6259368712290042,0.0,0,0
candidate_041,2026-04-05 15:53:37+00:00,2026-04-19 15:53:37+00:00,0,treatment,0.9145502452375461,0.0,1,0
candidate_037,2026-04-05 15:58:50+00:00,2026-04-19 15:58:50+00:00,0,control,0.681173272653293,0.0,0,0
candidate_025,2026-04-05 16:00:33+00:00,2026-04-19 16:00:33+00:00,0,control,0.9538490441412921,0.0,1,0
candidate_047,2026-04-05 16:06:07+00:00,2026-04-19 16:06:07+00:00,0,treatment,0.001127068315520005,0.0,0,0
candidate_039,2026-04-05 16:14:21+00:00,2026-04-19 16:14:21+00:00,0,control,0.26990529638204835,0.0,0,0
company_013,2026-04-05 16:18:40+00:00,2026-04-19 16:18:40+00:00,0,treatment,0.3893072067287228,0.0,0,0
candidate_043,2026-04-05 16:31:09+00:00,2026-04-19 16:31:09+00:00,0,control,0.7486561584864039,0.0,0,0
candidate_048,2026-04-05 16:36:22+00:00,2026-04-19 16:36:22+00:00,0,control,0.7533704498968153,0.0,0,0
company_022,2026-04-05 17:14:22+00:00,2026-04-19 17:14:22+00:00,0,treatment,0.057364300052009196,0.0,0,0
candidate_040,2026-04-05 17:17:43+00:00,2026-04-19 17:17:43+00:00,0,control,0.778004002534355,0.0,0,0
company_001,2026-04-05 17:34:35+00:00,2026-04-19 17:34:35+00:00,0,treatment,3.3988985695553805e-05,0.0,0,0
candidate_060,2026-04-05 17:42:22+00:00,2026-04-19 17:42:22+00:00,0,control,0.5504001868425891,0.0,0,0
candidate_055,2026-04-05 17:48:54+00:00,2026-04-19 17:48:54+00:00,0,treatment,0.00010443692844751912,0.0,0,0
candidate_005,2026-04-05 17:55:43+00:00,2026-04-19 17:55:43+00:00,0,control,0.0016087109963194885,0.0,0,0
company_030,2026-04-05 18:01:38+00:00,2026-04-19 18:01:38+00:00,0,control,0.4776577009322279,0.0,0,0
candidate_064,2026-04-05 18:06:50+00:00,2026-04-19 18:06:50+00:00,0,control,0.00022814801475285306,0.0,0,0
candidate_014,2026-04-05 18:33:28+00:00,2026-04-19 18:33:28+00:00,0,treatment,0.8072011284218823,0.0,0,0
candidate_021,2026-04-05 18:42:12+00:00,2026-04-19 18:42:12+00:00,0,control,0.0006325871558834031,0.0,0,0
company_009,2026-04-05 18:52:53+00:00,2026-04-19 18:52:53+00:00,0,treatment,2.030324526575191e-05,0.0,0,0
candidate_069,2026-04-05 18:59:55+00:00,2026-04-19 18:59:55+00:00,0,control,3.100760818638644e-05,0.0,0,0
candidate_053,2026-04-05 19:02:47+00:00,2026-04-19 19:02:47+00:00,0,control,0.5490212377425999,0.0,0,0
company_015,2026-04-05 19:13:24+00:00,2026-04-19 19:13:24+00:00,0,control,0.003718197665428495,0.0,0,0
candidate_064,2026-04-05 19:30:13+00:00,2026-04-19 19:30:13+00:00,0,control,0.00011881776574366483,0.0,0,0
candidate_021,2026-04-05 19:34:35+00:00,2026-04-19 19:34:35+00:00,0,control,0.00032538414637339774,0.0,0,0
candidate_043,2026-04-05 19:35:13+00:00,2026-04-19 19:35:13+00:00,0,control,0.6019826843654098,0.0,0,0
candidate_005,2026-04-05 19:41:35+00:00,2026-04-19 19:41:35+00:00,0,control,0.00082786610077357,0.0,0,0
candidate_005,2026-04-05 19:42:03+00:00,2026-04-19 19:42:03+00:00,0,control,0.0004205377535853909,0.0,0,0
company_009,2026-04-05 19:58:11+00:00,2026-04-19 19:58:11+00:00,0,treatment,1.0309501857584363e-05,0.0,0,0
company_015,2026-04-05 20:14:04+00:00,2026-04-19 20:14:04+00:00,0,control,0.0022664278643374203,0.0,0,0
candidate_038,2026-04-05 20:31:39+00:00,2026-04-19 20:31:39+00:00,0,treatment,0.0011061235045577537,0.0,0,0
candidate_040,2026-04-05 20:31:49+00:00,2026-04-19 20:31:49+00:00,0,control,0.6431249785011133,0.0,0,0
company_030,2026-04-05 20:39:51+00:00,2026-04-19 20:39:51+00:00,0,control,0.36963286795300027,0.0,0,0
candidate_025,2026-04-05 20:46:42+00:00,2026-04-19 20:46:42+00:00,0,control,0.9130027989136409,0.0,1,0
candidate_021,2026-04-05 20:49:44+00:00,2026-04-19 20:49:44+00:00,0,control,0.00017031466895633956,0.0,0,0
company_010,2026-04-05 21:14:18+00:00,2026-04-19 21:14:18+00:00,0,treatment,0.4593648674348014,0.0,0,0
candidate_064,2026-04-05 21:20:39+00:00,2026-04-19 21:20:39+00:00,0,control,4.594753228512126e-05,0.0,0,0
candidate_013,2026-04-05 21:44:29+00:00,2026-04-19 21:44:29+00:00,0,control,0.000245280535681354,0.0,0,0
candidate_016,2026-04-05 21:50:24+00:00,2026-04-19 21:50:24+00:00,0,control,0.6219100481992925,0.0,0,0
company_007,2026-04-06 08:20:24+00:00,2026-04-20 08:20:24+00:00,0,control,0.3361963926178707,0.0,0,0
company_008,2026-04-06 08:34:24+00:00,2026-04-20 08:34:24+00:00,0,control,0.006681803124650348,0.0,0,0
company_013,2026-04-06 08:43:32+00:00,2026-04-20 08:43:32+00:00,0,treatment,0.4300623907410301,0.0,0,0
candidate_013,2026-04-06 09:06:04+00:00,2026-04-20 09:06:04+00:00,0,control,0.0003860377853065779,0.0,0,0
candidate_069,2026-04-06 09:08:18+00:00,2026-04-20 09:08:18+00:00,0,control,3.716847571972725e-05,0.0,0,0
candidate_056,2026-04-06 09:44:20+00:00,2026-04-20 09:44:20+00:00,0,control,0.07075123862553359,0.0,0,0
candidate_059,2026-04-06 09:48:00+00:00,2026-04-20 09:48:00+00:00,0,treatment,0.017921263241649738,0.0,0,0
candidate_056,2026-04-06 09:55:26+00:00,2026-04-20 09:55:26+00:00,0,control,0.0372217020727237,0.0,0,0
candidate_057,2026-04-06 09:55:37+00:00,2026-04-20 09:55:37+00:00,0,treatment,0.6690982933697299,0.0,0,0
candidate_051,2026-04-06 10:03:15+00:00,2026-04-20 10:03:15+00:00,0,control,0.8149640150877379,0.0,0,0
candidate_013,2026-04-06 10:03:51+00:00,2026-04-20 10:03:51+00:00,0,control,0.00019605604046030203,0.0,0,0
company_007,2026-04-06 10:04:32+00:00,2026-04-20 10:04:32+00:00,0,control,0.2723086835141287,0.0,0,0
company_001,2026-04-06 10:11:57+00:00,2026-04-20 10:11:57+00:00,0,treatment,4.945662360761962e-05,0.0,0,0
candidate_038,2026-04-06 10:15:42+00:00,2026-04-20 10:15:42+00:00,0,treatment,0.002085042157786854,0.0,0,0
company_019,2026-04-06 10:17:26+00:00,2026-04-20 10:17:26+00:00,0,treatment,0.00013542058751312019,0.0,0,0
company_001,2026-04-06 10:24:31+00:00,2026-04-20 10:24:31+00:00,0,treatment,2.5113249788756355e-05,0.0,0,0
company_027,2026-04-06 10:25:04+00:00,2026-04-20 10:25:04+00:00,0,treatment,0.40262058249115923,0.0,0,0
candidate_030,2026-04-06 10:37:55+00:00,2026-04-20 10:37:55+00:00,0,control,0.5835030407012517,0.0,0,0
company_003,2026-04-06 10:43:06+00:00,2026-04-20 10:43:06+00:00,0,control,0.6496408647619104,0.0,0,0
candidate_027,2026-04-06 11:00:09+00:00,2026-04-20 11:00:09+00:00,0,treatment,0.8999906665258931,0.0,1,0
candidate_048,2026-04-06 11:04:30+00:00,2026-04-20 11:04:30+00:00,0,control,0.7181766517883807,0.0,0,0
company_022,2026-04-06 11:09:29+00:00,2026-04-20 11:09:29+00:00,0,treatment,0.10582271715989805,0.0,0,0
company_027,2026-04-06 11:19:02+00:00,2026-04-20 11:19:02+00:00,0,treatment,0.30176204008473123,0.0,0,0
company_022,2026-04-06 11:28:30+00:00,2026-04-20 11:28:30+00:00,0,treatment,0.05668644618930675,0.0,0,0
company_008,2026-04-06 11:29:05+00:00,2026-04-20 11:29:05+00:00,0,control,0.003404021496871699,0.0,0,0
candidate_041,2026-04-06 11:32:01+00:00,2026-04-20 11:32:01+00:00,0,treatment,0.9460224605929104,0.0,1,0
candidate_028,2026-04-06 11:45:51+00:00,2026-04-20 11:45:51+00:00,0,control,0.8844852204143794,0.0,0,0
candidate_053,2026-04-06 12:06:37+00:00,2026-04-20 12:06:37+00:00,0,control,0.621134770526029,0.0,0,0
company_019,2026-04-06 12:12:08+00:00,2026-04-20 12:12:08+00:00,0,treatment,8.347548548265268e-05,0.0,0,0
candidate_065,2026-04-06 12:18:50+00:00,2026-04-20 12:18:50+00:00,0,control,0.012595302892506524,0.0,0,0
company_027,2026-04-06 12:24:18+00:00,2026-04-20 12:24:18+00:00,0,treatment,0.2169916329440576,0.0,0,0
candidate_033,2026-04-06 12:25:07+00:00,2026-04-20 12:25:07+00:00,0,treatment,0.055662761544841156,0.0,0,0
company_008,2026-04-06 12:57:41+00:00,2026-04-20 12:57:41+00:00,0,control,0.001731364346504573,0.0,0,0
company_009,2026-04-06 13:05:34+00:00,2026-04-20 13:05:34+00:00,0,treatment,8.305925453407781e-05,0.0,0,0
candidate_064,2026-04-06 13:16:16+00:00,2026-04-20 13:16:16+00:00,0,control,8.669250118132645e-05,0.0,0,0
company_019,2026-04-06 13:22:07+00:00,2026-04-20 13:22:07+00:00,0,treatment,4.238817108932152e-05,0.0,0,0
candidate_056,2026-04-06 13:22:47+00:00,2026-04-20 13:22:47+00:00,0,control,0.019252843212432123,0.0,0,0
candidate_037,2026-04-06 13:24:18+00:00,2026-04-20 13:24:18+00:00,0,control,0.681173272653293,0.0,0,0
candidate_014,2026-04-06 13:27:13+00:00,2026-04-20 13:27:13+00:00,0,treatment,0.8863740838621126,0.0,0,0
company_024,2026-04-06 13:46:40+00:00,2026-04-20 13:46:40+00:00,0,control,0.00031405275828488643,0.0,0,0
candidate_001,2026-04-06 14:03:12+00:00,2026-04-20 14:03:12+00:00,0,treatment,0.015074128082351767,0.0,0,0
candidate_043,2026-04-06 14:03:50+00:00,2026-04-20 14:03:50+00:00,0,control,0.7068248103842477,0.0,0,0
company_009,2026-04-06 14:13:16+00:00,2026-04-20 14:13:16+00:00,0,treatment,4.217680376490498e-05,0.0,0,0
company_024,2026-04-06 14:14:27+00:00,2026-04-20 14:14:27+00:00,0,control,0.00019117584982236227,0.0,0,0
candidate_048,2026-04-06 14:23:27+00:00,2026-04-20 14:23:27+00:00,0,control,0.5640733669716631,0.0,0,0
company_011,2026-04-06 14:31:36+00:00,2026-04-20 14:31:36+00:00,0,control,0.7721630742759139,0.0,0,0
candidate_065,2026-04-06 14:48:18+00:00,2026-04-20 14:48:18+00:00,0,control,0.007704271657914865,0.0,0,0
candidate_033,2026-04-06 14:55:08+00:00,2026-04-20 14:55:08+00:00,0,treatment,0.046308603025129055,0.0,0,0
candidate_030,2026-04-06 15:17:40+00:00,2026-04-20 15:17:40+00:00,0,control,0.4230309309752558,0.0,0,0
company_011,2026-04-06 15:28:25+00:00,2026-04-20 15:28:25+00:00,0,control,0.6353983517375051,0.0,0,0
candidate_028,2026-04-06 15:36:26+00:00,2026-04-20 15:36:26+00:00,0,control,0.7954153440657926,0.0,0,0
candidate_059,2026-04-06 15:43:09+00:00,2026-04-20 15:43:09+00:00,0,treatment,0.009296268285492017,0.0,0,0
candidate_051,2026-04-06 15:45:06+00:00,2026-04-20 15:45:06+00:00,0,control,0.7283175890019428,0.0,0,0
company_008,2026-04-06 15:48:30+00:00,2026-04-20 15:48:30+00:00,0,control,0.001731364346504573,0.0,0,0
candidate_001,2026-04-06 15:56:44+00:00,2026-04-20 15:56:44+00:00,0,treatment,0.007711423015388758,0.0,0,0
candidate_001,2026-04-06 16:08:59+00:00,2026-04-20 16:08:59+00:00,0,treatment,0.003930556403803869,0.0,0,0
company_007,2026-04-06 16:18:03+00:00,2026-04-20 16:18:03+00:00,0,control,0.15967269435052422,0.0,0,0
candidate_059,2026-04-06 16:22:46+00:00,2026-04-20 16:22:46+00:00,0,treatment,0.004742074519963477,0.0,0,0
company_008,2026-04-06 16:29:11+00:00,2026-04-20 16:29:11+00:00,0,control,0.0008798864414624443,0.0,0,0
candidate_048,2026-04-06 16:31:13+00:00,2026-04-20 16:31:13+00:00,0,control,0.39651330864375217,0.0,0,0
candidate_064,2026-04-06 16:32:37+00:00,2026-04-20 16:32:37+00:00,0,control,6.486740557046736e-05,0.0,0,0
candidate_056,2026-04-06 16:37:57+00:00,2026-04-20 16:37:57+00:00,0,control,0.011955453094946696,0.0,0,0
candidate_025,2026-04-06 17:01:55+00:00,2026-04-20 17:01:55+00:00,0,control,0.9429204739205703,0.0,1,0
candidate_043,2026-04-06 17:09:14+00:00,2026-04-20 17:09:14+00:00,0,control,0.5535176107878239,0.0,0,0
candidate_067,2026-04-06 17:10:49+00:00,2026-04-20 17:10:49+00:00,0,control,0.7865906445644953,0.0,0,0
company_019,2026-04-06 17:31:35+00:00,2026-04-20 17:31:35+00:00,0,treatment,2.179697170224182e-05,0.0,0,0
candidate_057,2026-04-06 17:34:12+00:00,2026-04-20 17:34:12+00:00,0,treatment,0.5065958300204744,0.0,0,0
company_022,2026-04-06 17:43:38+00:00,2026-04-20 17:43:38+00:00,0,treatment,0.08985772227583096,0.0,0,0
candidate_001,2026-04-06 17:48:31+00:00,2026-04-20 17:48:31+00:00,0,treatment,0.0032401947491335135,0.0,0,0
candidate_013,2026-04-06 17:49:54+00:00,2026-04-20 17:49:54+00:00,0,control,9.558303660970264e-05,0.0,0,0
candidate_033,2026-04-06 18:02:20+00:00,2026-04-20 18:02:20+00:00,0,treatment,0.018659388458004245,0.0,0,0
candidate_064,2026-04-06 18:09:06+00:00,2026-04-20 18:09:06+00:00,0,control,3.335667493752506e-05,0.0,0,0
candidate_021,2026-04-06 18:15:13+00:00,2026-04-20 18:15:13+00:00,0,control,0.0002896363330813826,0.0,0,0
candidate_059,2026-04-06 18:23:20+00:00,2026-04-20 18:23:20+00:00,0,treatment,0.0018390032037011424,0.0,0,0
candidate_013,2026-04-06 18:27:12+00:00,2026-04-20 18:27:12+00:00,0,control,4.8536576133359584e-05,0.0,0,0
company_024,2026-04-06 18:33:10+00:00,2026-04-20 18:33:10+00:00,0,control,0.00016356304322000034,0.0,0,0
candidate_015,2026-04-06 18:43:47+00:00,2026-04-20 18:43:47+00:00,0,control,0.8216441022915729,0.0,0,0
company_022,2026-04-06 19:02:46+00:00,2026-04-20 19:02:46+00:00,0,treatment,0.03086528344783309,0.0,0,0
candidate_047,2026-04-06 19:19:45+00:00,2026-04-20 19:19:45+00:00,0,treatment,0.0023535744607813915,0.0,0,0
candidate_047,2026-04-06 19:24:57+00:00,2026-04-20 19:24:57+00:00,0,treatment,0.0011964629192243348,0.0,0,0
company_018,2026-04-06 19:33:30+00:00,2026-04-20 19:33:30+00:00,0,treatment,0.6914666212238855,0.0,0,0
candidate_023,2026-04-06 19:33:45+00:00,2026-04-20 19:33:45+00:00,0,treatment,0.8868321091527319,0.0,0,0
candidate_065,2026-04-06 19:45:55+00:00,2026-04-20 19:45:55+00:00,0,control,0.00482299879932157,0.0,0,0
candidate_021,2026-04-06 19:46:56+00:00,2026-04-20 19:46:56+00:00,0,control,0.00014708989606204446,0.0,0,0
candidate_023,2026-04-06 19:52:10+00:00,2026-04-20 19:52:10+00:00,0,treatment,0.7991609393097696,0.0,0,0
candidate_001,2026-04-06 20:03:13+00:00,2026-04-20 20:03:13+00:00,0,treatment,0.0016479051493390145,0.0,0,0
company_001,2026-04-06 20:08:44+00:00,2026-04-20 20:08:44+00:00,0,treatment,5.317122729276693e-05,0.0,0,0
candidate_060,2026-04-06 20:09:55+00:00,2026-04-20 20:09:55+00:00,0,control,0.7371167240033281,0.0,0,0
candidate_064,2026-04-06 20:29:40+00:00,2026-04-20 20:29:40+00:00,0,control,2.0560799973280486e-05,0.0,0,0
candidate_041,2026-04-06 20:36:39+00:00,2026-04-20 20:36:39+00:00,0,treatment,0.8989828393893848,0.0,1,0
candidate_057,2026-04-06 20:55:54+00:00,2026-04-20 20:55:54+00:00,0,treatment,0.3426876571633054,0.0,0,0
candidate_043,2026-04-06 21:16:21+00:00,2026-04-20 21:16:21+00:00,0,control,0.4300623907410301,0.0,0,0
company_003,2026-04-06 21:23:26+00:00,2026-04-20 21:23:26+00:00,0,control,0.43031259784675874,0.0,0,0
candidate_056,2026-04-06 21:26:43+00:00,2026-04-20 21:26:43+00:00,0,control,0.008861044494060428,0.0,0,0
candidate_040,2026-04-06 21:32:45+00:00,2026-04-20 21:32:45+00:00,0,control,0.7029514746253444,0.0,0,0
candidate_033,2026-04-06 21:53:03+00:00,2026-04-20 21:53:03+00:00,0,treatment,0.009562524887113875,0.0,0,0
company_022,2026-04-06 21:59:45+00:00,2026-04-20 21:59:45+00:00,0,treatment,0.01611290773550636,0.0,0,0
candidate_033,2026-04-07 08:00:36+00:00,2026-04-21 08:00:36+00:00,0,treatment,0.012364772975033687,0.0,0,0
candidate_017,2026-04-07 08:09:38+00:00,2026-04-21 08:09:38+00:00,0,treatment,0.8274447178787945,0.0,0,0
candidate_022,2026-04-07 08:14:52+00:00,2026-04-21 08:14:52+00:00,0,control,0.8603969755559033,0.0,0,0
company_011,2026-04-07 08:31:39+00:00,2026-04-21 08:31:39+00:00,0,control,0.7328479359586166,0.0,0,0
candidate_028,2026-04-07 08:34:41+00:00,2026-04-21 08:34:41+00:00,0,control,0.8379328698380173,0.0,0,0
company_014,2026-04-07 08:35:13+00:00,2026-04-21 08:35:13+00:00,0,control,0.8967457831126927,0.0,0,0
candidate_053,2026-04-07 08:38:26+00:00,2026-04-21 08:38:26+00:00,0,control,0.6855534419745981,0.0,0,0
candidate_048,2026-04-07 08:42:09+00:00,2026-04-21 08:42:09+00:00,0,control,0.4600400722063989,0.0,0,0
candidate_005,2026-04-07 08:47:16+00:00,2026-04-21 08:47:16+00:00,0,control,0.0007519906001954939,0.0,0,0
company_022,2026-04-07 08:50:10+00:00,2026-04-21 08:50:10+00:00,0,treatment,0.02079440997464954,0.0,0,0
candidate_047,2026-04-07 08:55:12+00:00,2026-04-21 08:55:12+00:00,0,treatment,0.0019154030221135959,0.0,0,0
candidate_066,2026-04-07 09:03:36+00:00,2026-04-21 09:03:36+00:00,0,control,0.881752929136674,0.0,0,0
candidate_047,2026-04-07 09:05:33+00:00,2026-04-21 09:05:33+00:00,0,treatment,0.0009735039131881979,0.0,0,0
candidate_047,2026-04-07 09:06:19+00:00,2026-04-21 09:06:19+00:00,0,treatment,0.0004945540236768057,0.0,0,0
company_009,2026-04-07 09:18:57+00:00,2026-04-21 09:18:57+00:00,0,treatment,7.356346367453995e-05,0.0,0,0
company_011,2026-04-07 09:30:09+00:00,2026-04-21 09:30:09+00:00,0,control,0.5820988723980308,0.0,0,0
candidate_024,2026-04-07 09:43:43+00:00,2026-04-21 09:43:43+00:00,0,treatment,0.000782541300513215,0.0,0,0
company_003,2026-04-07 09:55:18+00:00,2026-04-21 09:55:18+00:00,0,control,0.49481447977749843,0.0,0,0
candidate_028,2026-04-07 09:58:43+00:00,2026-04-21 09:58:43+00:00,0,control,0.7682692234347782,0.0,0,0
candidate_053,2026-04-07 09:58:47+00:00,2026-04-21 09:58:47+00:00,0,control,0.5254000090590266,0.0,0,0
company_024,2026-04-07 10:33:58+00:00,2026-04-21 10:33:58+00:00,0,control,0.00031803545677913653,0.0,0,0
candidate_013,2026-04-07 10:34:06+00:00,2026-04-21 10:34:06+00:00,0,control,0.00012238792819666057,0.0,0,0
candidate_024,2026-04-07 10:34:48+00:00,2026-04-21 10:34:48+00:00,0,treatment,0.00039750488086450175,0.0,0,0
candidate_002,2026-04-07 10:38:45+00:00,2026-04-21 10:38:45+00:00,0,treatment,0.6510085243974991,0.0,0,0
company_001,2026-04-07 11:09:20+00:00,2026-04-21 11:09:20+00:00,0,treatment,5.250519975913468e-05,0.0,0,0
company_011,2026-04-07 11:14:45+00:00,2026-04-21 11:14:45+00:00,0,control,0.4204034124850634,0.0,0,0
candidate_021,2026-04-07 11:25:30+00:00,2026-04-21 11:25:30+00:00,0,control,0.0003708405053189234,0.0,0,0
candidate_033,2026-04-07 11:29:11+00:00,2026-04-21 11:29:11+00:00,0,treatment,0.009280593722778958,0.0,0,0
candidate_013,2026-04-07 11:38:00+00:00,2026-04-21 11:38:00+00:00,0,control,6.21487827464928e-05,0.0,0,0
candidate_037,2026-04-07 11:43:39+00:00,2026-04-21 11:43:39+00:00,0,control,0.7760950345004253,0.0,0,0
company_015,2026-04-07 11:46:29+00:00,2026-04-21 11:46:29+00:00,0,control,0.008370395083525039,0.0,0,0
candidate_007,2026-04-07 11:47:42+00:00,2026-04-21 11:47:42+00:00,1,control,0.5913086179494407,0.0,0,0
company_014,2026-04-07 12:07:57+00:00,2026-04-21 12:07:57+00:00,0,control,0.8711376656858366,0.0,0,0
candidate_053,2026-04-07 12:21:06+00:00,2026-04-21 12:21:06+00:00,0,control,0.35984494676141415,0.0,0,0
candidate_065,2026-04-07 12:21:13+00:00,2026-04-21 12:21:13+00:00,0,control,0.03193513276008817,0.0,0,0
candidate_014,2026-04-07 12:23:06+00:00,2026-04-21 12:23:06+00:00,0,treatment,0.9356274207379841,0.0,1,0
candidate_002,2026-04-07 12:35:24+00:00,2026-04-21 12:35:24+00:00,0,treatment,0.5446586359992335,0.0,0,0
candidate_009,2026-04-07 12:39:39+00:00,2026-04-21 12:39:39+00:00,0,treatment,0.006905627940345921,0.0,0,0
candidate_055,2026-04-07 12:40:16+00:00,2026-04-21 12:40:16+00:00,0,treatment,0.000789785873934587,0.0,0,0
candidate_043,2026-04-07 12:47:42+00:00,2026-04-21 12:47:42+00:00,0,control,0.497710594934357,0.0,0,0
company_003,2026-04-07 12:52:24+00:00,2026-04-21 12:52:24+00:00,0,control,0.3857751901513523,0.0,0,0
company_009,2026-04-07 13:14:05+00:00,2026-04-21 13:14:05+00:00,0,treatment,6.137030845452199e-05,0.0,0,0
company_008,2026-04-07 13:14:15+00:00,2026-04-21 13:14:15+00:00,0,control,0.003926897440245647,0.0,0,0
candidate_024,2026-04-07 13:24:10+00:00,2026-04-21 13:24:10+00:00,0,treatment,0.00020188094520169668,0.0,0,0
candidate_024,2026-04-07 13:25:10+00:00,2026-04-21 13:25:10+00:00,0,treatment,0.00010251947371637362,0.0,0,0
candidate_057,2026-04-07 13:32:27+00:00,2026-04-21 13:32:27+00:00,0,treatment,0.6402068043171426,0.0,0,0
candidate_059,2026-04-07 13:33:00+00:00,2026-04-21 13:33:00+00:00,0,treatment,0.0034642705536917155,0.0,0,0
company_024,2026-04-07 14:12:53+00:00,2026-04-21 14:12:53+00:00,0,control,0.00023798294407420328,0.0,0,0
candidate_035,2026-04-07 14:19:29+00:00,2026-04-21 14:19:29+00:00,0,control,0.3637906847159763,0.0,0,0
candidate_055,2026-04-07 14:25:06+00:00,2026-04-21 14:25:06+00:00,0,treatment,0.0004931336468049507,0.0,0,0
candidate_017,2026-04-07 14:32:46+00:00,2026-04-21 14:32:46+00:00,0,treatment,0.8028170891269875,0.0,0,0
candidate_068,2026-04-07 14:37:11+00:00,2026-04-21 14:37:11+00:00,0,treatment,0.8709961615813048,0.0,0,0
candidate_030,2026-04-07 14:37:19+00:00,2026-04-21 14:37:19+00:00,0,control,0.4968268668453727,0.0,0,0
candidate_070,2026-04-07 14:38:42+00:00,2026-04-21 14:38:42+00:00,0,control,0.2499377766593045,0.0,0,0
candidate_035,2026-04-07 14:44:04+00:00,2026-04-21 14:44:04+00:00,0,control,0.26829067316029515,0.0,0,0
candidate_015,2026-04-07 14:44:27+00:00,2026-04-21 14:44:27+00:00,0,control,0.8788090047637612,0.0,0,0
candidate_047,2026-04-07 14:47:47+00:00,2026-04-21 14:47:47+00:00,0,treatment,0.00027483793467197464,0.0,0,0
candidate_003,2026-04-07 14:48:47+00:00,2026-04-21 14:48:47+00:00,0,control,0.09861248706999466,0.0,0,0
candidate_015,2026-04-07 14:49:24+00:00,2026-04-21 14:49:24+00:00,0,control,0.7864192491700268,0.0,0,0
candidate_060,2026-04-07 14:57:34+00:00,2026-04-21 14:57:34+00:00,0,control,0.8774600088166228,0.0,0,0
candidate_056,2026-04-07 14:59:47+00:00,2026-04-21 14:59:47+00:00,0,control,0.011460105951758604,0.0,0,0
candidate_037,2026-04-07 15:00:50+00:00,2026-04-21 15:00:50+00:00,0,control,0.6376845599315015,0.0,0,0
candidate_030,2026-04-07 15:01:35+00:00,2026-04-21 15:01:35+00:00,0,control,0.3339402147251115,0.0,0,0
candidate_055,2026-04-07 15:03:46+00:00,2026-04-21 15:03:46+00:00,0,treatment,0.0002504597523281734,0.0,0,0
candidate_055,2026-04-07 15:11:12+00:00,2026-04-21 15:11:12+00:00,0,treatment,0.00012719187554690198,0.0,0,0
candidate_066,2026-04-07 15:13:33+00:00,2026-04-21 15:13:33+00:00,0,control,0.7063531408625568,0.0,0,0
candidate_068,2026-04-07 15:23:04+00:00,2026-04-21 15:23:04+00:00,0,treatment,0.7741807824901102,0.0,0,0
company_015,2026-04-07 15:41:27+00:00,2026-04-21 15:41:27+00:00,0,control,0.006276213011571765,0.0,0,0
candidate_059,2026-04-07 16:07:41+00:00,2026-04-21 16:07:41+00:00,0,treatment,0.0025299096299376254,0.0,0,0
candidate_014,2026-04-07 16:21:03+00:00,2026-04-21 16:21:03+00:00,0,treatment,0.8806715362866189,0.0,0,0
candidate_059,2026-04-07 16:30:20+00:00,2026-04-21 16:30:20+00:00,0,treatment,0.0013025116686557238,0.0,0,0
candidate_043,2026-04-07 16:45:06+00:00,2026-04-21 16:45:06+00:00,0,control,0.3403644118264563,0.0,0,0
candidate_003,2026-04-07 16:47:22+00:00,2026-04-21 16:47:22+00:00,0,control,0.03408772829367742,0.0,0,0
candidate_070,2026-04-07 16:57:10+00:00,2026-04-21 16:57:10+00:00,0,control,0.09705863102020375,0.0,0,0
candidate_008,2026-04-07 17:03:42+00:00,2026-04-21 17:03:42+00:00,0,control,0.5980024544177309,0.0,0,0
candidate_037,2026-04-07 17:18:48+00:00,2026-04-21 17:18:48+00:00,0,control,0.47193048751841726,0.0,0,0
candidate_021,2026-04-07 17:29:34+00:00,2026-04-21 17:29:34+00:00,0,control,0.0011690847276784933,0.0,0,0
candidate_051,2026-04-07 17:33:22+00:00,2026-04-21 17:33:22+00:00,0,control,0.8163638372622808,0.0,0,0
company_024,2026-04-07 17:37:27+00:00,2026-04-21 17:37:27+00:00,0,control,0.00023500249255118004,0.0,0,0
candidate_070,2026-04-07 17:37:47+00:00,2026-04-21 17:37:47+00:00,0,control,0.051756213528516296,0.0,0,0
candidate_003,2026-04-07 17:53:54+00:00,2026-04-21 17:53:54+00:00,0,control,0.017604138631989213,0.0,0,0
candidate_005,2026-04-07 17:55:49+00:00,2026-04-21 17:55:49+00:00,0,control,0.0012194317728932598,0.0,0,0
candidate_051,2026-04-07 18:06:15+00:00,2026-04-21 18:06:15+00:00,0,control,0.6929992994840085,0.0,0,0
company_015,2026-04-07 18:19:58+00:00,2026-04-21 18:19:58+00:00,0,control,0.0020332372968282866,0.0,0,0
candidate_014,2026-04-07 18:24:46+00:00,2026-04-21 18:24:46+00:00,0,treatment,0.858752178245665,0.0,0,0
company_005,2026-04-07 18:47:13+00:00,2026-04-21 18:47:13+00:00,0,control,0.7496580838828416,0.0,0,0
candidate_021,2026-04-07 18:51:31+00:00,2026-04-21 18:51:31+00:00,0,control,0.0005939691064289746,0.0,0,0
company_009,2026-04-07 18:54:14+00:00,2026-04-21 18:54:14+00:00,0,treatment,6.21487827464928e-05,0.0,0,0
candidate_003,2026-04-07 18:57:34+00:00,2026-04-21 18:57:34+00:00,0,control,0.009017005563083047,0.0,0,0
candidate_057,2026-04-07 19:03:11+00:00,2026-04-21 19:03:11+00:00,0,treatment,0.36467355664502954,0.0,0,0
candidate_001,2026-04-07 19:10:19+00:00,2026-04-21 19:10:19+00:00,0,treatment,0.00612660394489587,0.0,0,0
company_005,2026-04-07 19:13:29+00:00,2026-04-21 19:13:29+00:00,0,control,0.6032594465339255,0.0,0,0
candidate_059,2026-04-07 19:19:52+00:00,2026-04-21 19:19:52+00:00,0,treatment,0.0007931952175941214,0.0,0,0
candidate_035,2026-04-07 19:46:16+00:00,2026-04-21 19:46:16+00:00,0,control,0.10696685397789055,0.0,0,0
candidate_024,2026-04-07 19:59:30+00:00,2026-04-21 19:59:30+00:00,0,treatment,7.480051801521925e-05,0.0,0,0
candidate_059,2026-04-07 20:01:47+00:00,2026-04-21 20:01:47+00:00,0,treatment,0.00040291882919352666,0.0,0,0
candidate_009,2026-04-07 20:04:42+00:00,2026-04-21 20:04:42+00:00,0,treatment,0.00604470158576874,0.0,0,0
company_001,2026-04-07 20:06:25+00:00,2026-04-21 20:06:25+00:00,0,treatment,2.030324526575191e-05,0.0,0,0
company_014,2026-04-07 20:07:49+00:00,2026-04-21 20:07:49+00:00,0,control,0.7765956532479981,0.0,0,0
company_019,2026-04-07 20:10:48+00:00,2026-04-21 20:10:48+00:00,0,treatment,0.00019117584982236227,0.0,0,0
candidate_040,2026-04-07 20:16:56+00:00,2026-04-21 20:16:56+00:00,0,control,0.7948784975890181,0.0,0,0
candidate_051,2026-04-07 20:21:26+00:00,2026-04-21 20:21:26+00:00,0,control,0.5371961726988708,0.0,0,0
candidate_006,2026-04-07 20:25:33+00:00,2026-04-21 20:25:33+00:00,0,control,0.5119223071649454,0.0,0,0
candidate_030,2026-04-07 20:28:36+00:00,2026-04-21 20:28:36+00:00,0,control,0.20292016665316173,0.0,0,0
candidate_009,2026-04-07 20:29:12+00:00,2026-04-21 20:29:12+00:00,0,treatment,0.003078483723147577,0.0,0,0
candidate_003,2026-04-07 20:44:46+00:00,2026-04-21 20:44:46+00:00,0,control,0.005507754523237824,0.0,0,0
candidate_008,2026-04-07 20:47:39+00:00,2026-04-21 20:47:39+00:00,0,control,0.43031259784675874,0.0,0,0
candidate_040,2026-04-07 20:50:15+00:00,2026-04-21 20:50:15+00:00,0,control,0.6630379731961601,0.0,0,0
company_019,2026-04-07 20:52:30+00:00,2026-04-21 20:52:30+00:00,0,treatment,6.167785730859732e-05,0.0,0,0
company_001,2026-04-07 20:55:11+00:00,2026-04-21 20:55:11+00:00,0,treatment,1.235793625501638e-05,0.0,0,0
candidate_002,2026-04-07 21:08:42+00:00,2026-04-21 21:08:42+00:00,0,treatment,0.4660165182909438,0.0,0,0
candidate_038,2026-04-07 21:10:25+00:00,2026-04-21 21:10:25+00:00,0,treatment,0.012157971116056389,0.0,0,0
candidate_040,2026-04-07 21:12:28+00:00,2026-04-21 21:12:28+00:00,0,control,0.4997843168657885,0.0,0,0
candidate_005,2026-04-07 21:14:58+00:00,2026-04-21 21:14:58+00:00,0,control,0.0016917669473980425,0.0,0,0
candidate_041,2026-04-07 21:33:37+00:00,2026-04-21 21:33:37+00:00,0,treatment,0.9202542534234557,0.0,1,0
company_005,2026-04-07 21:40:23+00:00,2026-04-21 21:40:23+00:00,0,control,0.4387949641620051,0.0,0,0
candidate_016,2026-04-08 08:00:47+00:00,2026-04-22 08:00:47+00:00,0,control,0.8384400176288986,0.0,0,0
candidate_021,2026-04-08 08:04:12+00:00,2026-04-22 08:04:12+00:00,0,control,0.00048935665199208,0.0,0,0
candidate_070,2026-04-08 08:13:32+00:00,2026-04-22 08:13:32+00:00,0,control,0.06688035113994135,0.0,0,0
candidate_051,2026-04-08 08:34:05+00:00,2026-04-22 08:34:05+00:00,0,control,0.6008224418251021,0.0,0,0
company_014,2026-04-08 08:49:53+00:00,2026-04-22 08:49:53+00:00,0,control,0.8184334047598151,0.0,0,0
candidate_001,2026-04-08 09:14:53+00:00,2026-04-22 09:14:53+00:00,0,treatment,0.009779001559743726,0.0,0,0
candidate_038,2026-04-08 09:44:03+00:00,2026-04-22 09:44:03+00:00,0,treatment,0.01570873805917162,0.0,0,0
candidate_016,2026-04-08 09:47:37+00:00,2026-04-22 09:47:37+00:00,0,control,0.7689342523395957,0.0,0,0
candidate_056,2026-04-08 09:55:58+00:00,2026-04-22 09:55:58+00:00,0,control,0.011749270261545167,0.0,0,0
candidate_015,2026-04-08 09:57:39+00:00,2026-04-22 09:57:39+00:00,0,control,0.8512631476621191,0.0,0,0
candidate_005,2026-04-08 10:11:47+00:00,2026-04-22 10:11:47+00:00,0,control,0.001411735000078577,0.0,0,0
company_019,2026-04-08 10:29:54+00:00,2026-04-22 10:29:54+00:00,0,treatment,0.00011637040908981748,0.0,0,0
candidate_008,2026-04-08 10:32:04+00:00,2026-04-22 10:32:04+00:00,0,control,0.49481447977749843,0.0,0,0
candidate_038,2026-04-08 10:35:27+00:00,2026-04-22 10:35:27+00:00,0,treatment,0.008038598207161757,0.0,0,0
candidate_047,2026-04-08 10:47:25+00:00,2026-04-22 10:47:25+00:00,0,treatment,0.0004271335957962997,0.0,0,0
company_001,2026-04-08 10:49:18+00:00,2026-04-22 10:49:18+00:00,0,treatment,3.155831398067935e-05,0.0,0,0
candidate_038,2026-04-08 10:51:42+00:00,2026-04-22 10:51:42+00:00,0,treatment,0.0040979819444106344,0.0,0,0
company_024,2026-04-08 11:12:48+00:00,2026-04-22 11:12:48+00:00,0,control,0.000554593654647959,0.0,0,0
candidate_013,2026-04-08 11:17:05+00:00,2026-04-22 11:17:05+00:00,0,control,0.00018262268110226537,0.0,0,0
company_022,2026-04-08 11:21:34+00:00,2026-04-22 11:21:34+00:00,0,treatment,0.09649635882599131,0.0,0,0
candidate_016,2026-04-08 11:53:38+00:00,2026-04-22 11:53:38+00:00,0,control,0.669475317973512,0.0,0,0
candidate_033,2026-04-08 11:55:56+00:00,2026-04-22 11:55:56+00:00,0,treatment,0.019906970702278023,0.0,0,0
candidate_051,2026-04-08 11:58:11+00:00,2026-04-22 11:58:11+00:00,0,control,0.5233922725984731,0.0,0,0
candidate_021,2026-04-08 12:07:24+00:00,2026-04-22 12:07:24+00:00,0,control,0.000939318212352035,0.0,0,0
candidate_008,2026-04-08 12:08:39+00:00,2026-04-22 12:08:39+00:00,0,control,0.3321520733403266,0.0,0,0
company_005,2026-04-08 12:23:33+00:00,2026-04-22 12:23:33+00:00,0,control,0.5034446911572172,0.0,0,0
candidate_059,2026-04-08 12:31:27+00:00,2026-04-22 12:31:27+00:00,0,treatment,0.00033615332456668256,0.0,0,0
company_003,2026-04-08 12:33:04+00:00,2026-04-22 12:33:04+00:00,0,control,0.4488611546367624,0.0,0,0
candidate_030,2026-04-08 12:35:22+00:00,2026-04-22 12:35:22+00:00,0,control,0.24818624871912012,0.0,0,0
candidate_030,2026-04-08 12:43:43+00:00,2026-04-22 12:43:43+00:00,0,control,0.14355966674831314,0.0,0,0
candidate_040,2026-04-08 12:55:09+00:00,2026-04-22 12:55:09+00:00,0,control,0.5643831567331982,0.0,0,0
company_001,2026-04-08 13:06:05+00:00,2026-04-22 13:06:05+00:00,0,treatment,2.3025215145356063e-05,0.0,0,0
candidate_056,2026-04-08 13:07:44+00:00,2026-04-22 13:07:44+00:00,0,control,0.00607630177367877,0.0,0,0
company_015,2026-04-08 13:19:59+00:00,2026-04-22 13:19:59+00:00,0,control,0.012285575506878666,0.0,0,0
candidate_003,2026-04-08 13:35:24+00:00,2026-04-22 13:35:24+00:00,0,control,0.0354562839459512,0.0,0,0
candidate_047,2026-04-08 13:45:40+00:00,2026-04-22 13:45:40+00:00,0,treatment,0.00031562619076145487,0.0,0,0
company_001,2026-04-08 13:52:44+00:00,2026-04-22 13:52:44+00:00,0,treatment,1.8968004365381156e-05,0.0,0,0
company_001,2026-04-08 14:00:34+00:00,2026-04-22 14:00:34+00:00,0,treatment,1.1545211776717933e-05,0.0,0,0
candidate_022,2026-04-08 14:03:04+00:00,2026-04-22 14:03:04+00:00,0,control,0.8067777052987011,0.0,0,0
company_018,2026-04-08 14:07:59+00:00,2026-04-22 14:07:59+00:00,0,treatment,0.6968191849804308,0.0,0,0
candidate_057,2026-04-08 14:12:44+00:00,2026-04-22 14:12:44+00:00,0,treatment,0.6080455154786713,0.0,0,0
candidate_059,2026-04-08 14:12:53+00:00,2026-04-22 14:12:53+00:00,0,treatment,0.00017507518011233134,0.0,0,0
candidate_030,2026-04-08 14:17:04+00:00,2026-04-22 14:17:04+00:00,0,control,0.07843820916925004,0.0,0,0
candidate_047,2026-04-08 14:22:58+00:00,2026-04-22 14:22:58+00:00,0,treatment,0.0001921337762899351,0.0,0,0
candidate_017,2026-04-08 14:25:01+00:00,2026-04-22 14:25:01+00:00,0,treatment,0.8424317622077224,0.0,0,0
candidate_009,2026-04-08 14:28:20+00:00,2026-04-22 14:28:20+00:00,0,treatment,0.008881802232570526,0.0,0,0
candidate_066,2026-04-08 14:52:07+00:00,2026-04-22 14:52:07+00:00,0,control,0.8384400176288986,0.0,0,0
candidate_001,2026-04-08 15:07:41+00:00,2026-04-22 15:07:41+00:00,0,treatment,0.008069742994631755,0.0,0,0
candidate_005,2026-04-08 15:11:43+00:00,2026-04-22 15:11:43+00:00,0,control,0.0005463595495879638,0.0,0,0
company_030,2026-04-08 15:13:53+00:00,2026-04-22 15:13:53+00:00,0,control,0.6108719898051106,0.0,0,0
candidate_038,2026-04-08 15:14:33+00:00,2026-04-22 15:14:33+00:00,0,treatment,0.0025299096299376254,0.0,0,0
candidate_021,2026-04-08 15:29:59+00:00,2026-04-22 15:29:59+00:00,0,control,0.00048935665199208,0.0,0,0
candidate_059,2026-04-08 15:38:31+00:00,2026-04-22 15:38:31+00:00,0,treatment,9.003348451066755e-05,0.0,0,0
candidate_052,2026-04-08 15:41:29+00:00,2026-04-22 15:41:29+00:00,0,treatment,0.4254656040414443,0.0,0,0
candidate_031,2026-04-08 15:42:15+00:00,2026-04-22 15:42:15+00:00,0,treatment,0.8165168091412227,0.0,0,0
candidate_033,2026-04-08 15:52:27+00:00,2026-04-22 15:52:27+00:00,0,treatment,0.03151409392318779,0.0,0,0
company_015,2026-04-08 15:56:51+00:00,2026-04-22 15:56:51+00:00,0,control,0.010398956312506123,0.0,0,0
candidate_001,2026-04-08 15:59:45+00:00,2026-04-22 15:59:45+00:00,0,treatment,0.005189605127679269,0.0,0,0
candidate_065,2026-04-08 16:03:03+00:00,2026-04-22 16:03:03+00:00,0,control,0.040119927773545006,0.0,0,0
candidate_018,2026-04-08 16:10:51+00:00,2026-04-22 16:10:51+00:00,0,control,0.834165365892853,0.0,0,0
candidate_013,2026-04-08 16:12:40+00:00,2026-04-22 16:12:40+00:00,0,control,9.391517752541585e-05,0.0,0,0
candidate_009,2026-04-08 16:16:34+00:00,2026-04-22 16:16:34+00:00,0,treatment,0.0034968591482195865,0.0,0,0
company_015,2026-04-08 16:22:32+00:00,2026-04-22 16:22:32+00:00,0,control,0.005307455381072235,0.0,0,0
candidate_040,2026-04-08 16:30:18+00:00,2026-04-22 16:30:18+00:00,0,control,0.40590096533905934,0.0,0,0
candidate_001,2026-04-08 16:45:17+00:00,2026-04-22 16:45:17+00:00,0,treatment,0.002641879515131851,0.0,0,0
candidate_022,2026-04-08 16:52:57+00:00,2026-04-22 16:52:57+00:00,0,control,0.7305567934939353,0.0,0,0
company_009,2026-04-08 17:03:34+00:00,2026-04-22 17:03:34+00:00,0,treatment,0.00010839635444992008,0.0,0,0
candidate_018,2026-04-08 17:05:35+00:00,2026-04-22 17:05:35+00:00,0,control,0.7186380286983395,0.0,0,0
candidate_059,2026-04-08 17:13:28+00:00,2026-04-22 17:13:28+00:00,0,treatment,4.571841712595862e-05,0.0,0,0
candidate_065,2026-04-08 17:23:22+00:00,2026-04-22 17:23:22+00:00,0,control,0.020782145003229665,0.0,0,0
candidate_055,2026-04-08 17:46:47+00:00,2026-04-22 17:46:47+00:00,0,treatment,0.00036258606385963744,0.0,0,0
candidate_070,2026-04-08 17:48:52+00:00,2026-04-22 17:48:52+00:00,0,control,0.042309518136993726,0.0,0,0
candidate_013,2026-04-08 17:50:30+00:00,2026-04-22 17:50:30+00:00,0,control,4.768960668451813e-05,0.0,0,0
company_026,2026-04-08 17:53:29+00:00,2026-04-22 17:53:29+00:00,0,control,0.9360498338339561,0.0,1,0
candidate_056,2026-04-08 18:00:21+00:00,2026-04-22 18:00:21+00:00,0,control,0.00313375987984509,0.0,0,0
candidate_018,2026-04-08 18:04:47+00:00,2026-04-22 18:04:47+00:00,0,control,0.5646340910292379,0.0,0,0
candidate_031,2026-04-08 18:21:55+00:00,2026-04-22 18:21:55+00:00,0,treatment,0.7404984861784641,0.0,0,0
candidate_037,2026-04-08 18:28:31+00:00,2026-04-22 18:28:31+00:00,0,control,0.9000892022188899,0.0,1,0
company_009,2026-04-08 18:32:27+00:00,2026-04-22 18:32:27+00:00,0,treatment,5.504346044539334e-05,0.0,0,0
candidate_065,2026-04-08 18:39:57+00:00,2026-04-22 18:39:57+00:00,0,control,0.01066163420132608,0.0,0,0
candidate_060,2026-04-08 18:56:33+00:00,2026-04-22 18:56:33+00:00,0,control,0.8984426646227438,0.0,1,0
company_011,2026-04-08 19:13:23+00:00,2026-04-22 19:13:23+00:00,0,control,0.4909827831983159,0.0,0,0
candidate_017,2026-04-08 19:16:46+00:00,2026-04-22 19:16:46+00:00,0,treatment,0.6329831018718601,0.0,0,0
candidate_051,2026-04-08 19:36:32+00:00,2026-04-22 19:36:32+00:00,0,control,0.3090852331815244,0.0,0,0
candidate_070,2026-04-08 19:37:39+00:00,2026-04-22 19:37:39+00:00,0,control,0.02194047743423699,0.0,0,0
candidate_068,2026-04-08 19:42:09+00:00,2026-04-22 19:42:09+00:00,0,treatment,0.8022948377766376,0.0,0,0
candidate_057,2026-04-08 19:47:57+00:00,2026-04-22 19:47:57+00:00,0,treatment,0.47904780599312585,0.0,0,0
company_003,2026-04-08 19:51:23+00:00,2026-04-22 19:51:23+00:00,0,control,0.292556923731353,0.0,0,0
company_005,2026-04-08 20:02:07+00:00,2026-04-22 20:02:07+00:00,0,control,0.339853806975921,0.0,0,0
candidate_009,2026-04-08 20:02:27+00:00,2026-04-22 20:02:27+00:00,0,treatment,0.0018011880422800191,0.0,0,0
company_014,2026-04-08 20:12:39+00:00,2026-04-22 20:12:39+00:00,0,control,0.7713104572440098,0.0,0,0
candidate_003,2026-04-08 20:20:01+00:00,2026-04-22 20:20:01+00:00,0,control,0.012014650018754009,0.0,0,0
candidate_033,2026-04-08 20:26:07+00:00,2026-04-22 20:26:07+00:00,0,treatment,0.03371333118443013,0.0,0,0
candidate_003,2026-04-08 20:28:31+00:00,2026-04-22 20:28:31+00:00,0,control,0.0062143524214126064,0.0,0,0
company_022,2026-04-08 20:29:42+00:00,2026-04-22 20:29:42+00:00,0,treatment,0.10029436678039469,0.0,0,0
candidate_059,2026-04-08 20:40:18+00:00,2026-04-22 20:40:18+00:00,0,treatment,2.321500807771874e-05,0.0,0,0
candidate_005,2026-04-08 20:46:12+00:00,2026-04-22 20:46:12+00:00,0,control,0.0004962718443920736,0.0,0,0
candidate_009,2026-04-08 20:55:34+00:00,2026-04-22 20:55:34+00:00,0,treatment,0.000915402617741723,0.0,0,0
candidate_064,2026-04-08 21:01:28+00:00,2026-04-22 21:01:28+00:00,0,control,0.001159537807077951,0.0,0,0
candidate_003,2026-04-08 21:04:21+00:00,2026-04-22 21:04:21+00:00,0,control,0.003165149671159486,0.0,0,0
candidate_070,2026-04-08 21:07:06+00:00,2026-04-22 21:07:06+00:00,0,control,0.011262368462039379,0.0,0,0
company_019,2026-04-08 21:07:32+00:00,2026-04-22 21:07:32+00:00,0,treatment,0.00010893954218627422,0.0,0,0
company_008,2026-04-08 21:11:21+00:00,2026-04-22 21:11:21+00:00,0,control,0.010985054215723036,0.0,0,0
candidate_057,2026-04-08 21:13:49+00:00,2026-04-22 21:13:49+00:00,0,treatment,0.31830275762897237,0.0,0,0
candidate_033,2026-04-08 21:14:43+00:00,2026-04-22 21:14:43+00:00,0,treatment,0.017407523629186336,0.0,0,0
candidate_001,2026-04-08 21:30:30+00:00,2026-04-22 21:30:30+00:00,0,treatment,0.0008645714664662518,0.0,0,0
company_026,2026-04-08 21:32:04+00:00,2026-04-22 21:32:04+00:00,0,control,0.8814088612783771,0.0,0,0
candidate_017,2026-04-08 21:58:27+00:00,2026-04-22 21:58:27+00:00,0,treatment,0.4668763554885836,0.0,0,0
company_022,2026-04-08 21:58:37+00:00,2026-04-22 21:58:37+00:00,0,treatment,0.0535712646485826,0.0,0,0
company_015,2026-04-08 21:58:39+00:00,2026-04-22 21:58:39+00:00,0,control,0.0024982972672661736,0.0,0,0
candidate_005,2026-04-09 08:09:59+00:00,2026-04-23 08:09:59+00:00,0,control,0.0006434276974253441,0.0,0,0
candidate_005,2026-04-09 08:21:29+00:00,2026-04-23 08:21:29+00:00,0,control,0.0003268174226055878,0.0,0,0
company_010,2026-04-09 08:31:37+00:00,2026-04-23 08:31:37+00:00,0,treatment,0.6916843412418089,0.0,0,0
company_022,2026-04-09 08:42:01+00:00,2026-04-23 08:42:01+00:00,0,treatment,0.06837966977332484,0.0,0,0
candidate_043,2026-04-09 08:46:06+00:00,2026-04-23 08:46:06+00:00,0,control,0.32019515739696897,0.0,0,0
candidate_067,2026-04-09 08:56:54+00:00,2026-04-23 08:56:54+00:00,0,control,0.8924717909364971,0.0,0,0
candidate_037,2026-04-09 09:08:01+00:00,2026-04-23 09:08:01+00:00,0,control,0.8812557336300254,0.0,0,0
candidate_024,2026-04-09 09:14:55+00:00,2026-04-23 09:14:55+00:00,0,treatment,0.0005379235983692687,0.0,0,0
candidate_003,2026-04-09 09:17:09+00:00,2026-04-23 09:17:09+00:00,0,control,0.004100441676835194,0.0,0,0
candidate_028,2026-04-09 09:23:46+00:00,2026-04-23 09:23:46+00:00,0,control,0.8425664628344176,0.0,0,0
company_005,2026-04-09 09:28:22+00:00,2026-04-23 09:28:22+00:00,0,control,0.519932338737477,0.0,0,0
candidate_006,2026-04-09 09:41:59+00:00,2026-04-23 09:41:59+00:00,0,control,0.8155892790368185,0.0,0,0
candidate_003,2026-04-09 09:49:39+00:00,2026-04-23 09:49:39+00:00,0,control,0.0021127063168223403,0.0,0,0
candidate_033,2026-04-09 09:58:47+00:00,2026-04-23 09:58:47+00:00,0,treatment,0.022456583027400587,0.0,0,0
candidate_028,2026-04-09 09:58:59+00:00,2026-04-23 09:58:59+00:00,0,control,0.7743582012626036,0.0,0,0
candidate_028,2026-04-09 10:09:59+00:00,2026-04-23 10:09:59+00:00,0,control,0.6353784933263046,0.0,0,0
candidate_005,2026-04-09 10:10:37+00:00,2026-04-23 10:10:37+00:00,0,control,0.0001659751045011696,0.0,0,0
candidate_039,2026-04-09 10:30:54+00:00,2026-04-23 10:30:54+00:00,0,control,0.6721259722477679,0.0,0,0
candidate_055,2026-04-09 10:32:52+00:00,2026-04-23 10:32:52+00:00,0,treatment,0.0005706221102665019,0.0,0,0
candidate_014,2026-04-09 10:38:17+00:00,2026-04-23 10:38:17+00:00,0,treatment,0.9114658309094366,0.0,1,0
company_007,2026-04-09 10:41:26+00:00,2026-04-23 10:41:26+00:00,0,control,0.38474691824264956,0.0,0,0
candidate_065,2026-04-09 10:51:28+00:00,2026-04-23 10:51:28+00:00,0,control,0.013953876555178761,0.0,0,0
candidate_039,2026-04-09 10:58:20+00:00,2026-04-23 10:58:20+00:00,0,control,0.5100215468879917,0.0,0,0
candidate_059,2026-04-09 11:12:30+00:00,2026-04-23 11:12:30+00:00,0,treatment,3.766264931165866e-05,0.0,0,0
candidate_059,2026-04-09 11:14:19+00:00,2026-04-23 11:14:19+00:00,0,treatment,1.912435503891502e-05,0.0,0,0
candidate_012,2026-04-09 11:33:50+00:00,2026-04-23 11:33:50+00:00,0,treatment,0.5913086179494407,0.0,0,0
candidate_013,2026-04-09 12:00:22+00:00,2026-04-23 12:00:22+00:00,0,control,0.0001803354255499004,0.0,0,0
candidate_033,2026-04-09 12:08:12+00:00,2026-04-23 12:08:12+00:00,0,treatment,0.011530254173373828,0.0,0,0
candidate_006,2026-04-09 12:14:15+00:00,2026-04-23 12:14:15+00:00,0,control,0.6919007805676106,0.0,0,0
candidate_038,2026-04-09 12:21:05+00:00,2026-04-23 12:21:05+00:00,0,treatment,0.004762870070048546,0.0,0,0
candidate_065,2026-04-09 12:30:12+00:00,2026-04-23 12:30:12+00:00,0,control,0.008647241022542811,0.0,0,0
company_019,2026-04-09 12:31:27+00:00,2026-04-23 12:31:27+00:00,0,treatment,0.0005476502049824651,0.0,0,0
candidate_033,2026-04-09 12:45:05+00:00,2026-04-23 12:45:05+00:00,0,treatment,0.007049851738488573,0.0,0,0
candidate_056,2026-04-09 12:58:23+00:00,2026-04-23 12:58:23+00:00,0,control,0.005823108350231854,0.0,0,0
company_022,2026-04-09 12:59:52+00:00,2026-04-23 12:59:52+00:00,0,treatment,0.05144143203931316,0.0,0,0
candidate_024,2026-04-09 13:01:41+00:00,2026-04-23 13:01:41+00:00,0,treatment,0.0004431777483965967,0.0,0,0
candidate_037,2026-04-09 13:03:22+00:00,2026-04-23 13:03:22+00:00,0,control,0.79236769882875,0.0,0,0
candidate_031,2026-04-09 13:22:50+00:00,2026-04-23 13:22:50+00:00,0,treatment,0.7872443075264439,0.0,0,0
company_019,2026-04-09 13:26:18+00:00,2026-04-23 13:26:18+00:00,0,treatment,0.0003419156665430048,0.0,0,0
company_011,2026-04-09 13:27:10+00:00,2026-04-23 13:27:10+00:00,0,control,0.5083031531790796,0.0,0,0
company_019,2026-04-09 13:46:13+00:00,2026-04-23 13:46:13+00:00,0,treatment,0.00017364407886857593,0.0,0,0
candidate_001,2026-04-09 13:59:50+00:00,2026-04-23 13:59:50+00:00,0,treatment,0.0018634090348373055,0.0,0,0
candidate_056,2026-04-09 14:12:11+00:00,2026-04-23 14:12:11+00:00,0,control,0.0057505832199152606,0.0,0,0
candidate_001,2026-04-09 14:12:58+00:00,2026-04-23 14:12:58+00:00,0,treatment,0.0011350161677731497,0.0,0,0
candidate_005,2026-04-09 14:17:35+00:00,2026-04-23 14:17:35+00:00,0,control,8.42842279568927e-05,0.0,0,0
candidate_033,2026-04-09 14:22:17+00:00,2026-04-23 14:22:17+00:00,0,treatment,0.00588814683532085,0.0,0,0
company_030,2026-04-09 14:31:33+00:00,2026-04-23 14:31:33+00:00,0,control,0.7918989535047665,0.0,0,0
candidate_013,2026-04-09 14:32:12+00:00,2026-04-23 14:32:12+00:00,0,control,0.00014856312693208227,0.0,0,0
candidate_069,2026-04-09 14:38:40+00:00,2026-04-23 14:38:40+00:00,0,control,0.007949996517157729,0.0,0,0
candidate_064,2026-04-09 14:42:13+00:00,2026-04-23 14:42:13+00:00,0,control,0.0014072168530908703,0.0,0,0
company_009,2026-04-09 14:53:26+00:00,2026-04-23 14:53:26+00:00,0,treatment,0.0004026762334019535,0.0,0,0
candidate_055,2026-04-09 14:55:32+00:00,2026-04-23 14:55:32+00:00,0,treatment,0.00029722448275188015,0.0,0,0
candidate_065,2026-04-09 14:58:58+00:00,2026-04-23 14:58:58+00:00,0,control,0.008647241022542811,0.0,0,0
candidate_033,2026-04-09 15:11:29+00:00,2026-04-23 15:11:29+00:00,0,treatment,0.0035921755115884443,0.0,0,0
candidate_059,2026-04-09 15:17:47+00:00,2026-04-23 15:17:47+00:00,0,treatment,1.5754493420679778e-05,0.0,0,0
candidate_040,2026-04-09 15:22:05+00:00,2026-04-23 15:22:05+00:00,0,control,0.45023969146486886,0.0,0,0
candidate_066,2026-04-09 15:24:25+00:00,2026-04-23 15:24:25+00:00,0,control,0.8780966456428793,0.0,0,0
candidate_064,2026-04-09 15:25:11+00:00,2026-04-23 15:25:11+00:00,0,control,0.0007150391744339855,0.0,0,0
candidate_047,2026-04-09 15:28:05+00:00,2026-04-23 15:28:05+00:00,0,treatment,0.0005316813680139937,0.0,0,0
candidate_067,2026-04-09 15:35:31+00:00,2026-04-23 15:35:31+00:00,0,control,0.8101711737433838,0.0,0,0
company_018,2026-04-09 15:44:52+00:00,2026-04-23 15:44:52+00:00,0,treatment,0.8460254011521631,0.0,0,0
candidate_037,2026-04-09 16:05:52+00:00,2026-04-23 16:05:52+00:00,0,control,0.79236769882875,0.0,0,0
company_019,2026-04-09 16:16:01+00:00,2026-04-23 16:16:01+00:00,0,treatment,8.81789616743928e-05,0.0,0,0
candidate_024,2026-04-09 16:38:50+00:00,2026-04-23 16:38:50+00:00,0,treatment,0.0003651136294484289,0.0,0,0
candidate_024,2026-04-09 16:45:25+00:00,2026-04-23 16:45:25+00:00,0,treatment,0.0001854274318087651,0.0,0,0
candidate_047,2026-04-09 16:48:16+00:00,2026-04-23 16:48:16+00:00,0,treatment,0.00027346778067049483,0.0,0,0
company_030,2026-04-09 16:53:16+00:00,2026-04-23 16:53:16+00:00,0,control,0.5541907315182731,0.0,0,0
candidate_055,2026-04-09 17:10:17+00:00,2026-04-23 17:10:17+00:00,0,treatment,0.00015094405155581238,0.0,0,0
candidate_065,2026-04-09 17:16:13+00:00,2026-04-23 17:16:13+00:00,0,control,0.004465275879121126,0.0,0,0
candidate_040,2026-04-09 17:28:22+00:00,2026-04-23 17:28:22+00:00,0,control,0.29896835270996974,0.0,0,0
candidate_031,2026-04-09 17:31:36+00:00,2026-04-23 17:31:36+00:00,0,treatment,0.6526412205366715,0.0,0,0
candidate_018,2026-04-09 17:41:12+00:00,2026-04-23 17:41:12+00:00,0,control,0.6329831018718601,0.0,0,0
candidate_008,2026-04-09 17:47:09+00:00,2026-04-23 17:47:09+00:00,0,control,0.40414802750190404,0.0,0,0
candidate_055,2026-04-09 17:57:16+00:00,2026-04-23 17:57:16+00:00,0,treatment,7.665070465409155e-05,0.0,0,0
company_022,2026-04-09 18:18:36+00:00,2026-04-23 18:18:36+00:00,0,treatment,0.03195376508770346,0.0,0,0
candidate_066,2026-04-09 18:21:12+00:00,2026-04-23 18:21:12+00:00,0,control,0.7852965016851294,0.0,0,0
candidate_064,2026-04-09 18:25:59+00:00,2026-04-23 18:25:59+00:00,0,control,0.000528410933341178,0.0,0,0
candidate_037,2026-04-09 18:30:41+00:00,2026-04-23 18:30:41+00:00,0,control,0.6596044617455031,0.0,0,0
company_015,2026-04-09 18:40:56+00:00,2026-04-23 18:40:56+00:00,0,control,0.005442229120766426,0.0,0,0
candidate_052,2026-04-09 18:46:51+00:00,2026-04-23 18:46:51+00:00,0,treatment,0.6251275879975688,0.0,0,0
candidate_038,2026-04-09 18:48:27+00:00,2026-04-23 18:48:27+00:00,0,treatment,0.0025491780614998326,0.0,0,0
company_030,2026-04-09 19:05:52+00:00,2026-04-23 19:05:52+00:00,0,control,0.38696042768970274,0.0,0,0
candidate_008,2026-04-09 19:07:38+00:00,2026-04-23 19:07:38+00:00,0,control,0.3031009941623504,0.0,0,0
company_011,2026-04-09 19:08:45+00:00,2026-04-23 19:08:45+00:00,0,control,0.48783274095813356,0.0,0,0
candidate_039,2026-04-09 19:13:38+00:00,2026-04-23 19:13:38+00:00,0,control,0.3555305048393117,0.0,0,0
company_023,2026-04-09 19:18:39+00:00,2026-04-23 19:18:39+00:00,0,control,0.6581989884291883,0.0,0,0
candidate_003,2026-04-09 19:24:20+00:00,2026-04-23 19:24:20+00:00,0,control,0.001073887739117585,0.0,0,0
company_013,2026-04-09 19:25:39+00:00,2026-04-23 19:25:39+00:00,0,treatment,0.8083954538526242,0.0,0,0
candidate_003,2026-04-09 19:50:40+00:00,2026-04-23 19:50:40+00:00,0,control,0.0005455774254662024,0.0,0,0
candidate_052,2026-04-09 20:15:36+00:00,2026-04-23 20:15:36+00:00,0,treatment,0.4585069664286042,0.0,0,0
candidate_003,2026-04-09 20:15:45+00:00,2026-04-23 20:15:45+00:00,0,control,0.0002771028018420995,0.0,0,0
company_014,2026-04-09 20:23:17+00:00,2026-04-23 20:23:17+00:00,0,control,0.7353396471851732,0.0,0,0
candidate_013,2026-04-09 20:25:46+00:00,2026-04-23 20:25:46+00:00,0,control,0.00029253687047726756,0.0,0,0
candidate_038,2026-04-09 20:38:52+00:00,2026-04-23 20:38:52+00:00,0,treatment,0.001296024877886412,0.0,0,0
candidate_066,2026-04-09 20:44:10+00:00,2026-04-23 20:44:10+00:00,0,control,0.6500089626393604,0.0,0,0
candidate_055,2026-04-09 20:47:47+00:00,2026-04-23 20:47:47+00:00,0,treatment,3.8922472256046095e-05,0.0,0,0
candidate_001,2026-04-09 21:00:18+00:00,2026-04-23 21:00:18+00:00,0,treatment,0.0007755044363061238,0.0,0,0
candidate_001,2026-04-09 21:04:17+00:00,2026-04-23 21:04:17+00:00,0,treatment,0.0003939290235481552,0.0,0,0
candidate_001,2026-04-09 21:37:37+00:00,2026-04-23 21:37:37+00:00,0,treatment,0.00020006452106420373,0.0,0,0
company_026,2026-04-09 21:41:54+00:00,2026-04-23 21:41:54+00:00,0,control,0.9081192887297738,0.0,1,0
candidate_024,2026-04-09 21:44:14+00:00,2026-04-23 21:44:14+00:00,0,treatment,0.00024780574515877857,0.0,0,0
company_013,2026-04-09 21:50:04+00:00,2026-04-23 21:50:04+00:00,0,treatment,0.5795254022483616,0.0,0,0
company_006,2026-04-10 08:19:49+00:00,2026-04-24 08:19:49+00:00,0,treatment,0.8334726595100976,0.0,0,0
candidate_068,2026-04-10 08:40:01+00:00,2026-04-24 08:40:01+00:00,0,treatment,0.8403094557163923,0.0,0,0
candidate_068,2026-04-10 08:45:40+00:00,2026-04-24 08:45:40+00:00,0,treatment,0.7713886609264935,0.0,0,0
company_009,2026-04-10 08:51:49+00:00,2026-04-24 08:51:49+00:00,0,treatment,0.0005449207368829643,0.0,0,0
candidate_030,2026-04-10 09:26:29+00:00,2026-04-24 09:26:29+00:00,0,control,0.21380347191361004,0.0,0,0
company_022,2026-04-10 09:33:32+00:00,2026-04-24 09:33:32+00:00,0,treatment,0.07029011328432064,0.0,0,0
company_008,2026-04-10 09:38:26+00:00,2026-04-24 09:38:26+00:00,0,control,0.03765425460568678,0.0,0,0
candidate_069,2026-04-10 09:47:32+00:00,2026-04-24 09:47:32+00:00,0,control,0.0068093577722818524,0.0,0,0
company_022,2026-04-10 09:48:59+00:00,2026-04-24 09:48:59+00:00,0,treatment,0.036970413145927083,0.0,0,0
company_008,2026-04-10 09:59:06+00:00,2026-04-24 09:59:06+00:00,0,control,0.019480805220688683,0.0,0,0
candidate_037,2026-04-10 10:08:15+00:00,2026-04-24 10:08:15+00:00,0,control,0.6178181295123962,0.0,0,0
candidate_057,2026-04-10 10:17:49+00:00,2026-04-24 10:17:49+00:00,0,treatment,0.39849990575377814,0.0,0,0
candidate_059,2026-04-10 10:32:07+00:00,2026-04-24 10:32:07+00:00,0,treatment,2.2924206214362066e-05,0.0,0,0
candidate_009,2026-04-10 10:35:42+00:00,2026-04-24 10:35:42+00:00,0,treatment,0.0008134307943518689,0.0,0,0
candidate_033,2026-04-10 10:39:02+00:00,2026-04-24 10:39:02+00:00,0,treatment,0.005218445111151617,0.0,0,0
candidate_021,2026-04-10 11:17:03+00:00,2026-04-24 11:17:03+00:00,0,control,0.0026534895773761354,0.0,0,0
candidate_028,2026-04-10 11:23:52+00:00,2026-04-24 11:23:52+00:00,0,control,0.8606700192624136,0.0,0,0
candidate_030,2026-04-10 11:25:46+00:00,2026-04-24 11:25:46+00:00,0,control,0.12133223700432903,0.0,0,0
company_006,2026-04-10 11:33:27+00:00,2026-04-24 11:33:27+00:00,0,treatment,0.7624353663028302,0.0,0,0
company_001,2026-04-10 11:37:27+00:00,2026-04-24 11:37:27+00:00,0,treatment,0.0002145219838725158,0.0,0,0
company_022,2026-04-10 11:37:29+00:00,2026-04-24 11:37:29+00:00,0,treatment,0.019358315458180373,0.0,0,0
candidate_066,2026-04-10 11:48:44+00:00,2026-04-24 11:48:44+00:00,0,control,0.7427184820836614,0.0,0,0
company_008,2026-04-10 11:59:57+00:00,2026-04-24 11:59:57+00:00,0,control,0.009987558509265419,0.0,0,0
company_018,2026-04-10 12:10:21+00:00,2026-04-24 12:10:21+00:00,0,treatment,0.8979856150876939,0.0,0,0
candidate_003,2026-04-10 12:28:23+00:00,2026-04-24 12:28:23+00:00,0,control,0.0003638496412099248,0.0,0,0
company_018,2026-04-10 12:44:50+00:00,2026-04-24 12:44:50+00:00,0,treatment,0.8171737459852035,0.0,0,0
candidate_069,2026-04-10 12:45:37+00:00,2026-04-24 12:45:37+00:00,0,control,0.009079808645742631,0.0,0,0
company_018,2026-04-10 12:51:24+00:00,2026-04-24 12:51:24+00:00,0,treatment,0.6941494530075873,0.0,0,0
candidate_030,2026-04-10 12:53:29+00:00,2026-04-24 12:53:29+00:00,0,control,0.06552218717929648,0.0,0,0
company_007,2026-04-10 13:16:39+00:00,2026-04-24 13:16:39+00:00,0,control,0.6250236725377354,0.0,0,0
company_030,2026-04-10 13:19:34+00:00,2026-04-24 13:19:34+00:00,0,control,0.4500981833233268,0.0,0,0
candidate_013,2026-04-10 13:26:57+00:00,2026-04-24 13:26:57+00:00,0,control,0.0005759563756176147,0.0,0,0
company_005,2026-04-10 13:35:12+00:00,2026-04-24 13:35:12+00:00,0,control,0.5403286885010736,0.0,0,0
candidate_040,2026-04-10 13:48:30+00:00,2026-04-24 13:48:30+00:00,0,control,0.2963330489937249,0.0,0,0
company_006,2026-04-10 14:04:09+00:00,2026-04-24 14:04:09+00:00,0,treatment,0.6197184255933843,0.0,0,0
candidate_025,2026-04-10 14:28:06+00:00,2026-04-24 14:28:06+00:00,0,control,0.9245043307732557,0.0,1,0
candidate_066,2026-04-10 14:38:29+00:00,2026-04-24 14:38:29+00:00,0,control,0.5944569921670111,0.0,0,0
candidate_033,2026-04-10 14:54:44+00:00,2026-04-24 14:54:44+00:00,0,treatment,0.005153411849417665,0.0,0,0
candidate_015,2026-04-10 14:58:03+00:00,2026-04-24 14:58:03+00:00,0,control,0.9432110452085424,0.0,1,0
candidate_057,2026-04-10 15:03:21+00:00,2026-04-24 15:03:21+00:00,0,treatment,0.28736633872702744,0.0,0,0
company_022,2026-04-10 15:24:54+00:00,2026-04-24 15:24:54+00:00,0,treatment,0.009924155431550327,0.0,0,0
candidate_033,2026-04-10 15:26:57+00:00,2026-04-24 15:26:57+00:00,0,treatment,0.002623407695820603,0.0,0,0
candidate_021,2026-04-10 15:27:24+00:00,2026-04-24 15:27:24+00:00,0,control,0.0017002311120023214,0.0,0,0
candidate_022,2026-04-10 15:37:13+00:00,2026-04-24 15:37:13+00:00,0,control,0.7747564491159963,0.0,0,0
company_008,2026-04-10 15:48:16+00:00,2026-04-24 15:48:16+00:00,0,control,0.016103358600949667,0.0,0,0
candidate_012,2026-04-10 15:48:21+00:00,2026-04-24 15:48:21+00:00,0,treatment,0.7031977786742204,0.0,0,0
candidate_005,2026-04-10 15:50:36+00:00,2026-04-24 15:50:36+00:00,0,control,0.0009417684258195467,0.0,0,0
candidate_037,2026-04-10 16:03:26+00:00,2026-04-24 16:03:26+00:00,0,control,0.5411670597790889,0.0,0,0
candidate_066,2026-04-10 16:05:18+00:00,2026-04-24 16:05:18+00:00,0,control,0.471513687686914,0.0,0,0
company_007,2026-04-10 16:17:17+00:00,2026-04-24 16:17:17+00:00,0,control,0.34967420532104854,0.0,0,0
company_018,2026-04-10 16:49:14+00:00,2026-04-24 16:49:14+00:00,0,treatment,0.5385413497771895,0.0,0,0
company_018,2026-04-10 16:51:33+00:00,2026-04-24 16:51:33+00:00,0,treatment,0.37209190670302955,0.0,0,0
candidate_013,2026-04-10 16:51:49+00:00,2026-04-24 16:51:49+00:00,0,control,0.000474514896361924,0.0,0,0
company_015,2026-04-10 16:59:06+00:00,2026-04-24 16:59:06+00:00,0,control,0.004202172925456119,0.0,0,0
company_026,2026-04-10 17:00:03+00:00,2026-04-24 17:00:03+00:00,0,control,0.9541130772914719,0.0,1,0
company_011,2026-04-10 17:16:06+00:00,2026-04-24 17:16:06+00:00,0,control,0.6884055490038197,0.0,0,0
candidate_024,2026-04-10 17:20:48+00:00,2026-04-24 17:20:48+00:00,0,treatment,0.0018427440407226153,0.0,0,0
company_015,2026-04-10 18:01:40+00:00,2026-04-24 18:01:40+00:00,0,control,0.0021652294137766703,0.0,0,0
company_030,2026-04-10 18:07:08+00:00,2026-04-24 18:07:08+00:00,0,control,0.2935926576038996,0.0,0,0
candidate_021,2026-04-10 18:31:38+00:00,2026-04-24 18:31:38+00:00,0,control,0.0010355571167381366,0.0,0,0
candidate_051,2026-04-10 18:37:44+00:00,2026-04-24 18:37:44+00:00,0,control,0.49745682098515936,0.0,0,0
company_015,2026-04-10 18:49:43+00:00,2026-04-24 18:49:43+00:00,0,control,0.0013190130904394476,0.0,0,0
candidate_051,2026-04-10 19:13:11+00:00,2026-04-24 19:13:11+00:00,0,control,0.3882827892707526,0.0,0,0
company_014,2026-04-10 19:14:06+00:00,2026-04-24 19:14:06+00:00,0,control,0.8381038998854753,0.0,0,0
company_015,2026-04-10 19:31:48+00:00,2026-04-24 19:31:48+00:00,0,control,0.0006701917011064528,0.0,0,0
company_007,2026-04-10 19:33:36+00:00,2026-04-24 19:33:36+00:00,0,control,0.2144687276717101,0.0,0,0
candidate_028,2026-04-10 19:57:11+00:00,2026-04-24 19:57:11+00:00,0,control,0.6658485452187998,0.0,0,0
candidate_022,2026-04-10 20:07:54+00:00,2026-04-24 20:07:54+00:00,0,control,0.5877062646308291,0.0,0,0
candidate_033,2026-04-10 20:16:38+00:00,2026-04-24 20:16:38+00:00,0,treatment,0.0035473368622548464,0.0,0,0
company_011,2026-04-10 20:17:45+00:00,2026-04-24 20:17:45+00:00,0,control,0.4161198086953417,0.0,0,0
candidate_022,2026-04-10 20:38:42+00:00,2026-04-24 20:38:42+00:00,0,control,0.4198879159982922,0.0,0,0
candidate_065,2026-04-10 20:39:01+00:00,2026-04-24 20:39:01+00:00,0,control,0.0035794350109383337,0.0,0,0
candidate_024,2026-04-10 20:43:18+00:00,2026-04-24 20:43:18+00:00,0,treatment,0.0018197024578295216,0.0,0,0
candidate_037,2026-04-10 20:46:39+00:00,2026-04-24 20:46:39+00:00,0,control,0.5380353725697135,0.0,0,0
candidate_059,2026-04-10 20:55:59+00:00,2026-04-24 20:55:59+00:00,0,treatment,0.00013000980858956477,0.0,0,0
candidate_067,2026-04-10 21:02:15+00:00,2026-04-24 21:02:15+00:00,0,control,0.917305359851112,0.0,1,0
candidate_024,2026-04-10 21:35:20+00:00,2026-04-24 21:35:20+00:00,0,treatment,0.0005877275751904032,0.0,0,0
candidate_033,2026-04-11 08:05:53+00:00,2026-04-25 08:05:53+00:00,0,treatment,0.0029240861711685023,0.0,0,0
candidate_028,2026-04-11 08:07:31+00:00,2026-04-25 08:07:31+00:00,0,control,0.7209745696173802,0.0,0,0
candidate_059,2026-04-11 08:11:13+00:00,2026-04-25 08:11:13+00:00,0,treatment,0.00016857898194944044,0.0,0,0
candidate_043,2026-04-11 08:39:08+00:00,2026-04-25 08:39:08+00:00,0,control,0.7154956007750675,0.0,0,0
candidate_022,2026-04-11 08:43:27+00:00,2026-04-25 08:43:27+00:00,0,control,0.48415518916700934,0.0,0,0
candidate_064,2026-04-11 08:49:31+00:00,2026-04-25 08:49:31+00:00,0,control,0.000912696485495482,0.0,0,0
candidate_021,2026-04-11 08:54:04+00:00,2026-04-25 08:54:04+00:00,0,control,0.003163249210398929,0.0,0,0
candidate_038,2026-04-11 09:05:30+00:00,2026-04-25 09:05:30+00:00,0,treatment,0.009366587091020914,0.0,0,0
candidate_056,2026-04-11 09:09:41+00:00,2026-04-25 09:09:41+00:00,0,control,0.023161844620858206,0.0,0,0
candidate_003,2026-04-11 09:11:27+00:00,2026-04-25 09:11:27+00:00,0,control,0.0012269738151720344,0.0,0,0
candidate_014,2026-04-11 09:14:07+00:00,2026-04-25 09:14:07+00:00,0,treatment,0.9670565996202561,0.0,1,0
candidate_016,2026-04-11 09:16:41+00:00,2026-04-25 09:16:41+00:00,0,control,0.867614334333621,0.0,0,0
company_005,2026-04-11 09:21:05+00:00,2026-04-25 09:21:05+00:00,0,control,0.6251648739480019,0.0,0,0
candidate_021,2026-04-11 09:23:48+00:00,2026-04-25 09:23:48+00:00,0,control,0.0016087109963194885,0.0,0,0
candidate_033,2026-04-11 09:32:35+00:00,2026-04-25 09:32:35+00:00,0,treatment,0.0015057402268979796,0.0,0,0
candidate_055,2026-04-11 09:33:27+00:00,2026-04-25 09:33:27+00:00,0,treatment,0.00011294526370498569,0.0,0,0
candidate_043,2026-04-11 09:36:08+00:00,2026-04-25 09:36:08+00:00,0,control,0.5608227919207978,0.0,0,0
company_015,2026-04-11 09:39:01+00:00,2026-04-25 09:39:01+00:00,0,control,0.0022836941465500344,0.0,0,0
company_011,2026-04-11 09:48:53+00:00,2026-04-25 09:48:53+00:00,0,control,0.48028783794968594,0.0,0,0
candidate_013,2026-04-11 09:56:40+00:00,2026-04-25 09:56:40+00:00,0,control,0.0004009104074979544,0.0,0,0
company_009,2026-04-11 09:57:52+00:00,2026-04-25 09:57:52+00:00,0,treatment,0.00574713932923917,0.0,0,0
company_008,2026-04-11 10:09:26+00:00,2026-04-25 10:09:26+00:00,0,control,0.035980262992125804,0.0,0,0
company_019,2026-04-11 10:21:13+00:00,2026-04-25 10:21:13+00:00,0,treatment,0.0003659762876265247,0.0,0,0
company_009,2026-04-11 10:24:19+00:00,2026-04-25 10:24:19+00:00,0,treatment,0.0029265094201840016,0.0,0,0
candidate_060,2026-04-11 10:25:12+00:00,2026-04-25 10:25:12+00:00,0,control,0.9674558431424453,0.0,1,0
candidate_022,2026-04-11 10:34:41+00:00,2026-04-25 10:34:41+00:00,0,control,0.37571787566857073,0.0,0,0
company_008,2026-04-11 11:01:37+00:00,2026-04-25 11:01:37+00:00,0,control,0.01859913405375619,0.0,0,0
company_008,2026-04-11 11:05:23+00:00,2026-04-25 11:05:23+00:00,0,control,0.009531360523589149,0.0,0,0
candidate_015,2026-04-11 11:26:47+00:00,2026-04-25 11:26:47+00:00,0,control,0.9646490273513124,0.0,1,0
company_008,2026-04-11 11:41:41+00:00,2026-04-25 11:41:41+00:00,0,control,0.004862561564681455,0.0,0,0
candidate_060,2026-04-11 12:02:44+00:00,2026-04-25 12:02:44+00:00,0,control,0.9378679494148179,0.0,1,0
candidate_041,2026-04-11 12:04:37+00:00,2026-04-25 12:04:37+00:00,0,treatment,0.9428658141406581,0.0,1,0
candidate_013,2026-04-11 12:10:09+00:00,2026-04-25 12:10:09+00:00,0,control,0.00024405769868666503,0.0,0,0
candidate_016,2026-04-11 12:17:29+00:00,2026-04-25 12:17:29+00:00,0,control,0.8270370735219764,0.0,0,0
candidate_028,2026-04-11 12:17:54+00:00,2026-04-25 12:17:54+00:00,0,control,0.5674798157360034,0.0,0,0
candidate_047,2026-04-11 12:21:54+00:00,2026-04-25 12:21:54+00:00,0,treatment,0.00595187519229051,0.0,0,0
company_003,2026-04-11 12:24:20+00:00,2026-04-25 12:24:20+00:00,0,control,0.765017422880781,0.0,0,0
candidate_041,2026-04-11 12:29:51+00:00,2026-04-25 12:29:51+00:00,0,treatment,0.8933853029274895,0.0,0,0
candidate_069,2026-04-11 12:37:04+00:00,2026-04-25 12:37:04+00:00,0,control,0.03239090084730455,0.0,0,0
candidate_065,2026-04-11 12:45:27+00:00,2026-04-25 12:45:27+00:00,0,control,0.012112118803691254,0.0,0,0
candidate_065,2026-04-11 13:03:41+00:00,2026-04-25 13:03:41+00:00,0,control,0.006187069396446868,0.0,0,0
candidate_025,2026-04-11 13:05:03+00:00,2026-04-25 13:05:03+00:00,0,control,0.9424173211769886,0.0,1,0
candidate_041,2026-04-11 13:14:19+00:00,2026-04-25 13:14:19+00:00,0,treatment,0.8097015097561782,0.0,0,0
candidate_052,2026-04-11 13:20:30+00:00,2026-04-25 13:20:30+00:00,0,treatment,0.6531207544537287,0.0,0,0
candidate_025,2026-04-11 13:33:17+00:00,2026-04-25 13:33:17+00:00,0,control,0.9130027989136409,0.0,1,0
company_009,2026-04-11 13:44:55+00:00,2026-04-25 13:44:55+00:00,0,treatment,0.0014881402529916302,0.0,0,0
candidate_034,2026-04-11 13:45:17+00:00,2026-04-25 13:45:17+00:00,1,control,0.6948836473882131,0.0,0,0
candidate_038,2026-04-11 13:53:22+00:00,2026-04-25 13:53:22+00:00,0,treatment,0.01340374583021269,0.0,0,0
candidate_050,2026-04-11 13:54:25+00:00,2026-04-25 13:54:25+00:00,0,treatment,0.8511244226466295,0.0,0,0
candidate_057,2026-04-11 14:12:34+00:00,2026-04-25 14:12:34+00:00,0,treatment,0.3852929029938077,0.0,0,0
candidate_016,2026-04-11 14:18:27+00:00,2026-04-25 14:18:27+00:00,0,control,0.7082805040602136,0.0,0,0
candidate_064,2026-04-11 14:21:28+00:00,2026-04-25 14:21:28+00:00,0,control,0.00046364908948241454,0.0,0,0
company_019,2026-04-11 14:33:38+00:00,2026-04-25 14:33:38+00:00,0,treatment,0.0003613934521143529,0.0,0,0
company_015,2026-04-11 14:34:29+00:00,2026-04-25 14:34:29+00:00,0,control,0.0009068497304623442,0.0,0,0
company_005,2026-04-11 14:37:19+00:00,2026-04-25 14:37:19+00:00,0,control,0.5617827208167804,0.0,0,0
candidate_031,2026-04-11 14:43:39+00:00,2026-04-25 14:43:39+00:00,0,treatment,0.7089938405547321,0.0,0,0
candidate_055,2026-04-11 14:51:05+00:00,2026-04-25 14:51:05+00:00,0,treatment,0.00015479739467678163,0.0,0,0
company_024,2026-04-11 15:02:46+00:00,2026-04-25 15:02:46+00:00,0,control,0.005103720199145757,0.0,0,0
candidate_052,2026-04-11 15:19:13+00:00,2026-04-25 15:19:13+00:00,0,treatment,0.48876703012406897,0.0,0,0
candidate_033,2026-04-11 15:20:54+00:00,2026-04-25 15:20:54+00:00,0,treatment,0.000928651325539215,0.0,0,0
candidate_068,2026-04-11 15:26:26+00:00,2026-04-25 15:26:26+00:00,0,treatment,0.8725954552572286,0.0,0,0
candidate_013,2026-04-11 15:37:55+00:00,2026-04-25 15:37:55+00:00,0,control,0.00012551237390603302,0.0,0,0
candidate_037,2026-04-11 15:40:35+00:00,2026-04-25 15:40:35+00:00,0,control,0.49280085896443854,0.0,0,0
company_011,2026-04-11 16:10:34+00:00,2026-04-25 16:10:34+00:00,0,control,0.3193817915721735,0.0,0,0
candidate_005,2026-04-11 16:14:11+00:00,2026-04-25 16:14:11+00:00,0,control,0.0016415041228659733,0.0,0,0
candidate_001,2026-04-11 16:30:22+00:00,2026-04-25 16:30:22+00:00,0,treatment,0.002340530068679396,0.0,0,0
company_024,2026-04-11 16:40:15+00:00,2026-04-25 16:40:15+00:00,0,control,0.0042613309477451955,0.0,0,0
candidate_001,2026-04-11 16:48:34+00:00,2026-04-25 16:48:34+00:00,0,treatment,0.0014259005349859686,0.0,0,0
company_008,2026-04-11 16:48:50+00:00,2026-04-25 16:48:50+00:00,0,control,0.0015737583081469851,0.0,0,0
candidate_006,2026-04-11 16:53:10+00:00,2026-04-25 16:53:10+00:00,0,control,0.8300871137934948,0.0,0,0
company_014,2026-04-11 16:57:32+00:00,2026-04-25 16:57:32+00:00,0,control,0.9071308589273408,0.0,1,0
company_021,2026-04-11 17:02:53+00:00,2026-04-25 17:02:53+00:00,1,treatment,0.5913086179494407,0.0,0,0
candidate_056,2026-04-11 17:25:04+00:00,2026-04-25 17:25:04+00:00,0,control,0.043550713904974794,0.0,0,0
company_009,2026-04-11 17:26:29+00:00,2026-04-25 17:26:29+00:00,0,treatment,0.0009177905046412105,0.0,0,0
company_018,2026-04-11 17:26:53+00:00,2026-04-25 17:26:53+00:00,0,treatment,0.3691514578504599,0.0,0,0
candidate_056,2026-04-11 17:28:54+00:00,2026-04-25 17:28:54+00:00,0,control,0.022598225313728945,0.0,0,0
company_015,2026-04-11 17:33:54+00:00,2026-04-25 17:33:54+00:00,0,control,0.0006701917011064528,0.0,0,0
candidate_033,2026-04-11 17:39:36+00:00,2026-04-25 17:39:36+00:00,0,treatment,0.0005654413699459677,0.0,0,0
company_024,2026-04-11 17:48:40+00:00,2026-04-25 17:48:40+00:00,0,control,0.0021683283870926606,0.0,0,0
company_013,2026-04-11 18:00:19+00:00,2026-04-25 18:00:19+00:00,0,treatment,0.7925355799835625,0.0,0,0
candidate_014,2026-04-11 18:03:41+00:00,2026-04-25 18:03:41+00:00,0,treatment,0.9388859495763486,0.0,1,0
company_013,2026-04-11 18:04:25+00:00,2026-04-25 18:04:25+00:00,0,treatment,0.6598336047225282,0.0,0,0
candidate_031,2026-04-11 18:08:53+00:00,2026-04-25 18:08:53+00:00,0,treatment,0.6518936858404505,0.0,0,0
candidate_028,2026-04-11 18:10:55+00:00,2026-04-25 18:10:55+00:00,0,control,0.39983598170411366,0.0,0,0
company_013,2026-04-11 18:12:29+00:00,2026-04-25 18:12:29+00:00,0,treatment,0.4962070830975688,0.0,0,0
candidate_055,2026-04-11 18:19:17+00:00,2026-04-25 18:19:17+00:00,0,treatment,0.00025111352874886356,0.0,0,0
candidate_068,2026-04-11 18:21:45+00:00,2026-04-25 18:21:45+00:00,0,treatment,0.814533495076908,0.0,0,0
candidate_048,2026-04-11 18:47:10+00:00,2026-04-25 18:47:10+00:00,0,control,0.8168336035040504,0.0,0,0
company_022,2026-04-11 18:49:36+00:00,2026-04-25 18:49:36+00:00,0,treatment,0.009924155431550327,0.0,0,0
candidate_053,2026-04-11 19:01:16+00:00,2026-04-25 19:01:16+00:00,0,control,0.7763493568190677,0.0,0,0
company_009,2026-04-11 19:08:16+00:00,2026-04-25 19:08:16+00:00,0,treatment,0.0005588260087647257,0.0,0,0
candidate_013,2026-04-11 19:14:56+00:00,2026-04-25 19:14:56+00:00,0,control,9.391517752541585e-05,0.0,0,0
company_030,2026-04-11 19:24:32+00:00,2026-04-25 19:24:32+00:00,0,control,0.4015253346762145,0.0,0,0
candidate_048,2026-04-11 19:24:42+00:00,2026-04-25 19:24:42+00:00,0,control,0.6936662289679788,0.0,0,0
candidate_052,2026-04-11 19:30:49+00:00,2026-04-25 19:30:49+00:00,0,treatment,0.3707912624045782,0.0,0,0
candidate_053,2026-04-11 19:38:00+00:00,2026-04-25 19:38:00+00:00,0,control,0.6380227700308819,0.0,0,0
candidate_055,2026-04-11 19:41:15+00:00,2026-04-25 19:41:15+00:00,0,treatment,0.00012752392621789163,0.0,0,0
company_018,2026-04-11 20:16:40+00:00,2026-04-25 20:16:40+00:00,0,treatment,0.22906759860501924,0.0,0,0
company_014,2026-04-11 20:39:34+00:00,2026-04-25 20:39:34+00:00,0,control,0.8824632869306899,0.0,0,0
candidate_047,2026-04-11 20:43:17+00:00,2026-04-25 20:43:17+00:00,0,treatment,0.0045163823097200744,0.0,0,0
candidate_013,2026-04-11 20:43:41+00:00,2026-04-25 20:43:41+00:00,0,control,4.768960668451813e-05,0.0,0,0
company_014,2026-04-11 20:44:01+00:00,2026-04-25 20:44:01+00:00,0,control,0.8280120177598645,0.0,0,0
candidate_008,2026-04-11 20:44:15+00:00,2026-04-25 20:44:15+00:00,0,control,0.6606723791015786,0.0,0,0
company_019,2026-04-11 21:19:00+00:00,2026-04-25 21:19:00+00:00,0,treatment,0.00014334200671217606,0.0,0,0
company_001,2026-04-11 21:29:20+00:00,2026-04-25 21:29:20+00:00,0,treatment,0.001524289635964956,0.0,0,0
candidate_057,2026-04-11 21:33:40+00:00,2026-04-25 21:33:40+00:00,0,treatment,0.4782467501939261,0.0,0,0
candidate_055,2026-04-11 21:35:34+00:00,2026-04-25 21:35:34+00:00,0,treatment,6.475701435409895e-05,0.0,0,0
candidate_047,2026-04-12 08:00:14+00:00,2026-04-26 08:00:14+00:00,0,treatment,0.003723511022338864,0.0,0,0
candidate_021,2026-04-12 08:07:21+00:00,2026-04-26 08:07:21+00:00,0,control,0.0051218582923677,0.0,0,0
candidate_065,2026-04-12 08:10:11+00:00,2026-04-26 08:10:11+00:00,0,control,0.03679283664402717,0.0,0,0
candidate_001,2026-04-12 08:20:47+00:00,2026-04-26 08:20:47+00:00,0,treatment,0.003791668556550789,0.0,0,0
candidate_065,2026-04-12 08:28:18+00:00,2026-04-26 08:28:18+00:00,0,control,0.019026921969288263,0.0,0,0
company_027,2026-04-12 08:44:00+00:00,2026-04-26 08:44:00+00:00,0,treatment,0.7415370572388,0.0,0,0
candidate_033,2026-04-12 08:56:10+00:00,2026-04-26 08:56:10+00:00,0,treatment,0.0010530234273645519,0.0,0,0
candidate_003,2026-04-12 09:01:05+00:00,2026-04-26 09:01:05+00:00,0,control,0.003552406927269043,0.0,0,0
company_019,2026-04-12 09:06:41+00:00,2026-04-26 09:06:41+00:00,0,treatment,0.00018822300598951894,0.0,0,0
candidate_068,2026-04-12 09:11:29+00:00,2026-04-26 09:11:29+00:00,0,treatment,0.87222860270503,0.0,0,0
company_005,2026-04-12 09:14:20+00:00,2026-04-26 09:14:20+00:00,0,control,0.6658485452187998,0.0,0,0
candidate_068,2026-04-12 09:14:34+00:00,2026-04-26 09:14:34+00:00,0,treatment,0.776100388156612,0.0,0,0
candidate_005,2026-04-12 09:22:14+00:00,2026-04-26 09:22:14+00:00,0,control,0.0061029124688884336,0.0,0,0
company_010,2026-04-12 09:57:31+00:00,2026-04-26 09:57:31+00:00,0,treatment,0.7965577694093025,0.0,0,0
candidate_025,2026-04-12 10:07:45+00:00,2026-04-26 10:07:45+00:00,0,control,0.9450106890318747,0.0,1,0
candidate_053,2026-04-12 10:09:15+00:00,2026-04-26 10:09:15+00:00,0,control,0.6956409827375519,0.0,0,0
candidate_043,2026-04-12 10:15:14+00:00,2026-04-26 10:15:14+00:00,0,control,0.7684651495415797,0.0,0,0
company_018,2026-04-12 10:15:31+00:00,2026-04-26 10:15:31+00:00,0,treatment,0.28066919215632624,0.0,0,0
candidate_038,2026-04-12 10:30:11+00:00,2026-04-26 10:30:11+00:00,0,treatment,0.021565852228039323,0.0,0,0
candidate_021,2026-04-12 10:50:06+00:00,2026-04-26 10:50:06+00:00,0,control,0.0026073043709217616,0.0,0,0
candidate_065,2026-04-12 10:53:12+00:00,2026-04-26 10:53:12+00:00,0,control,0.011667865219877513,0.0,0,0
candidate_021,2026-04-12 11:02:57+00:00,2026-04-26 11:02:57+00:00,0,control,0.0013256147877940385,0.0,0,0
candidate_014,2026-04-12 11:04:34+00:00,2026-04-26 11:04:34+00:00,0,treatment,0.9598062451082102,0.0,1,0
candidate_037,2026-04-12 11:08:09+00:00,2026-04-26 11:08:09+00:00,0,control,0.5455352011741723,0.0,0,0
company_014,2026-04-12 11:08:44+00:00,2026-04-26 11:08:44+00:00,0,control,0.8006510700855987,0.0,0,0
candidate_059,2026-04-12 11:18:20+00:00,2026-04-26 11:18:20+00:00,0,treatment,0.0013248173768120367,0.0,0,0
candidate_052,2026-04-12 11:19:41+00:00,2026-04-26 11:19:41+00:00,0,treatment,0.4362525943423625,0.0,0,0
candidate_021,2026-04-12 11:39:38+00:00,2026-04-26 11:39:38+00:00,0,control,0.001092282510210217,0.0,0,0
company_023,2026-04-12 11:47:16+00:00,2026-04-26 11:47:16+00:00,0,control,0.6867543163572399,0.0,0,0
candidate_001,2026-04-12 11:54:49+00:00,2026-04-26 11:54:49+00:00,0,treatment,0.0031256245703830195,0.0,0,0
candidate_002,2026-04-12 12:11:13+00:00,2026-04-26 12:11:13+00:00,0,treatment,0.6933984326910314,0.0,0,0
candidate_005,2026-04-12 12:13:48+00:00,2026-04-26 12:13:48+00:00,0,control,0.0061029124688884336,0.0,0,0
candidate_013,2026-04-12 12:23:39+00:00,2026-04-26 12:23:39+00:00,0,control,0.00012177769310059394,0.0,0,0
candidate_021,2026-04-12 12:27:15+00:00,2026-04-26 12:27:15+00:00,0,control,0.0005690882080827841,0.0,0,0
company_026,2026-04-12 12:33:06+00:00,2026-04-26 12:33:06+00:00,0,control,0.9628041982069596,0.0,1,0
candidate_033,2026-04-12 12:49:17+00:00,2026-04-26 12:49:17+00:00,0,treatment,0.006346279932254094,0.0,0,0
company_018,2026-04-12 12:55:56+00:00,2026-04-26 12:55:56+00:00,0,treatment,0.24324230552659523,0.0,0,0
candidate_008,2026-04-12 13:05:09+00:00,2026-04-26 13:05:09+00:00,0,control,0.7162884814777537,0.0,0,0
candidate_059,2026-04-12 13:10:07+00:00,2026-04-26 13:10:07+00:00,0,treatment,0.0010916253046204818,0.0,0,0
company_026,2026-04-12 13:20:03+00:00,2026-04-26 13:20:03+00:00,0,control,0.9292962794119307,0.0,1,0
candidate_039,2026-04-12 13:35:56+00:00,2026-04-26 13:35:56+00:00,0,control,0.4186319766608904,0.0,0,0
company_024,2026-04-12 13:43:02+00:00,2026-04-26 13:43:02+00:00,0,control,0.003007102945085112,0.0,0,0
company_005,2026-04-12 13:57:44+00:00,2026-04-26 13:57:44+00:00,0,control,0.6630379731961601,0.0,0,0
candidate_016,2026-04-12 14:01:31+00:00,2026-04-26 14:01:31+00:00,0,control,0.8379930762878602,0.0,0,0
company_015,2026-04-12 14:05:06+00:00,2026-04-26 14:05:06+00:00,0,control,0.0006872914356586053,0.0,0,0
candidate_009,2026-04-12 14:08:19+00:00,2026-04-26 14:08:19+00:00,0,treatment,0.007285215850767415,0.0,0,0
candidate_003,2026-04-12 14:24:49+00:00,2026-04-26 14:24:49+00:00,0,control,0.0016497172305573922,0.0,0,0
candidate_005,2026-04-12 14:34:34+00:00,2026-04-26 14:34:34+00:00,0,control,0.003723511022338864,0.0,0,0
candidate_037,2026-04-12 14:40:52+00:00,2026-04-26 14:40:52+00:00,0,control,0.42217690082335235,0.0,0,0
candidate_022,2026-04-12 15:01:06+00:00,2026-04-26 15:01:06+00:00,0,control,0.5286033031609053,0.0,0,0
candidate_065,2026-04-12 15:03:50+00:00,2026-04-26 15:03:50+00:00,0,control,0.022443360142436558,0.0,0,0
candidate_031,2026-04-12 15:11:29+00:00,2026-04-26 15:11:29+00:00,0,treatment,0.81503087070483,0.0,0,0
candidate_016,2026-04-12 15:18:58+00:00,2026-04-26 15:18:58+00:00,0,control,0.7242508057205629,0.0,0,0
candidate_028,2026-04-12 15:29:28+00:00,2026-04-26 15:29:28+00:00,0,control,0.7096898713036193,0.0,0,0
candidate_009,2026-04-12 15:48:07+00:00,2026-04-26 15:48:07+00:00,0,treatment,0.0037594532310524656,0.0,0,0
candidate_013,2026-04-12 15:50:08+00:00,2026-04-26 15:50:08+00:00,0,control,0.00012025239820642083,0.0,0,0
candidate_006,2026-04-12 15:55:34+00:00,2026-04-26 15:55:34+00:00,0,control,0.9380597240347843,0.0,1,0
candidate_018,2026-04-12 15:56:56+00:00,2026-04-26 15:56:56+00:00,0,control,0.7979908653700424,0.0,0,0
company_010,2026-04-12 16:05:24+00:00,2026-04-26 16:05:24+00:00,0,treatment,0.6709322605560962,0.0,0,0
candidate_003,2026-04-12 16:05:38+00:00,2026-04-26 16:05:38+00:00,0,control,0.0008383593216069539,0.0,0,0
candidate_033,2026-04-12 16:14:28+00:00,2026-04-26 16:14:28+00:00,0,treatment,0.004696782261563447,0.0,0,0
candidate_002,2026-04-12 16:23:01+00:00,2026-04-26 16:23:01+00:00,0,treatment,0.5462929011779499,0.0,0,0
candidate_035,2026-04-12 16:27:43+00:00,2026-04-26 16:27:43+00:00,0,control,0.4621443318297611,0.0,0,0
candidate_006,2026-04-12 16:28:08+00:00,2026-04-26 16:28:08+00:00,0,control,0.8849249420330363,0.0,0,0
company_005,2026-04-12 16:30:04+00:00,2026-04-26 16:30:04+00:00,0,control,0.3882827892707526,0.0,0,0
candidate_056,2026-04-12 16:30:36+00:00,2026-04-26 16:30:36+00:00,0,control,0.08041005299808804,0.0,0,0
candidate_043,2026-04-12 16:46:46+00:00,2026-04-26 16:46:46+00:00,0,control,0.6334745331398733,0.0,0,0
candidate_005,2026-04-12 16:52:48+00:00,2026-04-26 16:52:48+00:00,0,control,0.003069402690993552,0.0,0,0
company_019,2026-04-12 17:14:00+00:00,2026-04-26 17:14:00+00:00,0,treatment,0.0002075235907089069,0.0,0,0
candidate_070,2026-04-12 17:22:19+00:00,2026-04-26 17:22:19+00:00,0,control,0.0999216312512728,0.0,0,0
candidate_041,2026-04-12 17:22:56+00:00,2026-04-26 17:22:56+00:00,0,treatment,0.817604104155925,0.0,0,0
candidate_043,2026-04-12 17:28:53+00:00,2026-04-26 17:28:53+00:00,0,control,0.46740306002723425,0.0,0,0
candidate_056,2026-04-12 17:31:35+00:00,2026-04-26 17:31:35+00:00,0,control,0.04251254512229493,0.0,0,0
candidate_041,2026-04-12 18:03:52+00:00,2026-04-26 18:03:52+00:00,0,treatment,0.6947612301774405,0.0,0,0
company_010,2026-04-12 18:06:07+00:00,2026-04-26 18:06:07+00:00,0,treatment,0.5086690817469417,0.0,0,0
candidate_047,2026-04-12 18:08:09+00:00,2026-04-26 18:08:09+00:00,0,treatment,0.004772530098877994,0.0,0,0
candidate_022,2026-04-12 18:18:42+00:00,2026-04-26 18:18:42+00:00,0,control,0.4182831752997193,0.0,0,0
candidate_018,2026-04-12 18:21:04+00:00,2026-04-26 18:21:04+00:00,0,control,0.752251275109242,0.0,0,0
candidate_005,2026-04-12 18:21:21+00:00,2026-04-26 18:21:21+00:00,0,control,0.0015806818206295014,0.0,0,0
candidate_037,2026-04-12 18:27:13+00:00,2026-04-26 18:27:13+00:00,0,control,0.3132170673411375,0.0,0,0
candidate_037,2026-04-12 18:31:07+00:00,2026-04-26 18:31:07+00:00,0,control,0.21727594403714046,0.0,0,0
company_014,2026-04-12 18:37:08+00:00,2026-04-26 18:37:08+00:00,0,control,0.6737619753480827,0.0,0,0
candidate_024,2026-04-12 18:39:07+00:00,2026-04-26 18:39:07+00:00,0,treatment,0.007144754773206596,0.0,0,0
company_018,2026-04-12 18:52:31+00:00,2026-04-26 18:52:31+00:00,0,treatment,0.11432233716394365,0.0,0,0
candidate_038,2026-04-12 19:02:59+00:00,2026-04-26 19:02:59+00:00,0,treatment,0.06501946006542995,0.0,0,0
candidate_056,2026-04-12 19:12:05+00:00,2026-04-26 19:12:05+00:00,0,control,0.022048011533606787,0.0,0,0
candidate_001,2026-04-12 19:15:36+00:00,2026-04-26 19:15:36+00:00,0,treatment,0.003697618051877533,0.0,0,0
candidate_041,2026-04-12 19:26:30+00:00,2026-04-26 19:26:30+00:00,0,treatment,0.536124237778977,0.0,0,0
candidate_064,2026-04-12 19:31:02+00:00,2026-04-26 19:31:02+00:00,0,control,0.0037782231895172607,0.0,0,0
candidate_028,2026-04-12 19:33:26+00:00,2026-04-26 19:33:26+00:00,0,control,0.4408976235980772,0.0,0,0
candidate_022,2026-04-12 19:46:16+00:00,2026-04-26 19:46:16+00:00,0,control,0.2674596188510685,0.0,0,0
candidate_028,2026-04-12 19:52:09+00:00,2026-04-26 19:52:09+00:00,0,control,0.28592782006285444,0.0,0,0
candidate_003,2026-04-12 19:57:35+00:00,2026-04-26 19:57:35+00:00,0,control,0.0006118075855059646,0.0,0,0
candidate_047,2026-04-12 20:09:14+00:00,2026-04-26 20:09:14+00:00,0,treatment,0.0024290585947596235,0.0,0,0
company_023,2026-04-12 20:09:25+00:00,2026-04-26 20:09:25+00:00,0,control,0.6275825811073422,0.0,0,0
candidate_008,2026-04-12 20:24:15+00:00,2026-04-26 20:24:15+00:00,0,control,0.6481390920077548,0.0,0,0
candidate_002,2026-04-12 20:31:12+00:00,2026-04-26 20:31:12+00:00,0,treatment,0.3794175157871183,0.0,0,0
candidate_047,2026-04-12 21:05:05+00:00,2026-04-26 21:05:05+00:00,0,treatment,0.001234881963212359,0.0,0,0
candidate_024,2026-04-12 21:07:58+00:00,2026-04-26 21:07:58+00:00,0,treatment,0.003640702988020334,0.0,0,0
candidate_003,2026-04-12 21:24:00+00:00,2026-04-26 21:24:00+00:00,0,control,0.0003724739364894009,0.0,0,0
candidate_008,2026-04-12 21:31:48+00:00,2026-04-26 21:31:48+00:00,0,control,0.48329237754617915,0.0,0,0
candidate_039,2026-04-12 21:38:44+00:00,2026-04-26 21:38:44+00:00,0,control,0.21995140304715377,0.0,0,0
company_023,2026-04-12 21:43:03+00:00,2026-04-26 21:43:03+00:00,0,control,0.5193644498252676,0.0,0,0
candidate_006,2026-04-12 21:58:20+00:00,2026-04-26 21:58:20+00:00,0,control,0.8009758106085627,0.0,0,0
candidate_024,2026-04-13 08:12:33+00:00,2026-04-27 08:12:33+00:00,0,treatment,0.0035952607892950823,0.0,0,0
company_027,2026-04-13 08:18:37+00:00,2026-04-27 08:18:37+00:00,0,treatment,0.7902464730564996,0.0,0,0
candidate_051,2026-04-13 08:25:02+00:00,2026-04-27 08:25:02+00:00,0,control,0.6353983517375051,0.0,0,0
candidate_018,2026-04-13 08:25:36+00:00,2026-04-27 08:25:36+00:00,0,control,0.7143926916085129,0.0,0,0
company_023,2026-04-13 08:28:44+00:00,2026-04-27 08:28:44+00:00,0,control,0.5835417086297409,0.0,0,0
candidate_018,2026-04-13 08:39:53+00:00,2026-04-27 08:39:53+00:00,0,control,0.6159638514670213,0.0,0,0
company_019,2026-04-13 08:44:01+00:00,2026-04-27 08:44:01+00:00,0,treatment,0.0002690820905581475,0.0,0,0
candidate_035,2026-04-13 08:54:39+00:00,2026-04-27 08:54:39+00:00,0,control,0.5270037120469169,0.0,0,0
candidate_070,2026-04-13 08:55:20+00:00,2026-04-27 08:55:20+00:00,0,control,0.12583885310609746,0.0,0,0
candidate_002,2026-04-13 09:18:54+00:00,2026-04-27 09:18:54+00:00,0,treatment,0.4422123218511543,0.0,0,0
candidate_037,2026-04-13 09:18:54+00:00,2026-04-27 09:18:54+00:00,0,control,0.264681020604728,0.0,0,0
company_008,2026-04-13 09:22:52+00:00,2026-04-27 09:22:52+00:00,0,control,0.006770042946912361,0.0,0,0
candidate_055,2026-04-13 09:25:37+00:00,2026-04-27 09:25:37+00:00,0,treatment,0.0002321365110913027,0.0,0,0
candidate_001,2026-04-13 09:33:58+00:00,2026-04-27 09:33:58+00:00,0,treatment,0.005238338729380185,0.0,0,0
company_006,2026-04-13 09:40:54+00:00,2026-04-27 09:40:54+00:00,0,treatment,0.7340081309831213,0.0,0,0
company_001,2026-04-13 09:43:05+00:00,2026-04-27 09:43:05+00:00,0,treatment,0.009473256703510787,0.0,0,0
candidate_052,2026-04-13 09:44:21+00:00,2026-04-27 09:44:21+00:00,0,treatment,0.7083986165035251,0.0,0,0
candidate_024,2026-04-13 09:53:23+00:00,2026-04-27 09:53:23+00:00,0,treatment,0.0029636151282403204,0.0,0,0
candidate_037,2026-04-13 09:55:08+00:00,2026-04-27 09:55:08+00:00,0,control,0.22870827519611917,0.0,0,0
company_010,2026-04-13 10:03:58+00:00,2026-04-27 10:03:58+00:00,0,treatment,0.6319240916285767,0.0,0,0
company_019,2026-04-13 10:07:41+00:00,2026-04-27 10:07:41+00:00,0,treatment,0.00022167747588336666,0.0,0,0
company_023,2026-04-13 10:13:58+00:00,2026-04-27 10:13:58+00:00,0,control,0.41571349636548927,0.0,0,0
company_018,2026-04-13 10:19:00+00:00,2026-04-27 10:19:00+00:00,0,treatment,0.30582111484098146,0.0,0,0
candidate_025,2026-04-13 10:22:34+00:00,2026-04-27 10:22:34+00:00,0,control,0.9744987917320654,0.0,1,0
candidate_041,2026-04-13 10:42:46+00:00,2026-04-27 10:42:46+00:00,0,treatment,0.5997880859458767,0.0,0,0
candidate_069,2026-04-13 10:44:12+00:00,2026-04-27 10:44:12+00:00,0,control,0.23835366846703743,0.0,0,0
candidate_048,2026-04-13 10:46:13+00:00,2026-04-27 10:46:13+00:00,0,control,0.7946729906723431,0.0,0,0
candidate_021,2026-04-13 10:51:52+00:00,2026-04-27 10:51:52+00:00,0,control,0.00207591410003154,0.0,0,0
candidate_070,2026-04-13 11:02:19+00:00,2026-04-27 11:02:19+00:00,0,control,0.06811656270326014,0.0,0,0
candidate_065,2026-04-13 11:16:47+00:00,2026-04-27 11:16:47+00:00,0,control,0.022168450339816338,0.0,0,0
candidate_033,2026-04-13 11:17:22+00:00,2026-04-27 11:17:22+00:00,0,treatment,0.004638219750567663,0.0,0,0
candidate_068,2026-04-13 11:22:38+00:00,2026-04-27 11:22:38+00:00,0,treatment,0.8688236933106886,0.0,0,0
candidate_028,2026-04-13 11:29:00+00:00,2026-04-27 11:29:00+00:00,0,control,0.3836280673838334,0.0,0,0
candidate_065,2026-04-13 11:42:42+00:00,2026-04-27 11:42:42+00:00,0,control,0.011380681318439537,0.0,0,0
candidate_022,2026-04-13 11:46:10+00:00,2026-04-27 11:46:10+00:00,0,control,0.3741730624505406,0.0,0,0
candidate_035,2026-04-13 11:56:43+00:00,2026-04-27 11:56:43+00:00,0,control,0.36132804317824163,0.0,0,0
candidate_037,2026-04-13 11:58:31+00:00,2026-04-27 11:58:31+00:00,0,control,0.152890290398617,0.0,0,0
company_001,2026-04-13 11:58:57+00:00,2026-04-27 11:58:57+00:00,0,treatment,0.005934368572454469,0.0,0,0
candidate_030,2026-04-13 12:18:20+00:00,2026-04-27 12:18:20+00:00,0,control,0.3962323604682671,0.0,0,0
company_011,2026-04-13 12:18:24+00:00,2026-04-27 12:18:24+00:00,0,control,0.2509060379091395,0.0,0,0
company_007,2026-04-13 12:29:04+00:00,2026-04-27 12:29:04+00:00,0,control,0.6188368228255349,0.0,0,0
candidate_055,2026-04-13 12:30:26+00:00,2026-04-27 12:30:26+00:00,0,treatment,0.0001912394121333933,0.0,0,0
candidate_056,2026-04-13 12:45:13+00:00,2026-04-27 12:45:13+00:00,0,control,0.07314016545486157,0.0,0,0
candidate_056,2026-04-13 13:10:31+00:00,2026-04-27 13:10:31+00:00,0,control,0.03852543539673838,0.0,0,0
company_006,2026-04-13 13:19:40+00:00,2026-04-27 13:19:40+00:00,0,treatment,0.7315397100105486,0.0,0,0
company_027,2026-04-13 13:28:35+00:00,2026-04-27 13:28:35+00:00,0,treatment,0.71501479056546,0.0,0,0
candidate_027,2026-04-13 13:48:56+00:00,2026-04-27 13:48:56+00:00,1,treatment,0.7420043911723581,0.0,0,0
candidate_024,2026-04-13 14:19:05+00:00,2026-04-27 14:19:05+00:00,0,treatment,0.0024426702426219565,0.0,0,0
candidate_014,2026-04-13 14:25:06+00:00,2026-04-27 14:25:06+00:00,0,treatment,0.9410901023450069,0.0,1,0
candidate_070,2026-04-13 14:35:48+00:00,2026-04-27 14:35:48+00:00,0,control,0.03578753240299994,0.0,0,0
company_019,2026-04-13 14:40:41+00:00,2026-04-27 14:40:41+00:00,0,treatment,0.00018965995114649922,0.0,0,0
company_026,2026-04-13 14:47:38+00:00,2026-04-27 14:47:38+00:00,0,control,0.9434194941124925,0.0,1,0
candidate_041,2026-04-13 15:00:51+00:00,2026-04-27 15:00:51+00:00,0,treatment,0.49320659139910483,0.0,0,0
candidate_001,2026-04-13 15:02:08+00:00,2026-04-27 15:02:08+00:00,0,treatment,0.0027004906831616907,0.0,0,0
candidate_038,2026-04-13 15:12:15+00:00,2026-04-27 15:12:15+00:00,0,treatment,0.1025369351203934,0.0,0,0
candidate_065,2026-04-13 15:26:11+00:00,2026-04-27 15:26:11+00:00,0,control,0.009631666026073129,0.0,0,0
candidate_055,2026-04-13 15:31:38+00:00,2026-04-27 15:31:38+00:00,0,treatment,9.711496624952922e-05,0.0,0,0
candidate_018,2026-04-13 15:33:49+00:00,2026-04-27 15:33:49+00:00,0,control,0.4488611546367624,0.0,0,0
candidate_009,2026-04-13 15:35:54+00:00,2026-04-27 15:35:54+00:00,0,treatment,0.009712780900173808,0.0,0,0
candidate_033,2026-04-13 15:36:48+00:00,2026-04-27 15:36:48+00:00,0,treatment,0.0034745157571235575,0.0,0,0
candidate_009,2026-04-13 15:37:24+00:00,2026-04-27 15:37:24+00:00,0,treatment,0.00495556041574996,0.0,0,0
candidate_064,2026-04-13 15:38:59+00:00,2026-04-27 15:38:59+00:00,0,control,0.008115853665823701,0.0,0,0
company_007,2026-04-13 15:41:54+00:00,2026-04-27 15:41:54+00:00,0,control,0.49703099444242743,0.0,0,0
candidate_064,2026-04-13 15:42:21+00:00,2026-04-27 15:42:21+00:00,0,control,0.006695328941006347,0.0,0,0
candidate_009,2026-04-13 16:03:25+00:00,2026-04-27 16:03:25+00:00,0,treatment,0.002522442708746826,0.0,0,0
candidate_043,2026-04-13 16:10:37+00:00,2026-04-27 16:10:37+00:00,0,control,0.5460398947778384,0.0,0,0
candidate_068,2026-04-13 16:11:40+00:00,2026-04-27 16:11:40+00:00,0,treatment,0.681179963567141,0.0,0,0
candidate_048,2026-04-13 16:28:17+00:00,2026-04-27 16:28:17+00:00,0,control,0.6683681787041525,0.0,0,0
candidate_021,2026-04-13 16:37:20+00:00,2026-04-27 16:37:20+00:00,0,control,0.0015154423668630316,0.0,0,0
candidate_033,2026-04-13 16:52:24+00:00,2026-04-27 16:52:24+00:00,0,treatment,0.0017672807899274852,0.0,0,0
candidate_052,2026-04-13 16:59:44+00:00,2026-04-27 16:59:44+00:00,0,treatment,0.66680701261203,0.0,0,0
candidate_048,2026-04-13 17:04:27+00:00,2026-04-27 17:04:27+00:00,0,control,0.5089227830846774,0.0,0,0
candidate_024,2026-04-13 17:15:17+00:00,2026-04-27 17:15:17+00:00,0,treatment,0.0020131122654312465,0.0,0,0
company_019,2026-04-13 17:34:46+00:00,2026-04-27 17:34:46+00:00,0,treatment,0.00015822683056953527,0.0,0,0
candidate_064,2026-04-13 17:51:06+00:00,2026-04-27 17:51:06+00:00,0,control,0.009040335775463504,0.0,0,0
candidate_040,2026-04-13 17:54:17+00:00,2026-04-27 17:54:17+00:00,0,control,0.6675578779596979,0.0,0,0
candidate_059,2026-04-13 18:00:16+00:00,2026-04-27 18:00:16+00:00,0,treatment,0.003631144970104673,0.0,0,0
company_001,2026-04-13 18:00:29+00:00,2026-04-27 18:00:29+00:00,0,treatment,0.007915396072323791,0.0,0,0
company_018,2026-04-13 18:05:15+00:00,2026-04-27 18:05:15+00:00,0,treatment,0.3563408916372229,0.0,0,0
candidate_028,2026-04-13 18:20:26+00:00,2026-04-27 18:20:26+00:00,0,control,0.39904536038570176,0.0,0,0
candidate_037,2026-04-13 18:32:23+00:00,2026-04-27 18:32:23+00:00,0,control,0.06600951146620589,0.0,0,0
candidate_055,2026-04-13 18:39:35+00:00,2026-04-27 18:39:35+00:00,0,treatment,8.000364563824758e-05,0.0,0,0
candidate_001,2026-04-13 18:50:52+00:00,2026-04-27 18:50:52+00:00,0,treatment,0.0014259005349859686,0.0,0,0
company_019,2026-04-13 19:01:58+00:00,2026-04-27 19:01:58+00:00,0,treatment,8.034925135387619e-05,0.0,0,0
company_001,2026-04-13 19:19:58+00:00,2026-04-27 19:19:58+00:00,0,treatment,0.0025671285637463904,0.0,0,0
candidate_070,2026-04-13 19:40:24+00:00,2026-04-27 19:40:24+00:00,0,control,0.029668482374733043,0.0,0,0
candidate_064,2026-04-13 19:41:12+00:00,2026-04-27 19:41:12+00:00,0,control,0.0029713300198194468,0.0,0,0
candidate_040,2026-04-13 20:02:41+00:00,2026-04-27 20:02:41+00:00,0,control,0.5048587388382754,0.0,0,0
candidate_055,2026-04-13 20:08:41+00:00,2026-04-27 20:08:41+00:00,0,treatment,5.130239933553684e-05,0.0,0,0
candidate_009,2026-04-13 20:18:20+00:00,2026-04-27 20:18:20+00:00,0,treatment,0.001282415488250243,0.0,0,0
candidate_033,2026-04-13 20:21:50+00:00,2026-04-27 20:21:50+00:00,0,treatment,0.000692782006891684,0.0,0,0
candidate_040,2026-04-13 20:26:23+00:00,2026-04-27 20:26:23+00:00,0,control,0.3411240270723884,0.0,0,0
candidate_043,2026-04-13 20:30:37+00:00,2026-04-27 20:30:37+00:00,0,control,0.2820917058995675,0.0,0,0
company_026,2026-04-13 20:37:16+00:00,2026-04-27 20:37:16+00:00,0,control,0.9427428301850527,0.0,1,0
candidate_030,2026-04-13 20:37:34+00:00,2026-04-27 20:37:34+00:00,0,control,0.4034819561525649,0.0,0,0
candidate_031,2026-04-13 20:41:24+00:00,2026-04-27 20:41:24+00:00,0,treatment,0.8759164442525721,0.0,0,0
candidate_053,2026-04-13 21:02:45+00:00,2026-04-27 21:02:45+00:00,0,control,0.8419937826276355,0.0,0,0
candidate_001,2026-04-13 21:06:55+00:00,2026-04-27 21:06:55+00:00,0,treatment,0.0007337239649104573,0.0,0,0
company_023,2026-04-13 21:09:24+00:00,2026-04-27 21:09:24+00:00,0,control,0.2653937847927302,0.0,0,0
company_010,2026-04-13 21:14:27+00:00,2026-04-27 21:14:27+00:00,0,treatment,0.4657425903834206,0.0,0,0
candidate_021,2026-04-13 21:15:09+00:00,2026-04-27 21:15:09+00:00,0,control,0.0009464837925275001,0.0,0,0
candidate_041,2026-04-13 21:32:48+00:00,2026-04-27 21:32:48+00:00,0,treatment,0.3335229135722583,0.0,0,0
candidate_053,2026-04-13 21:32:50+00:00,2026-04-27 21:32:50+00:00,0,control,0.7301558620223919,0.0,0,0
candidate_037,2026-04-13 21:40:33+00:00,2026-04-27 21:40:33+00:00,0,control,0.0412429457089591,0.0,0,0
candidate_064,2026-04-13 21:53:12+00:00,2026-04-27 21:53:12+00:00,0,control,0.0015301033233492219,0.0,0,0
candidate_037,2026-04-14 08:02:01+00:00,2026-04-28 08:02:01+00:00,0,control,0.0528337433894937,0.0,0,0
candidate_069,2026-04-14 08:18:36+00:00,2026-04-28 08:18:36+00:00,0,control,0.33393336212711594,0.0,0,0
candidate_030,2026-04-14 08:20:10+00:00,2026-04-28 08:20:10+00:00,0,control,0.4672607423826954,0.0,0,0
candidate_005,2026-04-14 08:43:56+00:00,2026-04-28 08:43:56+00:00,0,control,0.004330503276481703,0.0,0,0
candidate_069,2026-04-14 08:45:26+00:00,2026-04-28 08:45:26+00:00,0,control,0.20291518356468444,0.0,0,0
candidate_069,2026-04-14 08:56:16+00:00,2026-04-28 08:56:16+00:00,0,control,0.11446754572136364,0.0,0,0
candidate_022,2026-04-14 09:09:55+00:00,2026-04-28 09:09:55+00:00,0,control,0.6184611308347563,0.0,0,0
candidate_024,2026-04-14 09:13:46+00:00,2026-04-28 09:13:46+00:00,0,treatment,0.004621928151291436,0.0,0,0
company_026,2026-04-14 09:37:44+00:00,2026-04-28 09:37:44+00:00,0,control,0.9313363315683589,0.0,1,0
candidate_013,2026-04-14 09:51:00+00:00,2026-04-28 09:51:00+00:00,0,control,0.0021009295026457047,0.0,0,0
candidate_039,2026-04-14 09:52:45+00:00,2026-04-28 09:52:45+00:00,0,control,0.3723304201470648,0.0,0,0
candidate_070,2026-04-14 09:52:55+00:00,2026-04-28 09:52:55+00:00,0,control,0.0621741932606027,0.0,0,0
candidate_053,2026-04-14 09:56:50+00:00,2026-04-28 09:56:50+00:00,0,control,0.7803748952393541,0.0,0,0
candidate_021,2026-04-14 10:05:36+00:00,2026-04-28 10:05:36+00:00,0,control,0.0017620607592551917,0.0,0,0
candidate_053,2026-04-14 10:33:05+00:00,2026-04-28 10:33:05+00:00,0,control,0.6462814458853676,0.0,0,0
candidate_013,2026-04-14 10:36:40+00:00,2026-04-28 10:36:40+00:00,0,control,0.001296024877886412,0.0,0,0
candidate_059,2026-04-14 10:38:04+00:00,2026-04-28 10:38:04+00:00,0,treatment,0.011032923783547238,0.0,0,0
candidate_009,2026-04-14 10:53:23+00:00,2026-04-28 10:53:23+00:00,0,treatment,0.0010566790264370368,0.0,0,0
candidate_021,2026-04-14 10:58:14+00:00,2026-04-28 10:58:14+00:00,0,control,0.0008955000262045465,0.0,0,0
candidate_055,2026-04-14 10:59:51+00:00,2026-04-28 10:59:51+00:00,0,treatment,8.218601186599595e-05,0.0,0,0
candidate_060,2026-04-14 11:15:09+00:00,2026-04-28 11:15:09+00:00,0,control,0.9687772799257968,0.0,1,0
company_011,2026-04-14 11:24:08+00:00,2026-04-28 11:24:08+00:00,0,control,0.7781027292245695,0.0,0,0
candidate_059,2026-04-14 11:26:24+00:00,2026-04-28 11:26:24+00:00,0,treatment,0.005632788693040796,0.0,0,0
company_001,2026-04-14 11:27:37+00:00,2026-04-28 11:27:37+00:00,0,treatment,0.003410934961500606,0.0,0,0
candidate_021,2026-04-14 11:29:39+00:00,2026-04-28 11:29:39+00:00,0,control,0.00046067761617133156,0.0,0,0
candidate_013,2026-04-14 11:39:38+00:00,2026-04-28 11:39:38+00:00,0,control,0.0006668518982800525,0.0,0,0
candidate_053,2026-04-14 11:40:52+00:00,2026-04-28 11:40:52+00:00,0,control,0.48126097592801087,0.0,0,0
company_024,2026-04-14 11:46:20+00:00,2026-04-28 11:46:20+00:00,0,control,0.04681227274477821,0.0,0,0
candidate_040,2026-04-14 11:47:18+00:00,2026-04-28 11:47:18+00:00,0,control,0.4619514750084162,0.0,0,0
candidate_021,2026-04-14 11:54:26+00:00,2026-04-28 11:54:26+00:00,0,control,0.00023397178162932444,0.0,0,0
candidate_005,2026-04-14 11:57:41+00:00,2026-04-28 11:57:41+00:00,0,control,0.003615272786304575,0.0,0,0
candidate_070,2026-04-14 11:58:15+00:00,2026-04-28 11:58:15+00:00,0,control,0.032566927652436545,0.0,0,0
company_022,2026-04-14 12:09:23+00:00,2026-04-28 12:09:23+00:00,0,treatment,0.25564405332193435,0.0,0,0
candidate_031,2026-04-14 12:11:33+00:00,2026-04-28 12:11:33+00:00,0,treatment,0.9015128825160298,0.0,1,0
candidate_032,2026-04-14 12:14:21+00:00,2026-04-28 12:14:21+00:00,0,treatment,0.7420043911723581,0.0,0,0
candidate_064,2026-04-14 12:17:06+00:00,2026-04-28 12:17:06+00:00,0,control,0.002376324523303665,0.0,0,0
company_030,2026-04-14 12:39:43+00:00,2026-04-28 12:39:43+00:00,0,control,0.6909810454533047,0.0,0,0
candidate_047,2026-04-14 12:43:08+00:00,2026-04-28 12:43:08+00:00,0,treatment,0.0012986626441116812,0.0,0,0
company_015,2026-04-14 12:51:38+00:00,2026-04-28 12:51:38+00:00,0,control,0.002823935562196568,0.0,0,0
candidate_040,2026-04-14 13:15:33+00:00,2026-04-28 13:15:33+00:00,0,control,0.3035998968652715,0.0,0,0
candidate_009,2026-04-14 13:26:22+00:00,2026-04-28 13:26:22+00:00,0,treatment,0.0005436365105676825,0.0,0,0
candidate_018,2026-04-14 13:27:09+00:00,2026-04-28 13:27:09+00:00,0,control,0.5714871471873141,0.0,0,0
candidate_038,2026-04-14 13:27:46+00:00,2026-04-28 13:27:46+00:00,0,treatment,0.10138270232973717,0.0,0,0
candidate_059,2026-04-14 13:37:31+00:00,2026-04-28 13:37:31+00:00,0,treatment,0.002904397164982769,0.0,0,0
candidate_024,2026-04-14 13:39:56+00:00,2026-04-28 13:39:56+00:00,0,treatment,0.0024735804706792976,0.0,0,0
candidate_014,2026-04-14 13:40:18+00:00,2026-04-28 13:40:18+00:00,0,treatment,0.9617533932223956,0.0,1,0
candidate_041,2026-04-14 13:49:42+00:00,2026-04-28 13:49:42+00:00,0,treatment,0.5277819737245439,0.0,0,0
candidate_024,2026-04-14 13:52:20+00:00,2026-04-28 13:52:20+00:00,0,treatment,0.001257543534348971,0.0,0,0
candidate_009,2026-04-14 14:06:27+00:00,2026-04-28 14:06:27+00:00,0,treatment,0.0002761167329715419,0.0,0,0
candidate_067,2026-04-14 14:09:01+00:00,2026-04-28 14:09:01+00:00,0,control,0.9139190405433418,0.0,1,0
candidate_056,2026-04-14 14:16:08+00:00,2026-04-28 14:16:08+00:00,0,control,0.062499815823053535,0.0,0,0
company_008,2026-04-14 14:19:26+00:00,2026-04-28 14:19:26+00:00,0,control,0.02485833722172841,0.0,0,0
company_001,2026-04-14 14:21:59+00:00,2026-04-28 14:21:59+00:00,0,treatment,0.0017348866088298892,0.0,0,0
candidate_060,2026-04-14 14:30:10+00:00,2026-04-28 14:30:10+00:00,0,control,0.9497122954665089,0.0,1,0
company_008,2026-04-14 14:31:05+00:00,2026-04-28 14:31:05+00:00,0,control,0.012778702488594786,0.0,0,0
company_022,2026-04-14 14:37:45+00:00,2026-04-28 14:37:45+00:00,0,treatment,0.1484945004512205,0.0,0,0
company_019,2026-04-14 14:46:03+00:00,2026-04-28 14:46:03+00:00,0,treatment,9.802324638789135e-05,0.0,0,0
company_026,2026-04-14 14:49:13+00:00,2026-04-28 14:49:13+00:00,0,control,0.8732134986012836,0.0,0,0
candidate_031,2026-04-14 14:51:16+00:00,2026-04-28 14:51:16+00:00,0,treatment,0.7797113246541264,0.0,0,0
candidate_047,2026-04-14 14:51:33+00:00,2026-04-28 14:51:33+00:00,0,treatment,0.0006682099816413235,0.0,0,0
candidate_005,2026-04-14 14:58:50+00:00,2026-04-28 14:58:50+00:00,0,control,0.0018390032037011424,0.0,0,0
candidate_052,2026-04-14 15:10:03+00:00,2026-04-28 15:10:03+00:00,0,treatment,0.49853453233623035,0.0,0,0
candidate_014,2026-04-14 15:13:10+00:00,2026-04-28 15:13:10+00:00,0,treatment,0.9273702633436833,0.0,1,0
company_027,2026-04-14 15:31:01+00:00,2026-04-28 15:31:01+00:00,0,treatment,0.76489367859383,0.0,0,0
company_010,2026-04-14 15:40:39+00:00,2026-04-28 15:40:39+00:00,0,treatment,0.5306087747470569,0.0,0,0
company_022,2026-04-14 15:45:15+00:00,2026-04-28 15:45:15+00:00,0,treatment,0.08134712884877218,0.0,0,0
company_010,2026-04-14 15:48:16+00:00,2026-04-28 15:48:16+00:00,0,treatment,0.36467355664502954,0.0,0,0
candidate_001,2026-04-14 15:50:16+00:00,2026-04-28 15:50:16+00:00,0,treatment,0.0009512227462580258,0.0,0,0
candidate_037,2026-04-14 15:53:21+00:00,2026-04-28 15:53:21+00:00,0,control,0.0336470728354831,0.0,0,0
candidate_070,2026-04-14 16:01:05+00:00,2026-04-28 16:01:05+00:00,0,control,0.04357581820475896,0.0,0,0
company_014,2026-04-14 16:15:56+00:00,2026-04-28 16:15:56+00:00,0,control,0.7209745696173802,0.0,0,0
candidate_047,2026-04-14 16:23:42+00:00,2026-04-28 16:23:42+00:00,0,treatment,0.00033940927576415374,0.0,0,0
company_019,2026-04-14 16:27:42+00:00,2026-04-28 16:27:42+00:00,0,treatment,4.9775761943376486e-05,0.0,0,0
company_015,2026-04-14 16:33:25+00:00,2026-04-28 16:33:25+00:00,0,control,0.004573413560232333,0.0,0,0
candidate_022,2026-04-14 16:44:35+00:00,2026-04-28 16:44:35+00:00,0,control,0.5041854748025736,0.0,0,0
candidate_064,2026-04-14 16:58:23+00:00,2026-04-28 16:58:23+00:00,0,control,0.0014477275734607303,0.0,0,0
candidate_059,2026-04-14 17:30:55+00:00,2026-04-28 17:30:55+00:00,0,treatment,0.0009626983470336566,0.0,0,0
company_001,2026-04-14 17:45:05+00:00,2026-04-28 17:45:05+00:00,0,treatment,0.0008816779995024154,0.0,0,0
candidate_037,2026-04-14 17:48:34+00:00,2026-04-28 17:48:34+00:00,0,control,0.017589243833833593,0.0,0,0
candidate_038,2026-04-14 18:20:53+00:00,2026-04-28 18:20:53+00:00,0,treatment,0.1530760199327416,0.0,0,0
candidate_030,2026-04-14 18:40:32+00:00,2026-04-28 18:40:32+00:00,0,control,0.3135321068825619,0.0,0,0
candidate_040,2026-04-14 18:42:27+00:00,2026-04-28 18:42:27+00:00,0,control,0.18124452282555517,0.0,0,0
candidate_057,2026-04-14 18:47:55+00:00,2026-04-28 18:47:55+00:00,0,treatment,0.6882829018479025,0.0,0,0
candidate_047,2026-04-14 18:54:46+00:00,2026-04-28 18:54:46+00:00,0,treatment,0.00017237097943573649,0.0,0,0
candidate_014,2026-04-14 19:00:06+00:00,2026-04-28 19:00:06+00:00,0,treatment,0.8885188152297046,0.0,0,0
company_006,2026-04-14 19:14:54+00:00,2026-04-28 19:14:54+00:00,0,treatment,0.729056837597089,0.0,0,0
company_022,2026-04-14 19:28:58+00:00,2026-04-28 19:28:58+00:00,0,treatment,0.05114103316569992,0.0,0,0
company_009,2026-04-14 19:31:35+00:00,2026-04-28 19:31:35+00:00,0,treatment,0.02262990566692354,0.0,0,0
candidate_041,2026-04-14 19:42:09+00:00,2026-04-28 19:42:09+00:00,0,treatment,0.3620489156794289,0.0,0,0
candidate_060,2026-04-14 19:50:15+00:00,2026-04-28 19:50:15+00:00,0,control,0.8605188610411237,0.0,0,0
candidate_047,2026-04-14 19:55:51+00:00,2026-04-28 19:55:51+00:00,0,treatment,8.75324086073536e-05,0.0,0,0
candidate_064,2026-04-14 19:56:36+00:00,2026-04-28 19:56:36+00:00,0,control,0.0007356382802539293,0.0,0,0
company_001,2026-04-14 20:04:24+00:00,2026-04-28 20:04:24+00:00,0,treatment,0.0004478848817735295,0.0,0,0
company_015,2026-04-14 20:06:02+00:00,2026-04-28 20:06:02+00:00,0,control,0.004573413560232333,0.0,0,0
candidate_056,2026-04-14 20:22:52+00:00,2026-04-28 20:22:52+00:00,0,control,0.030342998238383292,0.0,0,0
candidate_038,2026-04-14 20:27:16+00:00,2026-04-28 20:27:16+00:00,0,treatment,0.05509244592799406,0.0,0,0
candidate_021,2026-04-14 20:31:07+00:00,2026-04-28 20:31:07+00:00,0,control,7.7414230941852e-05,0.0,0,0
candidate_028,2026-04-14 20:40:44+00:00,2026-04-28 20:40:44+00:00,0,control,0.4238939772990027,0.0,0,0
candidate_009,2026-04-14 20:47:37+00:00,2026-04-28 20:47:37+00:00,0,treatment,0.00014380281883167372,0.0,0,0
candidate_013,2026-04-14 20:55:19+00:00,2026-04-28 20:55:19+00:00,0,control,0.000720495077933242,0.0,0,0
candidate_009,2026-04-14 20:57:40+00:00,2026-04-28 20:57:40+00:00,0,treatment,7.302406774297458e-05,0.0,0,0
company_009,2026-04-14 20:59:12+00:00,2026-04-28 20:59:12+00:00,0,treatment,0.011620248533509714,0.0,0,0
company_001,2026-04-14 21:03:49+00:00,2026-04-28 21:03:49+00:00,0,treatment,0.00023327963902203136,0.0,0,0
candidate_038,2026-04-14 21:08:54+00:00,2026-04-28 21:08:54+00:00,0,treatment,0.02875410210646632,0.0,0,0
candidate_024,2026-04-14 21:26:30+00:00,2026-04-28 21:26:30+00:00,0,treatment,0.000647039745360747,0.0,0,0
candidate_039,2026-04-14 21:26:57+00:00,2026-04-28 21:26:57+00:00,0,control,0.2816311965523192,0.0,0,0
company_024,2026-04-14 21:27:09+00:00,2026-04-28 21:27:09+00:00,0,control,0.06860100087393876,0.0,0,0
candidate_001,2026-04-14 21:41:09+00:00,2026-04-28 21:41:09+00:00,0,treatment,0.0007029929634677507,0.0,0,0
candidate_015,2026-04-14 21:46:15+00:00,2026-04-28 21:46:15+00:00,0,control,0.974136761471796,0.0,1,0
candidate_041,2026-04-14 21:51:21+00:00,2026-04-28 21:51:21+00:00,0,treatment,0.1563982846157519,0.0,0,0
company_008,2026-04-14 21:52:45+00:00,2026-04-28 21:52:45+00:00,0,control,0.008054848280095702,0.0,0,0
candidate_030,2026-04-14 21:56:02+00:00,2026-04-28 21:56:02+00:00,0,control,0.19018992448342828,0.0,0,0
candidate_008,2026-04-15 08:10:29+00:00,2026-04-29 08:10:29+00:00,0,control,0.7137197562704559,0.0,0,0
candidate_030,2026-04-15 08:25:25+00:00,2026-04-29 08:25:25+00:00,0,control,0.23344794000747196,0.0,0,0
candidate_048,2026-04-15 08:38:00+00:00,2026-04-29 08:38:00+00:00,0,control,0.5540206866626386,0.0,0,0
candidate_008,2026-04-15 08:41:16+00:00,2026-04-29 08:41:16+00:00,0,control,0.5586769940388897,0.0,0,0
company_010,2026-04-15 08:50:03+00:00,2026-04-29 08:50:03+00:00,0,treatment,0.5470060361974989,0.0,0,0
company_015,2026-04-15 08:52:05+00:00,2026-04-29 08:52:05+00:00,0,control,0.0037705681021142573,0.0,0,0
company_018,2026-04-15 08:59:23+00:00,2026-04-29 08:59:23+00:00,0,treatment,0.40616645481733993,0.0,0,0
candidate_031,2026-04-15 09:02:57+00:00,2026-04-29 09:02:57+00:00,0,treatment,0.846193468551313,0.0,0,0
company_015,2026-04-15 09:05:23+00:00,2026-04-29 09:05:23+00:00,0,control,0.00191814512005375,0.0,0,0
candidate_043,2026-04-15 09:18:38+00:00,2026-04-29 09:18:38+00:00,0,control,0.5016859887542336,0.0,0,0
company_026,2026-04-15 09:20:58+00:00,2026-04-29 09:20:58+00:00,0,control,0.8993034114932519,0.0,1,0
candidate_065,2026-04-15 09:24:15+00:00,2026-04-29 09:24:15+00:00,0,control,0.03288243432984372,0.0,0,0
candidate_064,2026-04-15 09:26:51+00:00,2026-04-29 09:26:51+00:00,0,control,0.0015463371830390941,0.0,0,0
candidate_013,2026-04-15 09:29:20+00:00,2026-04-29 09:29:20+00:00,0,control,0.002454806605793822,0.0,0,0
company_015,2026-04-15 09:31:04+00:00,2026-04-29 09:31:04+00:00,0,control,0.0009748989020366974,0.0,0,0
candidate_055,2026-04-15 09:32:48+00:00,2026-04-29 09:32:48+00:00,0,treatment,0.0006274186026181135,0.0,0,0
candidate_022,2026-04-15 09:49:49+00:00,2026-04-29 09:49:49+00:00,0,control,0.5687064243280429,0.0,0,0
candidate_055,2026-04-15 10:01:00+00:00,2026-04-29 10:01:00+00:00,0,treatment,0.00031868338135019594,0.0,0,0
candidate_003,2026-04-15 10:08:17+00:00,2026-04-29 10:08:17+00:00,0,control,0.002472094221211962,0.0,0,0
candidate_014,2026-04-15 10:11:21+00:00,2026-04-29 10:11:21+00:00,0,treatment,0.9141775308039726,0.0,1,0
candidate_055,2026-04-15 10:13:04+00:00,2026-04-29 10:13:04+00:00,0,treatment,0.00016184356174113397,0.0,0,0
candidate_037,2026-04-15 10:16:27+00:00,2026-04-29 10:16:27+00:00,0,control,0.009283076840275005,0.0,0,0
candidate_014,2026-04-15 10:20:43+00:00,2026-04-29 10:20:43+00:00,0,treatment,0.843963485729762,0.0,0,0
company_022,2026-04-15 10:35:40+00:00,2026-04-29 10:35:40+00:00,0,treatment,0.10183905502921933,0.0,0,0
candidate_002,2026-04-15 10:53:44+00:00,2026-04-29 10:53:44+00:00,0,treatment,0.40414802750190404,0.0,0,0
company_027,2026-04-15 11:12:56+00:00,2026-04-29 11:12:56+00:00,0,treatment,0.8913544038723639,0.0,0,0
company_026,2026-04-15 11:17:58+00:00,2026-04-29 11:17:58+00:00,0,control,0.8193254159145511,0.0,0,0
candidate_055,2026-04-15 11:37:06+00:00,2026-04-29 11:37:06+00:00,0,treatment,8.218601186599595e-05,0.0,0,0
candidate_001,2026-04-15 11:40:43+00:00,2026-04-29 11:40:43+00:00,0,treatment,0.0011061235045577537,0.0,0,0
candidate_009,2026-04-15 11:41:19+00:00,2026-04-29 11:41:19+00:00,0,treatment,9.759326195839715e-05,0.0,0,0
candidate_024,2026-04-15 11:51:27+00:00,2026-04-29 11:51:27+00:00,0,treatment,0.0013602328984614717,0.0,0,0
candidate_040,2026-04-15 11:55:43+00:00,2026-04-29 11:55:43+00:00,0,control,0.22965014158128094,0.0,0,0
company_006,2026-04-15 11:59:04+00:00,2026-04-29 11:59:04+00:00,0,treatment,0.7772437150672413,0.0,0,0
company_013,2026-04-15 12:06:57+00:00,2026-04-29 12:06:57+00:00,0,treatment,0.5226744021064686,0.0,0,0
candidate_070,2026-04-15 12:12:11+00:00,2026-04-29 12:12:11+00:00,0,control,0.0375170104129191,0.0,0,0
candidate_023,2026-04-15 12:20:16+00:00,2026-04-29 12:20:16+00:00,0,treatment,0.8369425902763449,0.0,0,0
candidate_066,2026-04-15 12:25:50+00:00,2026-04-29 12:25:50+00:00,0,control,0.7801735776150208,0.0,0,0
candidate_003,2026-04-15 12:31:09+00:00,2026-04-29 12:31:09+00:00,0,control,0.0012567870194520449,0.0,0,0
candidate_033,2026-04-15 12:44:29+00:00,2026-04-29 12:44:29+00:00,0,treatment,0.0024058048929895995,0.0,0,0
candidate_024,2026-04-15 12:49:50+00:00,2026-04-29 12:49:50+00:00,0,treatment,0.0006911495537444759,0.0,0,0
candidate_050,2026-04-15 12:51:50+00:00,2026-04-29 12:51:50+00:00,0,treatment,0.739583848778732,0.0,0,0
company_024,2026-04-15 12:52:12+00:00,2026-04-29 12:52:12+00:00,0,control,0.0881897061755811,0.0,0,0
candidate_065,2026-04-15 12:59:04+00:00,2026-04-29 12:59:04+00:00,0,control,0.03248390484134904,0.0,0,0
candidate_059,2026-04-15 13:13:39+00:00,2026-04-29 13:13:39+00:00,0,treatment,0.0030160002169088295,0.0,0,0
candidate_070,2026-04-15 13:17:36+00:00,2026-04-29 13:17:36+00:00,0,control,0.019408464654483815,0.0,0,0
candidate_065,2026-04-15 13:17:43+00:00,2026-04-29 13:17:43+00:00,0,control,0.01676240717737365,0.0,0,0
candidate_006,2026-04-15 13:30:34+00:00,2026-04-29 13:30:34+00:00,0,control,0.8963231907753164,0.0,0,0
company_001,2026-04-15 13:39:39+00:00,2026-04-29 13:39:39+00:00,0,treatment,0.00023623824538065337,0.0,0,0
candidate_001,2026-04-15 13:40:45+00:00,2026-04-29 13:40:45+00:00,0,treatment,0.0006735482194359323,0.0,0,0
candidate_043,2026-04-15 13:51:07+00:00,2026-04-29 13:51:07+00:00,0,control,0.28021009863672575,0.0,0,0
company_018,2026-04-15 14:01:22+00:00,2026-04-29 14:01:22+00:00,0,treatment,0.3329013648220744,0.0,0,0
candidate_040,2026-04-15 14:27:02+00:00,2026-04-29 14:27:02+00:00,0,control,0.1329173689571025,0.0,0,0
company_015,2026-04-15 14:32:13+00:00,2026-04-29 14:32:13+00:00,0,control,0.0015806818206295014,0.0,0,0
candidate_066,2026-04-15 14:35:12+00:00,2026-04-29 14:35:12+00:00,0,control,0.6431249785011133,0.0,0,0
candidate_033,2026-04-15 14:35:36+00:00,2026-04-29 14:35:36+00:00,0,treatment,0.0014657048166591418,0.0,0,0
candidate_043,2026-04-15 14:53:13+00:00,2026-04-29 14:53:13+00:00,0,control,0.1650470978807847,0.0,0,0
candidate_069,2026-04-15 15:02:42+00:00,2026-04-29 15:02:42+00:00,0,control,0.3527779544536225,0.0,0,0
company_018,2026-04-15 15:16:59+00:00,2026-04-29 15:16:59+00:00,0,treatment,0.29393965734028965,0.0,0,0
candidate_056,2026-04-15 15:18:25+00:00,2026-04-29 15:18:25+00:00,0,control,0.10143760764465677,0.0,0,0
candidate_008,2026-04-15 15:19:30+00:00,2026-04-29 15:19:30+00:00,0,control,0.4413995342180712,0.0,0,0
candidate_023,2026-04-15 15:27:11+00:00,2026-04-29 15:27:11+00:00,0,treatment,0.722706840734977,0.0,0,0
candidate_052,2026-04-15 15:41:22+00:00,2026-04-29 15:41:22+00:00,0,treatment,0.6894768731841624,0.0,0,0
candidate_059,2026-04-15 15:48:19+00:00,2026-04-29 15:48:19+00:00,0,treatment,0.002627160707876187,0.0,0,0
company_013,2026-04-15 15:49:41+00:00,2026-04-29 15:49:41+00:00,0,treatment,0.3573315513689529,0.0,0,0
candidate_028,2026-04-15 16:04:01+00:00,2026-04-29 16:04:01+00:00,0,control,0.6497962207499743,0.0,0,0
candidate_065,2026-04-15 16:10:35+00:00,2026-04-29 16:10:35+00:00,0,control,0.01676240717737365,0.0,0,0
company_011,2026-04-15 16:27:54+00:00,2026-04-29 16:27:54+00:00,0,control,0.848890120823218,0.0,0,0
candidate_018,2026-04-15 16:29:41+00:00,2026-04-29 16:29:41+00:00,0,control,0.683911353613587,0.0,0,0
candidate_006,2026-04-15 16:40:40+00:00,2026-04-29 16:40:40+00:00,0,control,0.8631575434689877,0.0,0,0
company_026,2026-04-15 16:56:59+00:00,2026-04-29 16:56:59+00:00,0,control,0.7679065803171118,0.0,0,0
candidate_065,2026-04-15 17:02:22+00:00,2026-04-29 17:02:22+00:00,0,control,0.00858227585640117,0.0,0,0
company_019,2026-04-15 17:06:56+00:00,2026-04-29 17:06:56+00:00,0,treatment,0.00015624507280228954,0.0,0,0
candidate_059,2026-04-15 17:07:38+00:00,2026-04-29 17:07:38+00:00,0,treatment,0.0013357232878831002,0.0,0,0
candidate_024,2026-04-15 17:17:54+00:00,2026-04-29 17:17:54+00:00,0,treatment,0.0005694310031007016,0.0,0,0
company_019,2026-04-15 17:21:34+00:00,2026-04-29 17:21:34+00:00,0,treatment,9.510643993664096e-05,0.0,0,0
candidate_002,2026-04-15 17:24:09+00:00,2026-04-29 17:24:09+00:00,0,treatment,0.33104405749110866,0.0,0,0
company_001,2026-04-15 17:24:52+00:00,2026-04-29 17:24:52+00:00,0,treatment,0.00012303157394050833,0.0,0,0
company_022,2026-04-15 17:25:24+00:00,2026-04-29 17:25:24+00:00,0,treatment,0.08641697440574546,0.0,0,0
company_001,2026-04-15 17:28:25+00:00,2026-04-29 17:28:25+00:00,0,treatment,6.247564686400553e-05,0.0,0,0
candidate_031,2026-04-15 17:44:29+00:00,2026-04-29 17:44:29+00:00,0,treatment,0.7722690565808329,0.0,0,0
candidate_052,2026-04-15 17:44:54+00:00,2026-04-29 17:44:54+00:00,0,treatment,0.7914496808331457,0.0,0,0
company_018,2026-04-15 17:52:58+00:00,2026-04-29 17:52:58+00:00,0,treatment,0.17450195386669004,0.0,0,0
company_027,2026-04-15 17:59:08+00:00,2026-04-29 17:59:08+00:00,0,treatment,0.8110944070796214,0.0,0,0
company_019,2026-04-15 18:17:03+00:00,2026-04-29 18:17:03+00:00,0,treatment,4.829455145512721e-05,0.0,0,0
candidate_021,2026-04-15 18:19:27+00:00,2026-04-29 18:19:27+00:00,0,control,0.0006786877529938895,0.0,0,0
candidate_002,2026-04-15 18:21:56+00:00,2026-04-29 18:21:56+00:00,0,treatment,0.24088564419681235,0.0,0,0
candidate_059,2026-04-15 18:33:33+00:00,2026-04-29 18:33:33+00:00,0,treatment,0.0006872914356586053,0.0,0,0
candidate_006,2026-04-15 18:47:40+00:00,2026-04-29 18:47:40+00:00,0,control,0.762066421032873,0.0,0,0
company_013,2026-04-15 18:51:36+00:00,2026-04-29 18:51:36+00:00,0,treatment,0.22016765238410688,0.0,0,0
company_006,2026-04-15 18:56:19+00:00,2026-04-29 18:56:19+00:00,0,treatment,0.6392132199964642,0.0,0,0
candidate_031,2026-04-15 18:57:13+00:00,2026-04-29 18:57:13+00:00,0,treatment,0.687704767692696,0.0,0,0
company_006,2026-04-15 18:58:32+00:00,2026-04-29 18:58:32+00:00,0,treatment,0.4735811711767204,0.0,0,0
candidate_009,2026-04-15 19:04:55+00:00,2026-04-29 19:04:55+00:00,0,treatment,0.0001980745748590458,0.0,0,0
company_001,2026-04-15 19:11:08+00:00,2026-04-29 19:11:08+00:00,0,treatment,3.172429627706935e-05,0.0,0,0
candidate_033,2026-04-15 19:14:24+00:00,2026-04-29 19:14:24+00:00,0,treatment,0.0009039459664233985,0.0,0,0
candidate_059,2026-04-15 19:14:24+00:00,2026-04-29 19:14:24+00:00,0,treatment,0.00034910475235495425,0.0,0,0
candidate_014,2026-04-15 19:19:54+00:00,2026-04-29 19:19:54+00:00,0,treatment,0.7670144075890963,0.0,0,0
candidate_037,2026-04-15 19:44:04+00:00,2026-04-29 19:44:04+00:00,0,control,0.0098496923517287,0.0,0,0
candidate_052,2026-04-15 19:50:12+00:00,2026-04-29 19:50:12+00:00,0,treatment,0.5504001868425891,0.0,0,0
candidate_010,2026-04-15 19:51:33+00:00,2026-04-29 19:51:33+00:00,1,treatment,0.5913086179494407,0.0,0,0
candidate_023,2026-04-15 19:51:49+00:00,2026-04-29 19:51:49+00:00,0,treatment,0.5695961454675674,0.0,0,0
candidate_024,2026-04-15 19:55:41+00:00,2026-04-29 19:55:41+00:00,0,treatment,0.0005623018960273704,0.0,0,0
candidate_070,2026-04-15 19:56:06+00:00,2026-04-29 19:56:06+00:00,0,control,0.019649835808978555,0.0,0,0
company_010,2026-04-15 20:00:56+00:00,2026-04-29 20:00:56+00:00,0,treatment,0.4015253346762145,0.0,0,0
candidate_035,2026-04-15 20:07:03+00:00,2026-04-29 20:07:03+00:00,0,control,0.49242614788866296,0.0,0,0
candidate_064,2026-04-15 20:09:47+00:00,2026-04-29 20:09:47+00:00,0,control,0.000598501772418894,0.0,0,0
company_005,2026-04-15 20:52:17+00:00,2026-04-29 20:52:17+00:00,0,control,0.8130313418333902,0.0,0,0
company_015,2026-04-15 21:08:37+00:00,2026-04-29 21:08:37+00:00,0,control,0.0013357232878831002,0.0,0,0
candidate_024,2026-04-15 21:20:02+00:00,2026-04-29 21:20:02+00:00,0,treatment,0.00021750463196476902,0.0,0,0
candidate_001,2026-04-15 21:21:54+00:00,2026-04-29 21:21:54+00:00,0,treatment,0.0002705932215413149,0.0,0,0
candidate_001,2026-04-15 21:34:02+00:00,2026-04-29 21:34:02+00:00,0,treatment,0.00013916068061220084,0.0,0,0
company_027,2026-04-15 21:37:10+00:00,2026-04-29 21:37:10+00:00,0,treatment,0.6855534419745981,0.0,0,0
candidate_047,2026-04-15 21:43:40+00:00,2026-04-29 21:43:40+00:00,0,treatment,0.001282415488250243,0.0,0,0
company_019,2026-04-15 21:49:46+00:00,2026-04-29 21:49:46+00:00,0,treatment,4.1525258141327575e-05,0.0,0,0
company_022,2026-04-15 21:59:31+00:00,2026-04-29 21:59:31+00:00,0,treatment,0.030342998238383292,0.0,0,0
candidate_051,2026-04-16 08:02:23+00:00,2026-04-30 08:02:23+00:00,0,control,0.7923283390128598,0.0,0,0
company_009,2026-04-16 08:09:05+00:00,2026-04-30 08:09:05+00:00,0,treatment,0.02547685636433093,0.0,0,0
candidate_066,2026-04-16 08:23:12+00:00,2026-04-30 08:23:12+00:00,0,control,0.600540786995042,0.0,0,0
company_024,2026-04-16 08:24:32+00:00,2026-04-30 08:24:32+00:00,0,control,0.08718128784439332,0.0,0,0
candidate_047,2026-04-16 08:34:07+00:00,2026-04-30 08:34:07+00:00,0,treatment,0.001662293066093811,0.0,0,0
candidate_009,2026-04-16 08:34:20+00:00,2026-04-30 08:34:20+00:00,0,treatment,0.00026338663865851486,0.0,0,0
candidate_021,2026-04-16 08:34:48+00:00,2026-04-30 08:34:48+00:00,0,control,0.0005591626257199283,0.0,0,0
candidate_030,2026-04-16 08:53:34+00:00,2026-04-30 08:53:34+00:00,0,control,0.29084309825703925,0.0,0,0
candidate_040,2026-04-16 08:54:36+00:00,2026-04-30 08:54:36+00:00,0,control,0.25183065885442446,0.0,0,0
candidate_005,2026-04-16 08:58:33+00:00,2026-04-30 08:58:33+00:00,0,control,0.03392351017902672,0.0,0,0
candidate_040,2026-04-16 09:03:47+00:00,2026-04-30 09:03:47+00:00,0,control,0.14596600803012147,0.0,0,0
candidate_003,2026-04-16 09:08:19+00:00,2026-04-30 09:08:19+00:00,0,control,0.005889663642781064,0.0,0,0
candidate_059,2026-04-16 09:15:07+00:00,2026-04-30 09:15:07+00:00,0,treatment,0.00045838141739272797,0.0,0,0
candidate_013,2026-04-16 09:17:36+00:00,2026-04-30 09:17:36+00:00,0,control,0.007899425093688588,0.0,0,0
candidate_037,2026-04-16 09:31:42+00:00,2026-04-30 09:31:42+00:00,0,control,0.015417065652872397,0.0,0,0
company_018,2026-04-16 09:58:54+00:00,2026-04-30 09:58:54+00:00,0,treatment,0.25298170951269533,0.0,0,0
company_009,2026-04-16 10:00:52+00:00,2026-04-30 10:00:52+00:00,0,treatment,0.013100697033241385,0.0,0,0
company_015,2026-04-16 10:03:24+00:00,2026-04-30 10:03:24+00:00,0,control,0.0018069688225036645,0.0,0,0
company_008,2026-04-16 10:11:32+00:00,2026-04-30 10:11:32+00:00,0,control,0.03351280025940083,0.0,0,0
candidate_015,2026-04-16 10:18:02+00:00,2026-04-30 10:18:02+00:00,0,control,0.9758262579634768,0.0,1,0
company_013,2026-04-16 10:29:56+00:00,2026-04-30 10:29:56+00:00,0,treatment,0.3726249183084148,0.0,0,0
company_022,2026-04-16 10:38:24+00:00,2026-04-30 10:38:24+00:00,0,treatment,0.039470251502766604,0.0,0,0
company_015,2026-04-16 10:41:55+00:00,2026-04-30 10:41:55+00:00,0,control,0.0009183431503871983,0.0,0,0
candidate_005,2026-04-16 10:49:34+00:00,2026-04-30 10:49:34+00:00,0,control,0.01773617476430573,0.0,0,0
company_009,2026-04-16 10:51:56+00:00,2026-04-30 10:51:56+00:00,0,treatment,0.006695328941006347,0.0,0,0
company_007,2026-04-16 11:01:54+00:00,2026-04-30 11:01:54+00:00,0,control,0.4324875336990099,0.0,0,0
candidate_025,2026-04-16 11:07:35+00:00,2026-04-30 11:07:35+00:00,0,control,0.9804389902499105,0.0,1,0
company_008,2026-04-16 11:08:56+00:00,2026-04-30 11:08:56+00:00,0,control,0.027771487801135007,0.0,0,0
company_011,2026-04-16 11:09:45+00:00,2026-04-30 11:09:45+00:00,0,control,0.8241451851161853,0.0,0,0
company_019,2026-04-16 11:22:02+00:00,2026-04-30 11:22:02+00:00,0,treatment,0.00012551237390603302,0.0,0,0
candidate_047,2026-04-16 11:26:51+00:00,2026-04-30 11:26:51+00:00,0,treatment,0.0008447553890428495,0.0,0,0
company_001,2026-04-16 11:28:42+00:00,2026-04-30 11:28:42+00:00,0,treatment,4.931029256246494e-05,0.0,0,0
candidate_033,2026-04-16 11:32:55+00:00,2026-04-30 11:32:55+00:00,0,treatment,0.0014584064754452704,0.0,0,0
company_022,2026-04-16 11:35:01+00:00,2026-04-30 11:35:01+00:00,0,treatment,0.0327429029399413,0.0,0,0
candidate_065,2026-04-16 11:48:54+00:00,2026-04-30 11:48:54+00:00,0,control,0.010529484879999017,0.0,0,0
company_011,2026-04-16 11:57:08+00:00,2026-04-30 11:57:08+00:00,0,control,0.7041134143288516,0.0,0,0
candidate_047,2026-04-16 12:01:49+00:00,2026-04-30 12:01:49+00:00,0,treatment,0.0004291207091112059,0.0,0,0
company_013,2026-04-16 12:06:27+00:00,2026-04-30 12:06:27+00:00,0,treatment,0.23170709450640684,0.0,0,0
company_011,2026-04-16 12:10:54+00:00,2026-04-30 12:10:54+00:00,0,control,0.5471689359347801,0.0,0,0
company_018,2026-04-16 12:14:40+00:00,2026-04-30 12:14:40+00:00,0,treatment,0.11578797639079806,0.0,0,0
candidate_059,2026-04-16 12:16:50+00:00,2026-04-30 12:16:50+00:00,0,treatment,0.00038727850724006,0.0,0,0
candidate_006,2026-04-16 12:23:26+00:00,2026-04-30 12:23:26+00:00,0,control,0.8362136747250077,0.0,0,0
company_007,2026-04-16 12:33:30+00:00,2026-04-30 12:33:30+00:00,0,control,0.3693891952752636,0.0,0,0
candidate_030,2026-04-16 12:34:53+00:00,2026-04-30 12:34:53+00:00,0,control,0.28824996663976915,0.0,0,0
company_019,2026-04-16 12:41:31+00:00,2026-04-30 12:41:31+00:00,0,treatment,0.00010470958063762854,0.0,0,0
candidate_013,2026-04-16 13:05:04+00:00,2026-04-30 13:05:04+00:00,0,control,0.004077629948021235,0.0,0,0
candidate_031,2026-04-16 13:07:02+00:00,2026-04-30 13:07:02+00:00,0,treatment,0.7406296392162685,0.0,0,0
candidate_025,2026-04-16 13:12:42+00:00,2026-04-30 13:12:42+00:00,0,control,0.9621936038089947,0.0,1,0
candidate_003,2026-04-16 13:16:15+00:00,2026-04-30 13:16:15+00:00,0,control,0.001956117145432482,0.0,0,0
company_007,2026-04-16 13:25:24+00:00,2026-04-30 13:25:24+00:00,0,control,0.27305026245549247,0.0,0,0
company_024,2026-04-16 13:31:19+00:00,2026-04-30 13:31:19+00:00,0,control,0.07500891734346699,0.0,0,0
candidate_005,2026-04-16 13:32:05+00:00,2026-04-30 13:32:05+00:00,0,control,0.00908523134205088,0.0,0,0
candidate_030,2026-04-16 13:33:06+00:00,2026-04-30 13:33:06+00:00,0,control,0.11554649544777024,0.0,0,0
candidate_037,2026-04-16 13:36:04+00:00,2026-04-30 13:36:04+00:00,0,control,0.018423941002879776,0.0,0,0
company_015,2026-04-16 13:40:56+00:00,2026-04-30 13:40:56+00:00,0,control,0.0012269738151720344,0.0,0,0
candidate_043,2026-04-16 13:53:59+00:00,2026-04-30 13:53:59+00:00,0,control,0.27165608972251837,0.0,0,0
candidate_038,2026-04-16 14:10:00+00:00,2026-04-30 14:10:00+00:00,0,treatment,0.09048176838391875,0.0,0,0
company_005,2026-04-16 14:10:46+00:00,2026-04-30 14:10:46+00:00,0,control,0.8509748613411672,0.0,0,0
candidate_070,2026-04-16 14:18:04+00:00,2026-04-30 14:18:04+00:00,0,control,0.0375170104129191,0.0,0,0
candidate_048,2026-04-16 14:19:19+00:00,2026-04-30 14:19:19+00:00,0,control,0.7635229979076189,0.0,0,0
candidate_003,2026-04-16 14:19:30+00:00,2026-04-30 14:19:30+00:00,0,control,0.00099421681689714,0.0,0,0
candidate_038,2026-04-16 14:36:14+00:00,2026-04-30 14:36:14+00:00,0,treatment,0.0480856429959541,0.0,0,0
candidate_037,2026-04-16 14:39:13+00:00,2026-04-30 14:39:13+00:00,0,control,0.015226880675539388,0.0,0,0
candidate_047,2026-04-16 14:43:58+00:00,2026-04-30 14:43:58+00:00,0,treatment,0.0003535318098023994,0.0,0,0
candidate_048,2026-04-16 14:46:46+00:00,2026-04-30 14:46:46+00:00,0,control,0.621134770526029,0.0,0,0
candidate_031,2026-04-16 14:53:16+00:00,2026-04-30 14:53:16+00:00,0,treatment,0.59486756794531,0.0,0,0
company_022,2026-04-16 14:54:53+00:00,2026-04-30 14:54:53+00:00,0,treatment,0.017108942953279072,0.0,0,0
candidate_005,2026-04-16 15:02:18+00:00,2026-04-30 15:02:18+00:00,0,control,0.0046924486324401654,0.0,0,0
company_022,2026-04-16 15:07:09+00:00,2026-04-30 15:07:09+00:00,0,treatment,0.008761207465496986,0.0,0,0
candidate_021,2026-04-16 15:09:47+00:00,2026-04-30 15:09:47+00:00,0,control,0.00034041619865857176,0.0,0,0
candidate_021,2026-04-16 15:13:14+00:00,2026-04-30 15:13:14+00:00,0,control,0.00017288243679916825,0.0,0,0
candidate_060,2026-04-16 15:18:27+00:00,2026-04-30 15:18:27+00:00,0,control,0.955204328682423,0.0,1,0
candidate_056,2026-04-16 15:24:13+00:00,2026-04-30 15:24:13+00:00,0,control,0.2794245118646732,0.0,0,0
candidate_024,2026-04-16 15:24:39+00:00,2026-04-30 15:24:39+00:00,0,treatment,0.000498043740150046,0.0,0,0
company_026,2026-04-16 15:29:30+00:00,2026-04-30 15:29:30+00:00,0,control,0.8713928421709815,0.0,0,0
candidate_009,2026-04-16 15:42:55+00:00,2026-04-30 15:42:55+00:00,0,treatment,0.0003117505510650548,0.0,0,0
candidate_037,2026-04-16 15:48:34+00:00,2026-04-30 15:48:34+00:00,0,control,0.007790156280793505,0.0,0,0
company_013,2026-04-16 15:52:53+00:00,2026-04-30 15:52:53+00:00,0,treatment,0.1620490658075085,0.0,0,0
candidate_024,2026-04-16 16:03:38+00:00,2026-04-30 16:03:38+00:00,0,treatment,0.0002529541721020325,0.0,0,0
candidate_038,2026-04-16 16:16:33+00:00,2026-04-30 16:16:33+00:00,0,treatment,0.047511905431308524,0.0,0,0
company_003,2026-04-16 16:18:09+00:00,2026-04-30 16:18:09+00:00,0,control,0.891575071555252,0.0,0,0
candidate_059,2026-04-16 16:47:38+00:00,2026-04-30 16:47:38+00:00,0,treatment,0.00019918088066030762,0.0,0,0
company_006,2026-04-16 16:49:21+00:00,2026-04-30 16:49:21+00:00,0,treatment,0.5735172790097868,0.0,0,0
candidate_060,2026-04-16 16:50:32+00:00,2026-04-30 16:50:32+00:00,0,control,0.9154512645423902,0.0,1,0
candidate_038,2026-04-16 16:50:41+00:00,2026-04-30 16:50:41+00:00,0,treatment,0.024702886926053234,0.0,0,0
candidate_005,2026-04-16 16:51:32+00:00,2026-04-30 16:51:32+00:00,0,control,0.002388205439135687,0.0,0,0
company_019,2026-04-16 16:52:19+00:00,2026-04-30 16:52:19+00:00,0,treatment,0.00017420228832178294,0.0,0,0
candidate_041,2026-04-16 16:57:10+00:00,2026-04-30 16:57:10+00:00,0,treatment,0.3730232081529886,0.0,0,0
candidate_070,2026-04-16 17:05:48+00:00,2026-04-30 17:05:48+00:00,0,control,0.0231754807775147,0.0,0,0
candidate_044,2026-04-16 17:06:45+00:00,2026-04-30 17:06:45+00:00,0,control,0.5913086179494407,0.0,0,0
candidate_025,2026-04-16 17:16:31+00:00,2026-04-30 17:16:31+00:00,0,control,0.9281766627892247,0.0,1,0
candidate_009,2026-04-16 17:32:57+00:00,2026-04-30 17:32:57+00:00,0,treatment,0.00030784653303195497,0.0,0,0
candidate_003,2026-04-16 17:39:12+00:00,2026-04-30 17:39:12+00:00,0,control,0.0005050816294198914,0.0,0,0
candidate_065,2026-04-16 17:40:57+00:00,2026-04-30 17:40:57+00:00,0,control,0.027922298827885727,0.0,0,0
company_001,2026-04-16 17:45:36+00:00,2026-04-30 17:45:36+00:00,0,treatment,4.869262508647402e-05,0.0,0,0
candidate_070,2026-04-16 17:47:06+00:00,2026-04-30 17:47:06+00:00,0,control,0.011903629041554347,0.0,0,0
candidate_070,2026-04-16 17:55:04+00:00,2026-04-30 17:55:04+00:00,0,control,0.006079941704045326,0.0,0,0
candidate_033,2026-04-16 18:00:00+00:00,2026-04-30 18:00:00+00:00,0,treatment,0.0007114760398648037,0.0,0,0
company_009,2026-04-16 18:05:32+00:00,2026-04-30 18:05:32+00:00,0,treatment,0.009040335775463504,0.0,0,0
company_001,2026-04-16 18:06:54+00:00,2026-04-30 18:06:54+00:00,0,treatment,2.963797335744646e-05,0.0,0,0
company_018,2026-04-16 18:33:10+00:00,2026-04-30 18:33:10+00:00,0,treatment,0.07468738098941655,0.0,0,0
candidate_057,2026-04-16 18:33:47+00:00,2026-04-30 18:33:47+00:00,0,treatment,0.7433174077054654,0.0,0,0
candidate_031,2026-04-16 18:35:34+00:00,2026-04-30 18:35:34+00:00,0,treatment,0.43021007986440735,0.0,0,0
candidate_059,2026-04-16 18:55:23+00:00,2026-04-30 18:55:23+00:00,0,treatment,0.00019668628293543588,0.0,0,0
candidate_033,2026-04-16 18:56:20+00:00,2026-04-30 18:56:20+00:00,0,treatment,0.0003613934521143529,0.0,0,0
company_009,2026-04-16 19:07:05+00:00,2026-04-30 19:07:05+00:00,0,treatment,0.002934218135600264,0.0,0,0
candidate_033,2026-04-16 19:17:11+00:00,2026-04-30 19:17:11+00:00,0,treatment,0.00018353775800156034,0.0,0,0
candidate_048,2026-04-16 19:28:13+00:00,2026-04-30 19:28:13+00:00,0,control,0.5446586359992335,0.0,0,0
company_018,2026-04-16 19:37:06+00:00,2026-04-30 19:37:06+00:00,0,treatment,0.039371511465961476,0.0,0,0
candidate_024,2026-04-16 19:37:33+00:00,2026-04-30 19:37:33+00:00,0,treatment,0.00015790994759065112,0.0,0,0
candidate_033,2026-04-16 19:45:17+00:00,2026-04-30 19:45:17+00:00,0,treatment,9.320356822638077e-05,0.0,0,0
candidate_013,2026-04-16 19:49:29+00:00,2026-04-30 19:49:29+00:00,0,control,0.0021652294137766703,0.0,0,0
company_008,2026-04-16 19:59:19+00:00,2026-04-30 19:59:19+00:00,0,control,0.014729051280012565,0.0,0,0
candidate_057,2026-04-16 20:10:45+00:00,2026-04-30 20:10:45+00:00,0,treatment,0.5952129529933997,0.0,0,0
candidate_037,2026-04-16 20:43:31+00:00,2026-04-30 20:43:31+00:00,0,control,0.0031037809684324753,0.0,0,0
company_024,2026-04-16 20:50:11+00:00,2026-04-30 20:50:11+00:00,0,control,0.03954750766228451,0.0,0,0
candidate_040,2026-04-16 21:02:16+00:00,2026-04-30 21:02:16+00:00,0,control,0.20402724946468512,0.0,0,0
company_024,2026-04-16 21:04:14+00:00,2026-04-30 21:04:14+00:00,0,control,0.020479744405458383,0.0,0,0
candidate_021,2026-04-16 21:05:26+00:00,2026-04-30 21:05:26+00:00,0,control,0.00010523429543210584,0.0,0,0
candidate_021,2026-04-16 21:39:48+00:00,2026-04-30 21:39:48+00:00,0,control,6.405488004994903e-05,0.0,0,0
